  0
SECTION
  2
HEADER
  9
$ACADVER
  1
AC1018
  9
$ACADMAINTVER
 70
    20
  9
$DWGCODEPAGE
  3
ANSI_1252
  9
$INSBASE
 10
0.0
 20
0.0
 30
0.0
  9
$EXTMIN
 10
-2.966701
 20
-9.975441
 30
0.0
  9
$EXTMAX
 10
2.966701
 20
9.775442
 30
0.0
  9
$LIMMIN
 10
-2.966701
 20
-9.975441
  9
$LIMMAX
 10
2.966701
 20
9.775442
  9
$ORTHOMODE
 70
     0
  9
$FILLMODE
 70
     1
  9
$LTSCALE
 40
1.0
  9
$TEXTSIZE
 40
0.2
  9
$TEXTSTYLE
  7
Standard
  9
$CLAYER
  8
0
  9
$CELTYPE
  6
ByLayer
  9
$CECOLOR
 62
   256
  9
$CELTSCALE
 40
1.0
  9
$DIMSTYLE
  2
Standard
  9
$LUNITS
 70
     2
  9
$LUPREC
 70
     4
  9
$AUNITS
 70
     0
  9
$AUPREC
 70
     0
  9
$HANDSEED
  5
8d5
  9
$MEASUREMENT
 70
     1
  9
$INSUNITS
 70
6
  9
$TILEMODE
 70
     1
  9
$PSLTSCALE
 70
     1
  9
$EXTNAMES
290
     1
  0
ENDSEC
  0
SECTION
  2
TABLES
  0
TABLE
  2
VPORT
  5
8
330
0
100
AcDbSymbolTable
 70
     1
  0
VPORT
  5
94
330
8
100
AcDbSymbolTableRecord
100
AcDbViewportTableRecord
  2
*Active
 70
     0
 10
0.0
 20
0.0
 11
1.0
 21
1.0
 12
0
 22
0
 13
0.0
 23
0.0
 14
1.0
 24
1.0
 15
1.0
 25
1.0
 16
0.0
 26
0.0
 36
1.0
 17
0.0
 27
0.0
 37
0.0
 40
19.750884
 41
0.300412
 42
50.0
 43
0.0
 44
0.0
 50
0.0
 51
0.0
 71
     0
 72
  1000
 73
     1
 74
     3
 75
     0
 76
     1
 77
     0
 78
     0
281
     0
 65
     1
110
0.0
120
0.0
130
0.0
111
1.0
121
0.0
131
0.0
112
0.0
122
1.0
132
0.0
 79
     0
146
0.0
1001
ACAD_NAV_VCDISPLAY
1070
     3
  0
ENDTAB
  0
TABLE
  2
LTYPE
  5
5
330
0
100
AcDbSymbolTable
 70
     2
  0
LTYPE
  5
14
330
5
100
AcDbSymbolTableRecord
100
AcDbLinetypeTableRecord
  2
ByBlock
 70
     0
  3

 72
    65
 73
     0
 40
0.0
  0
LTYPE
  5
15
330
5
100
AcDbSymbolTableRecord
100
AcDbLinetypeTableRecord
  2
ByLayer
 70
     0
  3

 72
    65
 73
     0
 40
0.0
  0
LTYPE
  5
16
330
5
100
AcDbSymbolTableRecord
100
AcDbLinetypeTableRecord
  2
Continuous
 70
     0
  3
Solid line
 72
    65
 73
     0
 40
0.0
  0
ENDTAB
  0
TABLE
  2
LAYER
  5
2
330
0
100
AcDbSymbolTable
 70
17
  0
LAYER
  5
10
330
2
100
AcDbSymbolTableRecord
100
AcDbLayerTableRecord
  2
0
 70
     0
 62
     7
  6
Continuous
370
    -3
390
F
  0
LAYER
  5
301
330
2
100
AcDbSymbolTableRecord
100
AcDbLayerTableRecord
  2
Polycam-Floor_1-Floors-Hatch
 70
0
 62
254
420
16382455
  6
Continuous
370
-3
390
F
  0
LAYER
  5
302
330
2
100
AcDbSymbolTableRecord
100
AcDbLayerTableRecord
  2
Polycam-Floor_1-Floors
 70
0
 62
254
420
16382455
  6
Continuous
370
-3
390
F
  0
LAYER
  5
303
330
2
100
AcDbSymbolTableRecord
100
AcDbLayerTableRecord
  2
Polycam-Floor_1-Objects-Furniture
 70
0
 62
45
420
11711154
  6
Continuous
370
-3
390
F
  0
LAYER
  5
304
330
2
100
AcDbSymbolTableRecord
100
AcDbLayerTableRecord
  2
Polycam-Floor_1-Objects-Fixtures
 70
0
 62
45
420
11711154
  6
Continuous
370
-3
390
F
  0
LAYER
  5
305
330
2
100
AcDbSymbolTableRecord
100
AcDbLayerTableRecord
  2
Polycam-Floor_1-Objects-Appliances
 70
0
 62
45
420
11711154
  6
Continuous
370
-3
390
F
  0
LAYER
  5
306
330
2
100
AcDbSymbolTableRecord
100
AcDbLayerTableRecord
  2
Polycam-Floor_1-Walls-Hatch
 70
0
 62
8
420
6053749
  6
Continuous
370
-3
390
F
  0
LAYER
  5
307
330
2
100
AcDbSymbolTableRecord
100
AcDbLayerTableRecord
  2
Polycam-Floor_1-Walls
 70
0
 62
8
420
6053749
  6
Continuous
370
-3
390
F
  0
LAYER
  5
308
330
2
100
AcDbSymbolTableRecord
100
AcDbLayerTableRecord
  2
Polycam-Floor_1-Openings-Doors
 70
0
 62
8
420
6053749
  6
Continuous
370
-3
390
F
  0
LAYER
  5
309
330
2
100
AcDbSymbolTableRecord
100
AcDbLayerTableRecord
  2
Polycam-Floor_1-Labels-Rooms
 70
0
 62
250
420
0
  6
Continuous
370
-3
390
F
  0
LAYER
  5
30a
330
2
100
AcDbSymbolTableRecord
100
AcDbLayerTableRecord
  2
Polycam-Floor_1-Labels-Areas
 70
0
 62
250
420
0
  6
Continuous
370
-3
390
F
  0
LAYER
  5
30b
330
2
100
AcDbSymbolTableRecord
100
AcDbLayerTableRecord
  2
Polycam-Floor_1-Dimensions-Interior
 70
0
 62
250
420
12038396
  6
Continuous
370
-3
390
F
  0
LAYER
  5
30c
330
2
100
AcDbSymbolTableRecord
100
AcDbLayerTableRecord
  2
Polycam-Floor_1-Dimensions-Exterior
 70
0
 62
255
420
0
  6
Continuous
370
-3
390
F
  0
LAYER
  5
30d
330
2
100
AcDbSymbolTableRecord
100
AcDbLayerTableRecord
  2
Polycam-Header
 70
0
 62
255
420
0
  6
Continuous
370
-3
390
F
  0
LAYER
  5
30e
330
2
100
AcDbSymbolTableRecord
100
AcDbLayerTableRecord
  2
Polycam-Compass
 70
0
 62
255
420
0
  6
Continuous
370
-3
390
F
  0
LAYER
  5
30f
330
2
100
AcDbSymbolTableRecord
100
AcDbLayerTableRecord
  2
Polycam-Logo
 70
0
 62
255
420
0
  6
Continuous
370
-3
390
F
  0
LAYER
  5
310
330
2
100
AcDbSymbolTableRecord
100
AcDbLayerTableRecord
  2
Polycam-Scalebar
 70
0
 62
255
420
0
  6
Continuous
370
-3
390
F
  0
ENDTAB
  0
TABLE
  2
STYLE
  5
3
330
0
100
AcDbSymbolTable
 70
     2
  0
STYLE
  5
11
330
3
100
AcDbSymbolTableRecord
100
AcDbTextStyleTableRecord
  2
Standard
 70
     0
 40
0.0
 41
1.0
 50
0.0
 71
     0
 42
0.2
  3
arial.ttf
  4

1001
ACAD
1000
Arial
1071
       34
  0
STYLE
  5
DC
330
3
100
AcDbSymbolTableRecord
100
AcDbTextStyleTableRecord
  2
Annotative
 70
     0
 40
0.0
 41
1.0
 50
0.0
 71
     0
 42
0.2
  3
arial.ttf
  4

1001
AcadAnnotative
1000
AnnotativeData
1002
{
1070
     1
1070
     1
1002
}
1001
ACAD
1000
Arial
1071
       34
  0
ENDTAB
  0
TABLE
  2
VIEW
  5
6
330
0
100
AcDbSymbolTable
 70
     0
  0
ENDTAB
  0
TABLE
  2
UCS
  5
7
330
0
100
AcDbSymbolTable
 70
     0
  0
ENDTAB
  0
TABLE
  2
APPID
  5
9
330
0
100
AcDbSymbolTable
 70
    10
  0
APPID
  5
12
330
9
100
AcDbSymbolTableRecord
100
AcDbRegAppTableRecord
  2
ACAD
 70
     0
  0
APPID
  5
DD
330
9
100
AcDbSymbolTableRecord
100
AcDbRegAppTableRecord
  2
AcadAnnoPO
 70
     0
  0
APPID
  5
DE
330
9
100
AcDbSymbolTableRecord
100
AcDbRegAppTableRecord
  2
AcadAnnotative
 70
     0
  0
APPID
  5
DF
330
9
100
AcDbSymbolTableRecord
100
AcDbRegAppTableRecord
  2
ACAD_DSTYLE_DIMJAG
 70
     0
  0
APPID
  5
E0
330
9
100
AcDbSymbolTableRecord
100
AcDbRegAppTableRecord
  2
ACAD_DSTYLE_DIMTALN
 70
     0
  0
APPID
  5
107
330
9
100
AcDbSymbolTableRecord
100
AcDbRegAppTableRecord
  2
ACAD_MLEADERVER
 70
     0
  0
APPID
  5
1A6
330
9
100
AcDbSymbolTableRecord
100
AcDbRegAppTableRecord
  2
ACAD_NAV_VCDISPLAY
 70
     0
  0
APPID
  5
23A
330
9
100
AcDbSymbolTableRecord
100
AcDbRegAppTableRecord
  2
ACAD_EXEMPT_FROM_CAD_STANDARDS
 70
     0
  0
APPID
  5
247
330
9
100
AcDbSymbolTableRecord
100
AcDbRegAppTableRecord
  2
GradientColor1ACI
 70
     0
  0
APPID
  5
248
330
9
100
AcDbSymbolTableRecord
100
AcDbRegAppTableRecord
  2
GradientColor2ACI
 70
     0
  0
ENDTAB
  0
TABLE
  2
DIMSTYLE
  5
A
330
0
100
AcDbSymbolTable
 70
     3
100
AcDbDimStyleTable
 71
     2
340
27
340
E1
  0
DIMSTYLE
105
27
330
A
100
AcDbSymbolTableRecord
100
AcDbDimStyleTableRecord
  2
Standard
 70
     0
340
11
  0
DIMSTYLE
105
E1
330
A
100
AcDbSymbolTableRecord
100
AcDbDimStyleTableRecord
  2
Annotative
 70
     0
 40
0.0
340
11
1001
AcadAnnotative
1000
AnnotativeData
1002
{
1070
     1
1070
     1
1002
}
1001
ACAD_DSTYLE_DIMJAG
1070
   388
1040
1.5
1001
ACAD_DSTYLE_DIMTALN
1070
   392
1070
     0
  0
ENDTAB
  0
TABLE
  2
BLOCK_RECORD
  5
1
330
0
100
AcDbSymbolTable
 70
     2
  0
BLOCK_RECORD
  5
1F
102
{ACAD_XDICTIONARY
360
15D
102
}
330
1
100
AcDbSymbolTableRecord
100
AcDbBlockTableRecord
  2
*Model_Space
340
22
  0
BLOCK_RECORD
  5
58
330
1
100
AcDbSymbolTableRecord
100
AcDbBlockTableRecord
  2
*Paper_Space
340
59
  0
BLOCK_RECORD
  5
5D
330
1
100
AcDbSymbolTableRecord
100
AcDbBlockTableRecord
  2
*Paper_Space0
340
5E
  0
ENDTAB
  0
ENDSEC
  0
SECTION
  2
BLOCKS
  0
BLOCK
  5
20
330
1F
100
AcDbEntity
  8
0
100
AcDbBlockBegin
  2
*Model_Space
 70
     0
 10
0.0
 20
0.0
 30
0.0
  3
*Model_Space
  1

  0
ENDBLK
  5
21
330
1F
100
AcDbEntity
  8
0
100
AcDbBlockEnd
  0
BLOCK
  5
5A
330
58
100
AcDbEntity
 67
     1
  8
0
100
AcDbBlockBegin
  2
*Paper_Space
 70
     0
 10
0.0
 20
0.0
 30
0.0
  3
*Paper_Space
  1

  0
ENDBLK
  5
5B
330
58
100
AcDbEntity
 67
     1
  8
0
100
AcDbBlockEnd
  0
BLOCK
  5
5F
330
5D
100
AcDbEntity
 67
     1
  8
0
100
AcDbBlockBegin
  2
*Paper_Space0
 70
     0
 10
0.0
 20
0.0
 30
0.0
  3
*Paper_Space0
  1

  0
ENDBLK
  5
60
330
5D
100
AcDbEntity
 67
     1
  8
0
100
AcDbBlockEnd
  0
ENDSEC
  0
SECTION
  2
ENTITIES
  0
LWPOLYLINE
  5
311
102
{ACAD_REACTORS
330
319
102
}
330
1F
100
AcDbEntity
  8
Polycam-Floor_1-Floors
 62
254
420
16382455
100
AcDbPolyline
 90
8
 70
0
 43
0.000000
 10
-2.452001
 20
6.026857
 10
-2.452001
 20
-8.130441
 10
2.452001
 20
-8.130441
 10
2.452001
 20
6.000381
 10
0.715652
 20
6.000381
 10
0.715652
 20
6.648516
 10
-2.452001
 20
6.648516
 10
-2.452001
 20
6.026857
  0
HATCH
  5
319
330
1F
100
AcDbEntity
  8
Polycam-Floor_1-Floors-Hatch
 62
254
420
16382455
100
AcDbHatch
 10
0.000000
 20
0.000000
 30
0.000000
210
0.000000
220
0.000000
230
1.000000
  2
SOLID
 70
1
 71
0
 91
1
 92
7
 72
0
 73
1
 93
7
 10
-2.452001
 20
6.026857
 10
-2.452001
 20
-8.130441
 10
2.452001
 20
-8.130441
 10
2.452001
 20
6.000381
 10
0.715652
 20
6.000381
 10
0.715652
 20
6.648516
 10
-2.452001
 20
6.648516
 97
0
 75
1
 76
1
 47
0.050000
 98
1
 10
0.000000
 20
-1.051792
1001
GradientColor1ACI
1070
5
1001
GradientColor2ACI
1070
2
1001
ACAD
1010
0.000000
1020
0.000000
1030
0.000000
  0
LWPOLYLINE
  5
31b
102
{ACAD_REACTORS
330
323
102
}
330
1F
100
AcDbEntity
  8
Polycam-Floor_1-Walls
 62
8
420
6053749
100
AcDbPolyline
 90
7
 70
0
 43
0.000000
 10
-2.452001
 20
6.026857
 10
-2.402001
 20
6.006855
 10
-2.126131
 20
6.296477
 10
-2.162335
 20
6.330962
 10
-2.198540
 20
6.365448
 10
-2.402001
 20
6.151844
 10
-2.452001
 20
6.026857
  0
HATCH
  5
323
330
1F
100
AcDbEntity
  8
Polycam-Floor_1-Walls-Hatch
 62
8
420
6053749
100
AcDbHatch
 10
0.000000
 20
0.000000
 30
0.000000
210
0.000000
220
0.000000
230
1.000000
  2
SOLID
 70
1
 71
0
 91
1
 92
7
 72
0
 73
1
 93
6
 10
-2.452001
 20
6.026857
 10
-2.402001
 20
6.006855
 10
-2.126131
 20
6.296477
 10
-2.162335
 20
6.330962
 10
-2.198540
 20
6.365448
 10
-2.402001
 20
6.151844
 97
0
 75
1
 76
1
 47
0.050000
 98
1
 10
-2.307168
 20
6.178910
1001
GradientColor1ACI
1070
5
1001
GradientColor2ACI
1070
2
1001
ACAD
1010
0.000000
1020
0.000000
1030
0.000000
  0
LWPOLYLINE
  5
325
102
{ACAD_REACTORS
330
32d
102
}
330
1F
100
AcDbEntity
  8
Polycam-Floor_1-Walls
 62
8
420
6053749
100
AcDbPolyline
 90
7
 70
0
 43
0.000000
 10
2.452001
 20
6.000381
 10
2.402001
 20
5.950381
 10
2.402001
 20
-8.080441
 10
2.452001
 20
-8.130441
 10
2.502001
 20
-8.180441
 10
2.502001
 20
6.050381
 10
2.452001
 20
6.000381
  0
HATCH
  5
32d
330
1F
100
AcDbEntity
  8
Polycam-Floor_1-Walls-Hatch
 62
8
420
6053749
100
AcDbHatch
 10
0.000000
 20
0.000000
 30
0.000000
210
0.000000
220
0.000000
230
1.000000
  2
SOLID
 70
1
 71
0
 91
1
 92
7
 72
0
 73
1
 93
6
 10
2.452001
 20
6.000381
 10
2.402001
 20
5.950381
 10
2.402001
 20
-8.080441
 10
2.452001
 20
-8.130441
 10
2.502001
 20
-8.180441
 10
2.502001
 20
6.050381
 97
0
 75
1
 76
1
 47
0.050000
 98
1
 10
2.452001
 20
-1.065030
1001
GradientColor1ACI
1070
5
1001
GradientColor2ACI
1070
2
1001
ACAD
1010
0.000000
1020
0.000000
1030
0.000000
  0
LWPOLYLINE
  5
32f
102
{ACAD_REACTORS
330
337
102
}
330
1F
100
AcDbEntity
  8
Polycam-Floor_1-Walls
 62
8
420
6053749
100
AcDbPolyline
 90
7
 70
0
 43
0.000000
 10
2.452001
 20
-8.130441
 10
2.402001
 20
-8.080441
 10
-2.402001
 20
-8.080441
 10
-2.452001
 20
-8.130441
 10
-2.502001
 20
-8.180441
 10
2.502001
 20
-8.180441
 10
2.452001
 20
-8.130441
  0
HATCH
  5
337
330
1F
100
AcDbEntity
  8
Polycam-Floor_1-Walls-Hatch
 62
8
420
6053749
100
AcDbHatch
 10
0.000000
 20
0.000000
 30
0.000000
210
0.000000
220
0.000000
230
1.000000
  2
SOLID
 70
1
 71
0
 91
1
 92
7
 72
0
 73
1
 93
6
 10
2.452001
 20
-8.130441
 10
2.402001
 20
-8.080441
 10
-2.402001
 20
-8.080441
 10
-2.452001
 20
-8.130441
 10
-2.502001
 20
-8.180441
 10
2.502001
 20
-8.180441
 97
0
 75
1
 76
1
 47
0.050000
 98
1
 10
0.000000
 20
-8.130441
1001
GradientColor1ACI
1070
5
1001
GradientColor2ACI
1070
2
1001
ACAD
1010
0.000000
1020
0.000000
1030
0.000000
  0
LWPOLYLINE
  5
339
102
{ACAD_REACTORS
330
341
102
}
330
1F
100
AcDbEntity
  8
Polycam-Floor_1-Walls
 62
8
420
6053749
100
AcDbPolyline
 90
7
 70
0
 43
0.000000
 10
0.715652
 20
6.000381
 10
0.665652
 20
5.950381
 10
2.402001
 20
5.950381
 10
2.452001
 20
6.000381
 10
2.502001
 20
6.050381
 10
0.765652
 20
6.050381
 10
0.715652
 20
6.000381
  0
HATCH
  5
341
330
1F
100
AcDbEntity
  8
Polycam-Floor_1-Walls-Hatch
 62
8
420
6053749
100
AcDbHatch
 10
0.000000
 20
0.000000
 30
0.000000
210
0.000000
220
0.000000
230
1.000000
  2
SOLID
 70
1
 71
0
 91
1
 92
7
 72
0
 73
1
 93
6
 10
0.715652
 20
6.000381
 10
0.665652
 20
5.950381
 10
2.402001
 20
5.950381
 10
2.452001
 20
6.000381
 10
2.502001
 20
6.050381
 10
0.765652
 20
6.050381
 97
0
 75
1
 76
1
 47
0.050000
 98
1
 10
1.583827
 20
6.000381
1001
GradientColor1ACI
1070
5
1001
GradientColor2ACI
1070
2
1001
ACAD
1010
0.000000
1020
0.000000
1030
0.000000
  0
LWPOLYLINE
  5
343
102
{ACAD_REACTORS
330
34b
102
}
330
1F
100
AcDbEntity
  8
Polycam-Floor_1-Walls
 62
8
420
6053749
100
AcDbPolyline
 90
7
 70
0
 43
0.000000
 10
0.715652
 20
6.648516
 10
0.665652
 20
6.648516
 10
0.665652
 20
5.950381
 10
0.715652
 20
6.000381
 10
0.765652
 20
6.050381
 10
0.765652
 20
6.648516
 10
0.715652
 20
6.648516
  0
HATCH
  5
34b
330
1F
100
AcDbEntity
  8
Polycam-Floor_1-Walls-Hatch
 62
8
420
6053749
100
AcDbHatch
 10
0.000000
 20
0.000000
 30
0.000000
210
0.000000
220
0.000000
230
1.000000
  2
SOLID
 70
1
 71
0
 91
1
 92
7
 72
0
 73
1
 93
6
 10
0.715652
 20
6.648516
 10
0.665652
 20
6.648516
 10
0.665652
 20
5.950381
 10
0.715652
 20
6.000381
 10
0.765652
 20
6.050381
 10
0.765652
 20
6.648516
 97
0
 75
1
 76
1
 47
0.050000
 98
1
 10
0.715652
 20
6.324449
1001
GradientColor1ACI
1070
5
1001
GradientColor2ACI
1070
2
1001
ACAD
1010
0.000000
1020
0.000000
1030
0.000000
  0
LWPOLYLINE
  5
34d
102
{ACAD_REACTORS
330
355
102
}
330
1F
100
AcDbEntity
  8
Polycam-Floor_1-Walls
 62
8
420
6053749
100
AcDbPolyline
 90
7
 70
0
 43
0.000000
 10
-2.452001
 20
-8.130441
 10
-2.402001
 20
-8.080441
 10
-2.402001
 20
6.006855
 10
-2.452001
 20
6.026857
 10
-2.502001
 20
6.026857
 10
-2.502001
 20
-8.180441
 10
-2.452001
 20
-8.130441
  0
HATCH
  5
355
330
1F
100
AcDbEntity
  8
Polycam-Floor_1-Walls-Hatch
 62
8
420
6053749
100
AcDbHatch
 10
0.000000
 20
0.000000
 30
0.000000
210
0.000000
220
0.000000
230
1.000000
  2
SOLID
 70
1
 71
0
 91
1
 92
7
 72
0
 73
1
 93
6
 10
-2.452001
 20
-8.130441
 10
-2.402001
 20
-8.080441
 10
-2.402001
 20
6.006855
 10
-2.452001
 20
6.026857
 10
-2.502001
 20
6.026857
 10
-2.502001
 20
-8.180441
 97
0
 75
1
 76
1
 47
0.050000
 98
1
 10
-2.452001
 20
-1.051792
1001
GradientColor1ACI
1070
5
1001
GradientColor2ACI
1070
2
1001
ACAD
1010
0.000000
1020
0.000000
1030
0.000000
  0
LWPOLYLINE
  5
357
102
{ACAD_REACTORS
330
35f
102
}
330
1F
100
AcDbEntity
  8
Polycam-Floor_1-Walls
 62
8
420
6053749
100
AcDbPolyline
 90
7
 70
0
 43
0.000000
 10
-2.452001
 20
6.026857
 10
-2.402001
 20
6.151844
 10
-2.402001
 20
8.080442
 10
-2.452001
 20
8.080442
 10
-2.502001
 20
8.080442
 10
-2.502001
 20
6.026857
 10
-2.452001
 20
6.026857
  0
HATCH
  5
35f
330
1F
100
AcDbEntity
  8
Polycam-Floor_1-Walls-Hatch
 62
8
420
6053749
100
AcDbHatch
 10
0.000000
 20
0.000000
 30
0.000000
210
0.000000
220
0.000000
230
1.000000
  2
SOLID
 70
1
 71
0
 91
1
 92
7
 72
0
 73
1
 93
6
 10
-2.452001
 20
6.026857
 10
-2.402001
 20
6.151844
 10
-2.402001
 20
8.080442
 10
-2.452001
 20
8.080442
 10
-2.502001
 20
8.080442
 10
-2.502001
 20
6.026857
 97
0
 75
1
 76
1
 47
0.050000
 98
1
 10
-2.452001
 20
7.053649
1001
GradientColor1ACI
1070
5
1001
GradientColor2ACI
1070
2
1001
ACAD
1010
0.000000
1020
0.000000
1030
0.000000
  0
LWPOLYLINE
  5
361
102
{ACAD_REACTORS
330
369
102
}
330
1F
100
AcDbEntity
  8
Polycam-Floor_1-Openings-Doors
 62
255
420
16777215
100
AcDbPolyline
 90
5
 70
0
 43
0.000000
 10
-1.380071
 20
-8.180441
 10
-1.380071
 20
-8.080441
 10
-2.233651
 20
-8.080441
 10
-2.233651
 20
-8.180441
 10
-1.380071
 20
-8.180441
  0
HATCH
  5
369
330
1F
100
AcDbEntity
  8
Polycam-Floor_1-Openings-Doors
 62
255
420
16777215
100
AcDbHatch
 10
0.000000
 20
0.000000
 30
0.000000
210
0.000000
220
0.000000
230
1.000000
  2
SOLID
 70
1
 71
0
 91
1
 92
7
 72
0
 73
1
 93
4
 10
-1.380071
 20
-8.180441
 10
-1.380071
 20
-8.080441
 10
-2.233651
 20
-8.080441
 10
-2.233651
 20
-8.180441
 97
0
 75
1
 76
1
 47
0.050000
 98
1
 10
-1.806861
 20
-8.130441
1001
GradientColor1ACI
1070
5
1001
GradientColor2ACI
1070
2
1001
ACAD
1010
0.000000
1020
0.000000
1030
0.000000
  0
LWPOLYLINE
  5
36b
102
{ACAD_REACTORS
330
373
102
}
330
1F
100
AcDbEntity
  8
Polycam-Compass
 62
255
420
0
100
AcDbPolyline
 90
22
 70
0
 43
0.000000
 10
2.110366
 20
9.150114
 10
2.113214
 20
9.146895
 10
2.116231
 20
9.143833
 10
2.119408
 20
9.140937
 10
2.122736
 20
9.138217
 10
2.126205
 20
9.135679
 10
2.129806
 20
9.133331
 10
2.133527
 20
9.131180
 10
2.137359
 20
9.129232
 10
2.141290
 20
9.127492
 10
2.145308
 20
9.125966
 10
2.149403
 20
9.124658
 10
2.153562
 20
9.123572
 10
2.157773
 20
9.122711
 10
2.162025
 20
9.122078
 10
2.166304
 20
9.121673
 10
2.170599
 20
9.121500
 10
2.174898
 20
9.121557
 10
2.179186
 20
9.121844
 10
2.183454
 20
9.122362
 10
2.029697
 20
8.827542
 10
2.110366
 20
9.150114
  0
HATCH
  5
373
330
1F
100
AcDbEntity
  8
Polycam-Compass
 62
255
420
0
100
AcDbHatch
 10
0.000000
 20
0.000000
 30
0.000000
210
0.000000
220
0.000000
230
1.000000
  2
SOLID
 70
1
 71
0
 91
1
 92
7
 72
0
 73
1
 93
21
 10
2.110366
 20
9.150114
 10
2.113214
 20
9.146895
 10
2.116231
 20
9.143833
 10
2.119408
 20
9.140937
 10
2.122736
 20
9.138217
 10
2.126205
 20
9.135679
 10
2.129806
 20
9.133331
 10
2.133527
 20
9.131180
 10
2.137359
 20
9.129232
 10
2.141290
 20
9.127492
 10
2.145308
 20
9.125966
 10
2.149403
 20
9.124658
 10
2.153562
 20
9.123572
 10
2.157773
 20
9.122711
 10
2.162025
 20
9.122078
 10
2.166304
 20
9.121673
 10
2.170599
 20
9.121500
 10
2.174898
 20
9.121557
 10
2.179186
 20
9.121844
 10
2.183454
 20
9.122362
 10
2.029697
 20
8.827542
 97
0
 75
1
 76
1
 47
0.050000
 98
1
 10
2.043896
 20
8.864937
1001
GradientColor1ACI
1070
5
1001
GradientColor2ACI
1070
2
1001
ACAD
1010
0.000000
1020
0.000000
1030
0.000000
  0
LWPOLYLINE
  5
375
102
{ACAD_REACTORS
330
37d
102
}
330
1F
100
AcDbEntity
  8
Polycam-Compass
 62
255
420
0
100
AcDbPolyline
 90
22
 70
0
 43
0.000000
 10
2.223065
 20
9.140171
 10
2.226284
 20
9.143019
 10
2.229346
 20
9.146036
 10
2.232242
 20
9.149213
 10
2.234962
 20
9.152541
 10
2.237500
 20
9.156010
 10
2.239848
 20
9.159611
 10
2.241999
 20
9.163333
 10
2.243947
 20
9.167164
 10
2.245687
 20
9.171095
 10
2.247213
 20
9.175114
 10
2.248521
 20
9.179208
 10
2.249607
 20
9.183367
 10
2.250468
 20
9.187579
 10
2.251101
 20
9.191830
 10
2.251506
 20
9.196110
 10
2.251679
 20
9.200405
 10
2.251622
 20
9.204703
 10
2.251334
 20
9.208992
 10
2.250817
 20
9.213259
 10
2.545637
 20
9.059502
 10
2.223065
 20
9.140171
  0
HATCH
  5
37d
330
1F
100
AcDbEntity
  8
Polycam-Compass
 62
255
420
0
100
AcDbHatch
 10
0.000000
 20
0.000000
 30
0.000000
210
0.000000
220
0.000000
230
1.000000
  2
SOLID
 70
1
 71
0
 91
1
 92
7
 72
0
 73
1
 93
21
 10
2.223065
 20
9.140171
 10
2.226284
 20
9.143019
 10
2.229346
 20
9.146036
 10
2.232242
 20
9.149213
 10
2.234962
 20
9.152541
 10
2.237500
 20
9.156010
 10
2.239848
 20
9.159611
 10
2.241999
 20
9.163333
 10
2.243947
 20
9.167164
 10
2.245687
 20
9.171095
 10
2.247213
 20
9.175114
 10
2.248521
 20
9.179208
 10
2.249607
 20
9.183367
 10
2.250468
 20
9.187579
 10
2.251101
 20
9.191830
 10
2.251506
 20
9.196110
 10
2.251679
 20
9.200405
 10
2.251622
 20
9.204703
 10
2.251334
 20
9.208992
 10
2.250817
 20
9.213259
 10
2.545637
 20
9.059502
 97
0
 75
1
 76
1
 47
0.050000
 98
1
 10
2.508242
 20
9.073701
1001
GradientColor1ACI
1070
5
1001
GradientColor2ACI
1070
2
1001
ACAD
1010
0.000000
1020
0.000000
1030
0.000000
  0
LWPOLYLINE
  5
37f
102
{ACAD_REACTORS
330
387
102
}
330
1F
100
AcDbEntity
  8
Polycam-Compass
 62
255
420
0
100
AcDbPolyline
 90
22
 70
0
 43
0.000000
 10
2.233008
 20
9.252870
 10
2.230160
 20
9.256090
 10
2.227143
 20
9.259152
 10
2.223966
 20
9.262047
 10
2.220638
 20
9.264768
 10
2.217168
 20
9.267306
 10
2.213568
 20
9.269654
 10
2.209846
 20
9.271805
 10
2.206015
 20
9.273753
 10
2.202084
 20
9.275492
 10
2.198065
 20
9.277018
 10
2.193971
 20
9.278326
 10
2.189811
 20
9.279412
 10
2.185600
 20
9.280273
 10
2.181349
 20
9.280907
 10
2.177069
 20
9.281311
 10
2.172774
 20
9.281485
 10
2.168476
 20
9.281428
 10
2.164187
 20
9.281140
 10
2.159920
 20
9.280622
 10
2.313677
 20
9.575442
 10
2.233008
 20
9.252870
  0
HATCH
  5
387
330
1F
100
AcDbEntity
  8
Polycam-Compass
 62
255
420
0
100
AcDbHatch
 10
0.000000
 20
0.000000
 30
0.000000
210
0.000000
220
0.000000
230
1.000000
  2
SOLID
 70
1
 71
0
 91
1
 92
7
 72
0
 73
1
 93
21
 10
2.233008
 20
9.252870
 10
2.230160
 20
9.256090
 10
2.227143
 20
9.259152
 10
2.223966
 20
9.262047
 10
2.220638
 20
9.264768
 10
2.217168
 20
9.267306
 10
2.213568
 20
9.269654
 10
2.209846
 20
9.271805
 10
2.206015
 20
9.273753
 10
2.202084
 20
9.275492
 10
2.198065
 20
9.277018
 10
2.193971
 20
9.278326
 10
2.189811
 20
9.279412
 10
2.185600
 20
9.280273
 10
2.181349
 20
9.280907
 10
2.177069
 20
9.281311
 10
2.172774
 20
9.281485
 10
2.168476
 20
9.281428
 10
2.164187
 20
9.281140
 10
2.159920
 20
9.280622
 10
2.313677
 20
9.575442
 97
0
 75
1
 76
1
 47
0.050000
 98
1
 10
2.299478
 20
9.538047
1001
GradientColor1ACI
1070
5
1001
GradientColor2ACI
1070
2
1001
ACAD
1010
0.000000
1020
0.000000
1030
0.000000
  0
LWPOLYLINE
  5
389
102
{ACAD_REACTORS
330
391
102
}
330
1F
100
AcDbEntity
  8
Polycam-Compass
 62
255
420
0
100
AcDbPolyline
 90
22
 70
0
 43
0.000000
 10
2.120309
 20
9.262813
 10
2.117089
 20
9.259965
 10
2.114027
 20
9.256948
 10
2.111132
 20
9.253771
 10
2.108411
 20
9.250443
 10
2.105873
 20
9.246974
 10
2.103525
 20
9.243373
 10
2.101374
 20
9.239652
 10
2.099426
 20
9.235820
 10
2.097687
 20
9.231889
 10
2.096161
 20
9.227871
 10
2.094853
 20
9.223776
 10
2.093767
 20
9.219617
 10
2.092906
 20
9.215405
 10
2.092272
 20
9.211154
 10
2.091868
 20
9.206874
 10
2.091694
 20
9.202580
 10
2.091751
 20
9.198281
 10
2.092039
 20
9.193993
 10
2.092557
 20
9.189725
 10
1.797736
 20
9.343482
 10
2.120309
 20
9.262813
  0
HATCH
  5
391
330
1F
100
AcDbEntity
  8
Polycam-Compass
 62
255
420
0
100
AcDbHatch
 10
0.000000
 20
0.000000
 30
0.000000
210
0.000000
220
0.000000
230
1.000000
  2
SOLID
 70
1
 71
0
 91
1
 92
7
 72
0
 73
1
 93
21
 10
2.120309
 20
9.262813
 10
2.117089
 20
9.259965
 10
2.114027
 20
9.256948
 10
2.111132
 20
9.253771
 10
2.108411
 20
9.250443
 10
2.105873
 20
9.246974
 10
2.103525
 20
9.243373
 10
2.101374
 20
9.239652
 10
2.099426
 20
9.235820
 10
2.097687
 20
9.231889
 10
2.096161
 20
9.227871
 10
2.094853
 20
9.223776
 10
2.093767
 20
9.219617
 10
2.092906
 20
9.215405
 10
2.092272
 20
9.211154
 10
2.091868
 20
9.206874
 10
2.091694
 20
9.202580
 10
2.091751
 20
9.198281
 10
2.092039
 20
9.193993
 10
2.092557
 20
9.189725
 10
1.797736
 20
9.343482
 97
0
 75
1
 76
1
 47
0.050000
 98
1
 10
1.835132
 20
9.329283
1001
GradientColor1ACI
1070
5
1001
GradientColor2ACI
1070
2
1001
ACAD
1010
0.000000
1020
0.000000
1030
0.000000
  0
LWPOLYLINE
  5
393
102
{ACAD_REACTORS
330
39b
102
}
330
1F
100
AcDbEntity
  8
Polycam-Compass
 62
255
420
0
100
AcDbPolyline
 90
125
 70
0
 43
0.000000
 10
2.141026
 20
9.175803
 10
2.142450
 20
9.174193
 10
2.143959
 20
9.172662
 10
2.145547
 20
9.171215
 10
2.147211
 20
9.169854
 10
2.148946
 20
9.168585
 10
2.150746
 20
9.167411
 10
2.152607
 20
9.166336
 10
2.154523
 20
9.165362
 10
2.156488
 20
9.164492
 10
2.158498
 20
9.163729
 10
2.160545
 20
9.163075
 10
2.162624
 20
9.162532
 10
2.164730
 20
9.162102
 10
2.166856
 20
9.161785
 10
2.168996
 20
9.161583
 10
2.171143
 20
9.161496
 10
2.173292
 20
9.161524
 10
2.175437
 20
9.161668
 10
2.177570
 20
9.161927
 10
2.177570
 20
9.161927
 10
2.179735
 20
9.162310
 10
2.181876
 20
9.162812
 10
2.183986
 20
9.163430
 10
2.186059
 20
9.164163
 10
2.188089
 20
9.165010
 10
2.190069
 20
9.165966
 10
2.191993
 20
9.167030
 10
2.193856
 20
9.168198
 10
2.195652
 20
9.169466
 10
2.197376
 20
9.170832
 10
2.197376
 20
9.170832
 10
2.198986
 20
9.172256
 10
2.200517
 20
9.173764
 10
2.201964
 20
9.175353
 10
2.203325
 20
9.177017
 10
2.204593
 20
9.178751
 10
2.205767
 20
9.180552
 10
2.206843
 20
9.182412
 10
2.207817
 20
9.184328
 10
2.208687
 20
9.186294
 10
2.209450
 20
9.188303
 10
2.210104
 20
9.190350
 10
2.210647
 20
9.192430
 10
2.211077
 20
9.194535
 10
2.211394
 20
9.196661
 10
2.211596
 20
9.198801
 10
2.211683
 20
9.200948
 10
2.211655
 20
9.203098
 10
2.211511
 20
9.205242
 10
2.211252
 20
9.207376
 10
2.211252
 20
9.207376
 10
2.210869
 20
9.209541
 10
2.210367
 20
9.211682
 10
2.209749
 20
9.213792
 10
2.209015
 20
9.215865
 10
2.208169
 20
9.217894
 10
2.207213
 20
9.219874
 10
2.206149
 20
9.221799
 10
2.204981
 20
9.223662
 10
2.203713
 20
9.225458
 10
2.202347
 20
9.227181
 10
2.202347
 20
9.227181
 10
2.200923
 20
9.228791
 10
2.199415
 20
9.230322
 10
2.197826
 20
9.231770
 10
2.196162
 20
9.233130
 10
2.194428
 20
9.234399
 10
2.192627
 20
9.235573
 10
2.190767
 20
9.236648
 10
2.188851
 20
9.237622
 10
2.186885
 20
9.238492
 10
2.184876
 20
9.239255
 10
2.182829
 20
9.239909
 10
2.180749
 20
9.240452
 10
2.178643
 20
9.240883
 10
2.176518
 20
9.241199
 10
2.174378
 20
9.241402
 10
2.172230
 20
9.241488
 10
2.170081
 20
9.241460
 10
2.167937
 20
9.241316
 10
2.165803
 20
9.241057
 10
2.165803
 20
9.241057
 10
2.163638
 20
9.240674
 10
2.161497
 20
9.240173
 10
2.159387
 20
9.239554
 10
2.157314
 20
9.238821
 10
2.155285
 20
9.237975
 10
2.153305
 20
9.237018
 10
2.151380
 20
9.235954
 10
2.149517
 20
9.234787
 10
2.147721
 20
9.233518
 10
2.145998
 20
9.232153
 10
2.145998
 20
9.232153
 10
2.144388
 20
9.230729
 10
2.142857
 20
9.229220
 10
2.141409
 20
9.227632
 10
2.140049
 20
9.225968
 10
2.138780
 20
9.224233
 10
2.137606
 20
9.222433
 10
2.136531
 20
9.220572
 10
2.135556
 20
9.218656
 10
2.134687
 20
9.216691
 10
2.133924
 20
9.214681
 10
2.133270
 20
9.212634
 10
2.132727
 20
9.210555
 10
2.132296
 20
9.208449
 10
2.131980
 20
9.206323
 10
2.131777
 20
9.204183
 10
2.131690
 20
9.202036
 10
2.131719
 20
9.199887
 10
2.131863
 20
9.197742
 10
2.132122
 20
9.195609
 10
2.132122
 20
9.195609
 10
2.132505
 20
9.193444
 10
2.133006
 20
9.191303
 10
2.133625
 20
9.189193
 10
2.134358
 20
9.187120
 10
2.135204
 20
9.185090
 10
2.136161
 20
9.183110
 10
2.137224
 20
9.181186
 10
2.138392
 20
9.179323
 10
2.139661
 20
9.177527
 10
2.141026
 20
9.175803
 10
2.141026
 20
9.175803
  0
HATCH
  5
39b
330
1F
100
AcDbEntity
  8
Polycam-Compass
 62
255
420
0
100
AcDbHatch
 10
0.000000
 20
0.000000
 30
0.000000
210
0.000000
220
0.000000
230
1.000000
  2
SOLID
 70
1
 71
0
 91
1
 92
7
 72
0
 73
1
 93
124
 10
2.141026
 20
9.175803
 10
2.142450
 20
9.174193
 10
2.143959
 20
9.172662
 10
2.145547
 20
9.171215
 10
2.147211
 20
9.169854
 10
2.148946
 20
9.168585
 10
2.150746
 20
9.167411
 10
2.152607
 20
9.166336
 10
2.154523
 20
9.165362
 10
2.156488
 20
9.164492
 10
2.158498
 20
9.163729
 10
2.160545
 20
9.163075
 10
2.162624
 20
9.162532
 10
2.164730
 20
9.162102
 10
2.166856
 20
9.161785
 10
2.168996
 20
9.161583
 10
2.171143
 20
9.161496
 10
2.173292
 20
9.161524
 10
2.175437
 20
9.161668
 10
2.177570
 20
9.161927
 10
2.177570
 20
9.161927
 10
2.179735
 20
9.162310
 10
2.181876
 20
9.162812
 10
2.183986
 20
9.163430
 10
2.186059
 20
9.164163
 10
2.188089
 20
9.165010
 10
2.190069
 20
9.165966
 10
2.191993
 20
9.167030
 10
2.193856
 20
9.168198
 10
2.195652
 20
9.169466
 10
2.197376
 20
9.170832
 10
2.197376
 20
9.170832
 10
2.198986
 20
9.172256
 10
2.200517
 20
9.173764
 10
2.201964
 20
9.175353
 10
2.203325
 20
9.177017
 10
2.204593
 20
9.178751
 10
2.205767
 20
9.180552
 10
2.206843
 20
9.182412
 10
2.207817
 20
9.184328
 10
2.208687
 20
9.186294
 10
2.209450
 20
9.188303
 10
2.210104
 20
9.190350
 10
2.210647
 20
9.192430
 10
2.211077
 20
9.194535
 10
2.211394
 20
9.196661
 10
2.211596
 20
9.198801
 10
2.211683
 20
9.200948
 10
2.211655
 20
9.203098
 10
2.211511
 20
9.205242
 10
2.211252
 20
9.207376
 10
2.211252
 20
9.207376
 10
2.210869
 20
9.209541
 10
2.210367
 20
9.211682
 10
2.209749
 20
9.213792
 10
2.209015
 20
9.215865
 10
2.208169
 20
9.217894
 10
2.207213
 20
9.219874
 10
2.206149
 20
9.221799
 10
2.204981
 20
9.223662
 10
2.203713
 20
9.225458
 10
2.202347
 20
9.227181
 10
2.202347
 20
9.227181
 10
2.200923
 20
9.228791
 10
2.199415
 20
9.230322
 10
2.197826
 20
9.231770
 10
2.196162
 20
9.233130
 10
2.194428
 20
9.234399
 10
2.192627
 20
9.235573
 10
2.190767
 20
9.236648
 10
2.188851
 20
9.237622
 10
2.186885
 20
9.238492
 10
2.184876
 20
9.239255
 10
2.182829
 20
9.239909
 10
2.180749
 20
9.240452
 10
2.178643
 20
9.240883
 10
2.176518
 20
9.241199
 10
2.174378
 20
9.241402
 10
2.172230
 20
9.241488
 10
2.170081
 20
9.241460
 10
2.167937
 20
9.241316
 10
2.165803
 20
9.241057
 10
2.165803
 20
9.241057
 10
2.163638
 20
9.240674
 10
2.161497
 20
9.240173
 10
2.159387
 20
9.239554
 10
2.157314
 20
9.238821
 10
2.155285
 20
9.237975
 10
2.153305
 20
9.237018
 10
2.151380
 20
9.235954
 10
2.149517
 20
9.234787
 10
2.147721
 20
9.233518
 10
2.145998
 20
9.232153
 10
2.145998
 20
9.232153
 10
2.144388
 20
9.230729
 10
2.142857
 20
9.229220
 10
2.141409
 20
9.227632
 10
2.140049
 20
9.225968
 10
2.138780
 20
9.224233
 10
2.137606
 20
9.222433
 10
2.136531
 20
9.220572
 10
2.135556
 20
9.218656
 10
2.134687
 20
9.216691
 10
2.133924
 20
9.214681
 10
2.133270
 20
9.212634
 10
2.132727
 20
9.210555
 10
2.132296
 20
9.208449
 10
2.131980
 20
9.206323
 10
2.131777
 20
9.204183
 10
2.131690
 20
9.202036
 10
2.131719
 20
9.199887
 10
2.131863
 20
9.197742
 10
2.132122
 20
9.195609
 10
2.132122
 20
9.195609
 10
2.132505
 20
9.193444
 10
2.133006
 20
9.191303
 10
2.133625
 20
9.189193
 10
2.134358
 20
9.187120
 10
2.135204
 20
9.185090
 10
2.136161
 20
9.183110
 10
2.137224
 20
9.181186
 10
2.138392
 20
9.179323
 10
2.139661
 20
9.177527
 10
2.141026
 20
9.175803
 97
0
 75
1
 76
1
 47
0.050000
 98
1
 10
2.171687
 20
9.201492
1001
GradientColor1ACI
1070
5
1001
GradientColor2ACI
1070
2
1001
ACAD
1010
0.000000
1020
0.000000
1030
0.000000
  0
LWPOLYLINE
  5
39d
102
{ACAD_REACTORS
330
3a5
102
}
330
1F
100
AcDbEntity
  8
Polycam-Logo
 62
255
420
0
100
AcDbPolyline
 90
8
 70
0
 43
0.000000
 10
-0.906548
 20
-9.375441
 10
-0.906548
 20
-9.375441
 10
-0.620833
 20
-9.181340
 10
-0.527700
 20
-9.245683
 10
-0.379318
 20
-9.142734
 10
-0.620833
 20
-8.975441
 10
-0.906548
 20
-9.172761
 10
-0.906548
 20
-9.375441
  0
HATCH
  5
3a5
330
1F
100
AcDbEntity
  8
Polycam-Logo
 62
255
420
0
100
AcDbHatch
 10
0.000000
 20
0.000000
 30
0.000000
210
0.000000
220
0.000000
230
1.000000
  2
SOLID
 70
1
 71
0
 91
1
 92
7
 72
0
 73
1
 93
7
 10
-0.906548
 20
-9.375441
 10
-0.906548
 20
-9.375441
 10
-0.620833
 20
-9.181340
 10
-0.527700
 20
-9.245683
 10
-0.379318
 20
-9.142734
 10
-0.620833
 20
-8.975441
 10
-0.906548
 20
-9.172761
 97
0
 75
1
 76
1
 47
0.050000
 98
1
 10
-0.900833
 20
-9.295441
1001
GradientColor1ACI
1070
5
1001
GradientColor2ACI
1070
2
1001
ACAD
1010
0.000000
1020
0.000000
1030
0.000000
  0
LWPOLYLINE
  5
3a7
102
{ACAD_REACTORS
330
3af
102
}
330
1F
100
AcDbEntity
  8
Polycam-Logo
 62
255
420
0
100
AcDbPolyline
 90
5
 70
0
 43
0.000000
 10
-0.577161
 20
-9.341125
 10
-0.428779
 20
-9.444074
 10
-0.335119
 20
-9.375441
 10
-0.335119
 20
-9.172761
 10
-0.577161
 20
-9.341125
  0
HATCH
  5
3af
330
1F
100
AcDbEntity
  8
Polycam-Logo
 62
255
420
0
100
AcDbHatch
 10
0.000000
 20
0.000000
 30
0.000000
210
0.000000
220
0.000000
230
1.000000
  2
SOLID
 70
1
 71
0
 91
1
 92
7
 72
0
 73
1
 93
4
 10
-0.577161
 20
-9.341125
 10
-0.428779
 20
-9.444074
 10
-0.335119
 20
-9.375441
 10
-0.335119
 20
-9.172761
 97
0
 75
1
 76
1
 47
0.050000
 98
1
 10
-0.340833
 20
-9.295441
1001
GradientColor1ACI
1070
5
1001
GradientColor2ACI
1070
2
1001
ACAD
1010
0.000000
1020
0.000000
1030
0.000000
  0
LWPOLYLINE
  5
3b1
102
{ACAD_REACTORS
330
3b9
102
}
330
1F
100
AcDbEntity
  8
Polycam-Logo
 62
255
420
0
100
AcDbPolyline
 90
5
 70
0
 43
0.000000
 10
-0.620833
 20
-9.375441
 10
-0.620833
 20
-9.577050
 10
-0.335119
 20
-9.775441
 10
-0.335119
 20
-9.568471
 10
-0.620833
 20
-9.375441
  0
HATCH
  5
3b9
330
1F
100
AcDbEntity
  8
Polycam-Logo
 62
255
420
0
100
AcDbHatch
 10
0.000000
 20
0.000000
 30
0.000000
210
0.000000
220
0.000000
230
1.000000
  2
SOLID
 70
1
 71
0
 91
1
 92
7
 72
0
 73
1
 93
4
 10
-0.620833
 20
-9.375441
 10
-0.620833
 20
-9.577050
 10
-0.335119
 20
-9.775441
 10
-0.335119
 20
-9.568471
 97
0
 75
1
 76
1
 47
0.050000
 98
1
 10
-0.340833
 20
-9.615441
1001
GradientColor1ACI
1070
5
1001
GradientColor2ACI
1070
2
1001
ACAD
1010
0.000000
1020
0.000000
1030
0.000000
  0
LWPOLYLINE
  5
3bb
330
1F
100
AcDbEntity
  8
Polycam-Floor_1-Objects-Furniture
 62
45
420
11711154
100
AcDbPolyline
 90
2
 70
0
 43
0.000000
 10
2.375294
 20
-3.565267
 10
0.264512
 20
-3.565267
  0
LWPOLYLINE
  5
3bc
330
1F
100
AcDbEntity
  8
Polycam-Floor_1-Objects-Furniture
 62
45
420
11711154
100
AcDbPolyline
 90
2
 70
0
 43
0.000000
 10
0.237805
 20
-3.582461
 10
0.237805
 20
-4.523848
  0
LWPOLYLINE
  5
3bd
330
1F
100
AcDbEntity
  8
Polycam-Floor_1-Objects-Furniture
 62
45
420
11711154
100
AcDbPolyline
 90
2
 70
0
 43
0.000000
 10
0.264512
 20
-4.541041
 10
2.375294
 20
-4.541041
  0
LWPOLYLINE
  5
3be
330
1F
100
AcDbEntity
  8
Polycam-Floor_1-Objects-Furniture
 62
45
420
11711154
100
AcDbPolyline
 90
2
 70
0
 43
0.000000
 10
2.402001
 20
-4.523848
 10
2.402001
 20
-3.582461
  0
LWPOLYLINE
  5
3bf
330
1F
100
AcDbEntity
  8
Polycam-Floor_1-Objects-Furniture
 62
45
420
11711154
100
AcDbPolyline
 90
2
 70
0
 43
0.000000
 10
2.375294
 20
-3.565267
 10
2.375294
 20
-3.565267
  0
LWPOLYLINE
  5
3c0
330
1F
100
AcDbEntity
  8
Polycam-Floor_1-Objects-Furniture
 62
45
420
11711154
100
AcDbPolyline
 90
20
 70
0
 43
0.000000
 10
0.264512
 20
-3.565267
 10
0.262208
 20
-3.565330
 10
0.259958
 20
-3.565516
 10
0.257770
 20
-3.565820
 10
0.255653
 20
-3.566236
 10
0.253615
 20
-3.566759
 10
0.251663
 20
-3.567385
 10
0.249805
 20
-3.568107
 10
0.248050
 20
-3.568921
 10
0.246406
 20
-3.569822
 10
0.244880
 20
-3.570804
 10
0.243481
 20
-3.571863
 10
0.242216
 20
-3.572993
 10
0.241094
 20
-3.574189
 10
0.240122
 20
-3.575445
 10
0.239309
 20
-3.576758
 10
0.238663
 20
-3.578121
 10
0.238192
 20
-3.579529
 10
0.237903
 20
-3.580977
 10
0.237805
 20
-3.582461
  0
LWPOLYLINE
  5
3c1
330
1F
100
AcDbEntity
  8
Polycam-Floor_1-Objects-Furniture
 62
45
420
11711154
100
AcDbPolyline
 90
20
 70
0
 43
0.000000
 10
0.237805
 20
-4.523848
 10
0.237903
 20
-4.525331
 10
0.238192
 20
-4.526780
 10
0.238663
 20
-4.528188
 10
0.239309
 20
-4.529551
 10
0.240122
 20
-4.530863
 10
0.241094
 20
-4.532120
 10
0.242216
 20
-4.533316
 10
0.243481
 20
-4.534445
 10
0.244880
 20
-4.535504
 10
0.246406
 20
-4.536487
 10
0.248050
 20
-4.537387
 10
0.249805
 20
-4.538202
 10
0.251663
 20
-4.538924
 10
0.253615
 20
-4.539549
 10
0.255653
 20
-4.540073
 10
0.257770
 20
-4.540489
 10
0.259958
 20
-4.540792
 10
0.262208
 20
-4.540978
 10
0.264512
 20
-4.541041
  0
LWPOLYLINE
  5
3c2
330
1F
100
AcDbEntity
  8
Polycam-Floor_1-Objects-Furniture
 62
45
420
11711154
100
AcDbPolyline
 90
20
 70
0
 43
0.000000
 10
2.375294
 20
-4.541041
 10
2.377598
 20
-4.540978
 10
2.379848
 20
-4.540792
 10
2.382036
 20
-4.540489
 10
2.384153
 20
-4.540073
 10
2.386191
 20
-4.539549
 10
2.388143
 20
-4.538924
 10
2.390001
 20
-4.538202
 10
2.391756
 20
-4.537387
 10
2.393400
 20
-4.536487
 10
2.394926
 20
-4.535504
 10
2.396325
 20
-4.534445
 10
2.397590
 20
-4.533316
 10
2.398712
 20
-4.532120
 10
2.399684
 20
-4.530863
 10
2.400497
 20
-4.529551
 10
2.401143
 20
-4.528188
 10
2.401614
 20
-4.526780
 10
2.401903
 20
-4.525331
 10
2.402001
 20
-4.523848
  0
LWPOLYLINE
  5
3c3
330
1F
100
AcDbEntity
  8
Polycam-Floor_1-Objects-Furniture
 62
45
420
11711154
100
AcDbPolyline
 90
20
 70
0
 43
0.000000
 10
2.402001
 20
-3.582461
 10
2.401903
 20
-3.580977
 10
2.401614
 20
-3.579529
 10
2.401143
 20
-3.578121
 10
2.400497
 20
-3.576758
 10
2.399684
 20
-3.575445
 10
2.398712
 20
-3.574189
 10
2.397590
 20
-3.572993
 10
2.396325
 20
-3.571863
 10
2.394926
 20
-3.570804
 10
2.393400
 20
-3.569822
 10
2.391756
 20
-3.568921
 10
2.390001
 20
-3.568107
 10
2.388143
 20
-3.567385
 10
2.386191
 20
-3.566759
 10
2.384153
 20
-3.566236
 10
2.382036
 20
-3.565820
 10
2.379848
 20
-3.565516
 10
2.377598
 20
-3.565330
 10
2.375294
 20
-3.565267
  0
LWPOLYLINE
  5
3c4
330
1F
100
AcDbEntity
  8
Polycam-Floor_1-Objects-Furniture
 62
45
420
11711154
100
AcDbPolyline
 90
2
 70
0
 43
0.000000
 10
0.786529
 20
5.756265
 10
0.786529
 20
4.146292
  0
LWPOLYLINE
  5
3c5
330
1F
100
AcDbEntity
  8
Polycam-Floor_1-Objects-Furniture
 62
45
420
11711154
100
AcDbPolyline
 90
2
 70
0
 43
0.000000
 10
0.805105
 20
4.125921
 10
1.822140
 20
4.125921
  0
LWPOLYLINE
  5
3c6
330
1F
100
AcDbEntity
  8
Polycam-Floor_1-Objects-Furniture
 62
45
420
11711154
100
AcDbPolyline
 90
2
 70
0
 43
0.000000
 10
1.840715
 20
4.146292
 10
1.840715
 20
5.756265
  0
LWPOLYLINE
  5
3c7
330
1F
100
AcDbEntity
  8
Polycam-Floor_1-Objects-Furniture
 62
45
420
11711154
100
AcDbPolyline
 90
2
 70
0
 43
0.000000
 10
1.822140
 20
5.776635
 10
0.805105
 20
5.776635
  0
LWPOLYLINE
  5
3c8
330
1F
100
AcDbEntity
  8
Polycam-Floor_1-Objects-Furniture
 62
45
420
11711154
100
AcDbPolyline
 90
2
 70
0
 43
0.000000
 10
0.786529
 20
5.756265
 10
0.786529
 20
5.756265
  0
LWPOLYLINE
  5
3c9
330
1F
100
AcDbEntity
  8
Polycam-Floor_1-Objects-Furniture
 62
45
420
11711154
100
AcDbPolyline
 90
20
 70
0
 43
0.000000
 10
0.786529
 20
4.146292
 10
0.786598
 20
4.144534
 10
0.786799
 20
4.142818
 10
0.787126
 20
4.141150
 10
0.787576
 20
4.139535
 10
0.788141
 20
4.137980
 10
0.788817
 20
4.136491
 10
0.789597
 20
4.135074
 10
0.790477
 20
4.133736
 10
0.791450
 20
4.132481
 10
0.792512
 20
4.131318
 10
0.793655
 20
4.130250
 10
0.794876
 20
4.129286
 10
0.796168
 20
4.128430
 10
0.797526
 20
4.127689
 10
0.798943
 20
4.127069
 10
0.800416
 20
4.126576
 10
0.801937
 20
4.126216
 10
0.803502
 20
4.125996
 10
0.805105
 20
4.125921
  0
LWPOLYLINE
  5
3ca
330
1F
100
AcDbEntity
  8
Polycam-Floor_1-Objects-Furniture
 62
45
420
11711154
100
AcDbPolyline
 90
20
 70
0
 43
0.000000
 10
1.822140
 20
4.125921
 10
1.823742
 20
4.125996
 10
1.825307
 20
4.126216
 10
1.826829
 20
4.126576
 10
1.828301
 20
4.127069
 10
1.829719
 20
4.127689
 10
1.831076
 20
4.128430
 10
1.832368
 20
4.129286
 10
1.833589
 20
4.130250
 10
1.834733
 20
4.131318
 10
1.835794
 20
4.132481
 10
1.836767
 20
4.133736
 10
1.837647
 20
4.135074
 10
1.838427
 20
4.136491
 10
1.839103
 20
4.137980
 10
1.839668
 20
4.139535
 10
1.840118
 20
4.141150
 10
1.840446
 20
4.142818
 10
1.840647
 20
4.144534
 10
1.840715
 20
4.146292
  0
LWPOLYLINE
  5
3cb
330
1F
100
AcDbEntity
  8
Polycam-Floor_1-Objects-Furniture
 62
45
420
11711154
100
AcDbPolyline
 90
20
 70
0
 43
0.000000
 10
1.840715
 20
5.756265
 10
1.840647
 20
5.758022
 10
1.840446
 20
5.759739
 10
1.840118
 20
5.761407
 10
1.839668
 20
5.763022
 10
1.839103
 20
5.764576
 10
1.838427
 20
5.766065
 10
1.837647
 20
5.767482
 10
1.836767
 20
5.768821
 10
1.835794
 20
5.770075
 10
1.834733
 20
5.771239
 10
1.833589
 20
5.772306
 10
1.832368
 20
5.773271
 10
1.831076
 20
5.774127
 10
1.829719
 20
5.774868
 10
1.828301
 20
5.775488
 10
1.826829
 20
5.775981
 10
1.825307
 20
5.776340
 10
1.823742
 20
5.776561
 10
1.822140
 20
5.776635
  0
LWPOLYLINE
  5
3cc
330
1F
100
AcDbEntity
  8
Polycam-Floor_1-Objects-Furniture
 62
45
420
11711154
100
AcDbPolyline
 90
20
 70
0
 43
0.000000
 10
0.805105
 20
5.776635
 10
0.803502
 20
5.776561
 10
0.801937
 20
5.776340
 10
0.800416
 20
5.775981
 10
0.798943
 20
5.775488
 10
0.797526
 20
5.774868
 10
0.796168
 20
5.774127
 10
0.794876
 20
5.773271
 10
0.793655
 20
5.772306
 10
0.792512
 20
5.771239
 10
0.791450
 20
5.770075
 10
0.790477
 20
5.768821
 10
0.789597
 20
5.767482
 10
0.788817
 20
5.766065
 10
0.788141
 20
5.764576
 10
0.787576
 20
5.763022
 10
0.787126
 20
5.761407
 10
0.786799
 20
5.759739
 10
0.786598
 20
5.758022
 10
0.786529
 20
5.756265
  0
LWPOLYLINE
  5
3cd
330
1F
100
AcDbEntity
  8
Polycam-Floor_1-Objects-Furniture
 62
45
420
11711154
100
AcDbPolyline
 90
2
 70
0
 43
0.000000
 10
2.014519
 20
-4.655131
 10
2.020310
 20
-4.652555
  0
LWPOLYLINE
  5
3ce
330
1F
100
AcDbEntity
  8
Polycam-Floor_1-Objects-Furniture
 62
45
420
11711154
100
AcDbPolyline
 90
2
 70
0
 43
0.000000
 10
2.020310
 20
-4.652555
 10
2.068533
 20
-4.631099
  0
LWPOLYLINE
  5
3cf
330
1F
100
AcDbEntity
  8
Polycam-Floor_1-Objects-Furniture
 62
45
420
11711154
100
AcDbPolyline
 90
2
 70
0
 43
0.000000
 10
2.068533
 20
-4.631099
 10
2.090712
 20
-4.621231
  0
LWPOLYLINE
  5
3d0
330
1F
100
AcDbEntity
  8
Polycam-Floor_1-Objects-Furniture
 62
45
420
11711154
100
AcDbPolyline
 90
2
 70
0
 43
0.000000
 10
2.090712
 20
-4.621231
 10
2.099538
 20
-4.617302
  0
LWPOLYLINE
  5
3d1
330
1F
100
AcDbEntity
  8
Polycam-Floor_1-Objects-Furniture
 62
45
420
11711154
100
AcDbPolyline
 90
2
 70
0
 43
0.000000
 10
2.107881
 20
-4.637241
 10
2.097842
 20
-4.641708
  0
LWPOLYLINE
  5
3d2
330
1F
100
AcDbEntity
  8
Polycam-Floor_1-Objects-Furniture
 62
45
420
11711154
100
AcDbPolyline
 90
2
 70
0
 43
0.000000
 10
2.097842
 20
-4.641708
 10
2.073544
 20
-4.652521
  0
LWPOLYLINE
  5
3d3
330
1F
100
AcDbEntity
  8
Polycam-Floor_1-Objects-Furniture
 62
45
420
11711154
100
AcDbPolyline
 90
2
 70
0
 43
0.000000
 10
2.073544
 20
-4.652521
 10
2.073462
 20
-4.652555
  0
LWPOLYLINE
  5
3d4
330
1F
100
AcDbEntity
  8
Polycam-Floor_1-Objects-Furniture
 62
45
420
11711154
100
AcDbPolyline
 90
2
 70
0
 43
0.000000
 10
2.073462
 20
-4.652555
 10
2.030178
 20
-4.671815
  0
LWPOLYLINE
  5
3d5
330
1F
100
AcDbEntity
  8
Polycam-Floor_1-Objects-Furniture
 62
45
420
11711154
100
AcDbPolyline
 90
2
 70
0
 43
0.000000
 10
2.030178
 20
-4.671815
 10
2.030178
 20
-4.671815
  0
LWPOLYLINE
  5
3d6
330
1F
100
AcDbEntity
  8
Polycam-Floor_1-Objects-Furniture
 62
45
420
11711154
100
AcDbPolyline
 90
2
 70
0
 43
0.000000
 10
2.097842
 20
-4.641708
 10
2.107881
 20
-4.637241
  0
LWPOLYLINE
  5
3d7
330
1F
100
AcDbEntity
  8
Polycam-Floor_1-Objects-Furniture
 62
45
420
11711154
100
AcDbPolyline
 90
2
 70
0
 43
0.000000
 10
2.099538
 20
-4.617302
 10
2.090712
 20
-4.621231
  0
LWPOLYLINE
  5
3d8
330
1F
100
AcDbEntity
  8
Polycam-Floor_1-Objects-Furniture
 62
45
420
11711154
100
AcDbPolyline
 90
2
 70
0
 43
0.000000
 10
2.104873
 20
-4.643457
 10
2.104873
 20
-4.643457
  0
LWPOLYLINE
  5
3d9
330
1F
100
AcDbEntity
  8
Polycam-Floor_1-Objects-Furniture
 62
45
420
11711154
100
AcDbPolyline
 90
2
 70
0
 43
0.000000
 10
2.099115
 20
-4.988761
 10
2.089395
 20
-4.983592
  0
LWPOLYLINE
  5
3da
330
1F
100
AcDbEntity
  8
Polycam-Floor_1-Objects-Furniture
 62
45
420
11711154
100
AcDbPolyline
 90
2
 70
0
 43
0.000000
 10
2.089395
 20
-4.983592
 10
2.069845
 20
-4.973186
  0
LWPOLYLINE
  5
3db
330
1F
100
AcDbEntity
  8
Polycam-Floor_1-Objects-Furniture
 62
45
420
11711154
100
AcDbPolyline
 90
2
 70
0
 43
0.000000
 10
2.069845
 20
-4.973186
 10
2.029525
 20
-4.951730
  0
LWPOLYLINE
  5
3dc
330
1F
100
AcDbEntity
  8
Polycam-Floor_1-Objects-Furniture
 62
45
420
11711154
100
AcDbPolyline
 90
2
 70
0
 43
0.000000
 10
2.029525
 20
-4.951730
 10
2.016144
 20
-4.944608
  0
LWPOLYLINE
  5
3dd
330
1F
100
AcDbEntity
  8
Polycam-Floor_1-Objects-Furniture
 62
45
420
11711154
100
AcDbPolyline
 90
2
 70
0
 43
0.000000
 10
2.031446
 20
-4.928320
 10
2.100219
 20
-4.964915
  0
LWPOLYLINE
  5
3de
330
1F
100
AcDbEntity
  8
Polycam-Floor_1-Objects-Furniture
 62
45
420
11711154
100
AcDbPolyline
 90
2
 70
0
 43
0.000000
 10
2.100219
 20
-4.964915
 10
2.108764
 20
-4.969461
  0
LWPOLYLINE
  5
3df
330
1F
100
AcDbEntity
  8
Polycam-Floor_1-Objects-Furniture
 62
45
420
11711154
100
AcDbPolyline
 90
2
 70
0
 43
0.000000
 10
2.099115
 20
-4.988761
 10
2.099115
 20
-4.988761
  0
LWPOLYLINE
  5
3e0
330
1F
100
AcDbEntity
  8
Polycam-Floor_1-Objects-Furniture
 62
45
420
11711154
100
AcDbPolyline
 90
2
 70
0
 43
0.000000
 10
2.089395
 20
-4.983592
 10
2.099115
 20
-4.988761
  0
LWPOLYLINE
  5
3e1
330
1F
100
AcDbEntity
  8
Polycam-Floor_1-Objects-Furniture
 62
45
420
11711154
100
AcDbPolyline
 90
2
 70
0
 43
0.000000
 10
2.108764
 20
-4.969461
 10
2.100219
 20
-4.964915
  0
LWPOLYLINE
  5
3e2
330
1F
100
AcDbEntity
  8
Polycam-Floor_1-Objects-Furniture
 62
45
420
11711154
100
AcDbPolyline
 90
2
 70
0
 43
0.000000
 10
2.092545
 20
-4.990306
 10
2.092545
 20
-4.990306
  0
LWPOLYLINE
  5
3e3
330
1F
100
AcDbEntity
  8
Polycam-Floor_1-Objects-Furniture
 62
45
420
11711154
100
AcDbPolyline
 90
2
 70
0
 43
0.000000
 10
1.707497
 20
-4.971267
 10
1.715692
 20
-4.963805
  0
LWPOLYLINE
  5
3e4
330
1F
100
AcDbEntity
  8
Polycam-Floor_1-Objects-Furniture
 62
45
420
11711154
100
AcDbPolyline
 90
2
 70
0
 43
0.000000
 10
1.715692
 20
-4.963805
 10
1.719144
 20
-4.960663
  0
LWPOLYLINE
  5
3e5
330
1F
100
AcDbEntity
  8
Polycam-Floor_1-Objects-Furniture
 62
45
420
11711154
100
AcDbPolyline
 90
2
 70
0
 43
0.000000
 10
1.734046
 20
-4.976068
 10
1.728639
 20
-4.980988
  0
LWPOLYLINE
  5
3e6
330
1F
100
AcDbEntity
  8
Polycam-Floor_1-Objects-Furniture
 62
45
420
11711154
100
AcDbPolyline
 90
2
 70
0
 43
0.000000
 10
1.728639
 20
-4.980988
 10
1.721433
 20
-4.987549
  0
LWPOLYLINE
  5
3e7
330
1F
100
AcDbEntity
  8
Polycam-Floor_1-Objects-Furniture
 62
45
420
11711154
100
AcDbPolyline
 90
2
 70
0
 43
0.000000
 10
1.706570
 20
-4.986598
 10
1.706570
 20
-4.986598
  0
LWPOLYLINE
  5
3e8
330
1F
100
AcDbEntity
  8
Polycam-Floor_1-Objects-Furniture
 62
45
420
11711154
100
AcDbPolyline
 90
2
 70
0
 43
0.000000
 10
1.715697
 20
-4.963805
 10
1.707503
 20
-4.971267
  0
LWPOLYLINE
  5
3e9
330
1F
100
AcDbEntity
  8
Polycam-Floor_1-Objects-Furniture
 62
45
420
11711154
100
AcDbPolyline
 90
2
 70
0
 43
0.000000
 10
1.721438
 20
-4.987544
 10
1.728645
 20
-4.980982
  0
LWPOLYLINE
  5
3ea
330
1F
100
AcDbEntity
  8
Polycam-Floor_1-Objects-Furniture
 62
45
420
11711154
100
AcDbPolyline
 90
2
 70
0
 43
0.000000
 10
1.708491
 20
-4.964389
 10
1.708485
 20
-4.964394
  0
LWPOLYLINE
  5
3eb
330
1F
100
AcDbEntity
  8
Polycam-Floor_1-Objects-Furniture
 62
45
420
11711154
100
AcDbPolyline
 90
2
 70
0
 43
0.000000
 10
1.708485
 20
-4.964394
 10
1.708485
 20
-4.964394
  0
LWPOLYLINE
  5
3ec
330
1F
100
AcDbEntity
  8
Polycam-Floor_1-Objects-Furniture
 62
45
420
11711154
100
AcDbPolyline
 90
2
 70
0
 43
0.000000
 10
1.713892
 20
-4.646362
 10
1.709824
 20
-4.642189
  0
LWPOLYLINE
  5
3ed
330
1F
100
AcDbEntity
  8
Polycam-Floor_1-Objects-Furniture
 62
45
420
11711154
100
AcDbPolyline
 90
2
 70
0
 43
0.000000
 10
1.709824
 20
-4.642189
 10
1.703008
 20
-4.635197
  0
LWPOLYLINE
  5
3ee
330
1F
100
AcDbEntity
  8
Polycam-Floor_1-Objects-Furniture
 62
45
420
11711154
100
AcDbPolyline
 90
2
 70
0
 43
0.000000
 10
1.717849
 20
-4.619798
 10
1.725599
 20
-4.627747
  0
LWPOLYLINE
  5
3ef
330
1F
100
AcDbEntity
  8
Polycam-Floor_1-Objects-Furniture
 62
45
420
11711154
100
AcDbPolyline
 90
2
 70
0
 43
0.000000
 10
1.725599
 20
-4.627747
 10
1.728003
 20
-4.630210
  0
LWPOLYLINE
  5
3f0
330
1F
100
AcDbEntity
  8
Polycam-Floor_1-Objects-Furniture
 62
45
420
11711154
100
AcDbPolyline
 90
2
 70
0
 43
0.000000
 10
1.713892
 20
-4.646362
 10
1.713892
 20
-4.646362
  0
LWPOLYLINE
  5
3f1
330
1F
100
AcDbEntity
  8
Polycam-Floor_1-Objects-Furniture
 62
45
420
11711154
100
AcDbPolyline
 90
2
 70
0
 43
0.000000
 10
1.725599
 20
-4.627747
 10
1.717849
 20
-4.619793
  0
LWPOLYLINE
  5
3f2
330
1F
100
AcDbEntity
  8
Polycam-Floor_1-Objects-Furniture
 62
45
420
11711154
100
AcDbPolyline
 90
2
 70
0
 43
0.000000
 10
1.703008
 20
-4.635192
 10
1.709824
 20
-4.642183
  0
LWPOLYLINE
  5
3f3
330
1F
100
AcDbEntity
  8
Polycam-Floor_1-Objects-Furniture
 62
45
420
11711154
100
AcDbPolyline
 90
2
 70
0
 43
0.000000
 10
1.724561
 20
-4.620359
 10
1.724561
 20
-4.620365
  0
LWPOLYLINE
  5
3f4
330
1F
100
AcDbEntity
  8
Polycam-Floor_1-Objects-Furniture
 62
45
420
11711154
100
AcDbPolyline
 90
2
 70
0
 43
0.000000
 10
1.724561
 20
-4.620365
 10
1.724561
 20
-4.620365
  0
LWPOLYLINE
  5
3f5
330
1F
100
AcDbEntity
  8
Polycam-Floor_1-Objects-Furniture
 62
45
420
11711154
100
AcDbPolyline
 90
2
 70
0
 43
0.000000
 10
1.679500
 20
-4.851818
 10
1.679500
 20
-4.748696
  0
LWPOLYLINE
  5
3f6
330
1F
100
AcDbEntity
  8
Polycam-Floor_1-Objects-Furniture
 62
45
420
11711154
100
AcDbPolyline
 90
2
 70
0
 43
0.000000
 10
1.839789
 20
-4.583362
 10
1.858226
 20
-4.582943
  0
LWPOLYLINE
  5
3f7
330
1F
100
AcDbEntity
  8
Polycam-Floor_1-Objects-Furniture
 62
45
420
11711154
100
AcDbPolyline
 90
2
 70
0
 43
0.000000
 10
1.858226
 20
-5.016728
 10
1.839789
 20
-5.017147
  0
LWPOLYLINE
  5
3f8
330
1F
100
AcDbEntity
  8
Polycam-Floor_1-Objects-Furniture
 62
45
420
11711154
100
AcDbPolyline
 90
2
 70
0
 43
0.000000
 10
1.839789
 20
-5.017147
 10
1.839789
 20
-5.017147
  0
LWPOLYLINE
  5
3f9
330
1F
100
AcDbEntity
  8
Polycam-Floor_1-Objects-Furniture
 62
45
420
11711154
100
AcDbPolyline
 90
2
 70
0
 43
0.000000
 10
2.069845
 20
-4.973186
 10
1.981555
 20
-4.973186
  0
LWPOLYLINE
  5
3fa
330
1F
100
AcDbEntity
  8
Polycam-Floor_1-Objects-Furniture
 62
45
420
11711154
100
AcDbPolyline
 90
2
 70
0
 43
0.000000
 10
2.008553
 20
-4.951730
 10
2.029525
 20
-4.951730
  0
LWPOLYLINE
  5
3fb
330
1F
100
AcDbEntity
  8
Polycam-Floor_1-Objects-Furniture
 62
45
420
11711154
100
AcDbPolyline
 90
2
 70
0
 43
0.000000
 10
2.029525
 20
-4.951730
 10
2.069845
 20
-4.973186
  0
LWPOLYLINE
  5
3fc
330
1F
100
AcDbEntity
  8
Polycam-Floor_1-Objects-Furniture
 62
45
420
11711154
100
AcDbPolyline
 90
2
 70
0
 43
0.000000
 10
2.069845
 20
-4.973186
 10
2.069845
 20
-4.973186
  0
LWPOLYLINE
  5
3fd
330
1F
100
AcDbEntity
  8
Polycam-Floor_1-Objects-Furniture
 62
45
420
11711154
100
AcDbPolyline
 90
2
 70
0
 43
0.000000
 10
2.068533
 20
-4.631099
 10
2.020310
 20
-4.652555
  0
LWPOLYLINE
  5
3fe
330
1F
100
AcDbEntity
  8
Polycam-Floor_1-Objects-Furniture
 62
45
420
11711154
100
AcDbPolyline
 90
2
 70
0
 43
0.000000
 10
2.020310
 20
-4.652555
 10
2.011846
 20
-4.652555
  0
LWPOLYLINE
  5
3ff
330
1F
100
AcDbEntity
  8
Polycam-Floor_1-Objects-Furniture
 62
45
420
11711154
100
AcDbPolyline
 90
2
 70
0
 43
0.000000
 10
1.986363
 20
-4.631099
 10
2.068533
 20
-4.631099
  0
LWPOLYLINE
  5
400
330
1F
100
AcDbEntity
  8
Polycam-Floor_1-Objects-Furniture
 62
45
420
11711154
100
AcDbPolyline
 90
2
 70
0
 43
0.000000
 10
2.068533
 20
-4.631099
 10
2.068533
 20
-4.631099
  0
LWPOLYLINE
  5
401
330
1F
100
AcDbEntity
  8
Polycam-Floor_1-Objects-Furniture
 62
45
420
11711154
100
AcDbPolyline
 90
20
 70
0
 43
0.000000
 10
2.030178
 20
-4.671815
 10
2.029392
 20
-4.670903
 10
2.028601
 20
-4.669995
 10
2.027806
 20
-4.669091
 10
2.027006
 20
-4.668190
 10
2.026202
 20
-4.667292
 10
2.025394
 20
-4.666399
 10
2.024581
 20
-4.665509
 10
2.023765
 20
-4.664623
 10
2.022944
 20
-4.663741
 10
2.022119
 20
-4.662862
 10
2.021290
 20
-4.661988
 10
2.020457
 20
-4.661117
 10
2.019621
 20
-4.660250
 10
2.018780
 20
-4.659387
 10
2.017935
 20
-4.658528
 10
2.017087
 20
-4.657673
 10
2.016235
 20
-4.656821
 10
2.015379
 20
-4.655974
 10
2.014519
 20
-4.655131
  0
LWPOLYLINE
  5
402
330
1F
100
AcDbEntity
  8
Polycam-Floor_1-Objects-Furniture
 62
45
420
11711154
100
AcDbPolyline
 90
20
 70
0
 43
0.000000
 10
2.099538
 20
-4.617302
 10
2.099753
 20
-4.617209
 10
2.099969
 20
-4.617121
 10
2.100186
 20
-4.617039
 10
2.100404
 20
-4.616962
 10
2.100622
 20
-4.616890
 10
2.100840
 20
-4.616823
 10
2.101059
 20
-4.616762
 10
2.101279
 20
-4.616705
 10
2.101498
 20
-4.616654
 10
2.101719
 20
-4.616608
 10
2.101939
 20
-4.616566
 10
2.102160
 20
-4.616530
 10
2.102380
 20
-4.616499
 10
2.102601
 20
-4.616472
 10
2.102822
 20
-4.616451
 10
2.103042
 20
-4.616434
 10
2.103263
 20
-4.616422
 10
2.103484
 20
-4.616415
 10
2.103704
 20
-4.616413
  0
LWPOLYLINE
  5
403
330
1F
100
AcDbEntity
  8
Polycam-Floor_1-Objects-Furniture
 62
45
420
11711154
100
AcDbPolyline
 90
20
 70
0
 43
0.000000
 10
2.103704
 20
-4.616413
 10
2.104346
 20
-4.616433
 10
2.104983
 20
-4.616493
 10
2.105613
 20
-4.616593
 10
2.106235
 20
-4.616731
 10
2.106846
 20
-4.616908
 10
2.107446
 20
-4.617121
 10
2.108032
 20
-4.617371
 10
2.108603
 20
-4.617657
 10
2.109156
 20
-4.617978
 10
2.109691
 20
-4.618334
 10
2.110206
 20
-4.618723
 10
2.110698
 20
-4.619145
 10
2.111166
 20
-4.619600
 10
2.111608
 20
-4.620086
 10
2.112023
 20
-4.620604
 10
2.112409
 20
-4.621151
 10
2.112764
 20
-4.621729
 10
2.113087
 20
-4.622335
 10
2.113375
 20
-4.622969
  0
LWPOLYLINE
  5
404
330
1F
100
AcDbEntity
  8
Polycam-Floor_1-Objects-Furniture
 62
45
420
11711154
100
AcDbPolyline
 90
20
 70
0
 43
0.000000
 10
2.113375
 20
-4.622969
 10
2.113699
 20
-4.623845
 10
2.113946
 20
-4.624732
 10
2.114117
 20
-4.625625
 10
2.114214
 20
-4.626520
 10
2.114238
 20
-4.627412
 10
2.114191
 20
-4.628297
 10
2.114075
 20
-4.629172
 10
2.113892
 20
-4.630031
 10
2.113642
 20
-4.630870
 10
2.113328
 20
-4.631686
 10
2.112951
 20
-4.632473
 10
2.112513
 20
-4.633228
 10
2.112016
 20
-4.633946
 10
2.111461
 20
-4.634623
 10
2.110851
 20
-4.635254
 10
2.110186
 20
-4.635836
 10
2.109468
 20
-4.636364
 10
2.108699
 20
-4.636834
 10
2.107881
 20
-4.637241
  0
LWPOLYLINE
  5
405
330
1F
100
AcDbEntity
  8
Polycam-Floor_1-Objects-Furniture
 62
45
420
11711154
100
AcDbPolyline
 90
20
 70
0
 43
0.000000
 10
2.104873
 20
-4.643457
 10
2.104474
 20
-4.643452
 10
2.104077
 20
-4.643437
 10
2.103683
 20
-4.643411
 10
2.103292
 20
-4.643375
 10
2.102904
 20
-4.643329
 10
2.102519
 20
-4.643274
 10
2.102137
 20
-4.643208
 10
2.101758
 20
-4.643133
 10
2.101383
 20
-4.643049
 10
2.101011
 20
-4.642955
 10
2.100643
 20
-4.642852
 10
2.100279
 20
-4.642739
 10
2.099918
 20
-4.642618
 10
2.099562
 20
-4.642488
 10
2.099209
 20
-4.642349
 10
2.098861
 20
-4.642202
 10
2.098517
 20
-4.642045
 10
2.098177
 20
-4.641881
 10
2.097842
 20
-4.641708
  0
LWPOLYLINE
  5
406
330
1F
100
AcDbEntity
  8
Polycam-Floor_1-Objects-Furniture
 62
45
420
11711154
100
AcDbPolyline
 90
20
 70
0
 43
0.000000
 10
2.107881
 20
-4.637241
 10
2.108699
 20
-4.636834
 10
2.109468
 20
-4.636364
 10
2.110186
 20
-4.635836
 10
2.110851
 20
-4.635254
 10
2.111461
 20
-4.634623
 10
2.112016
 20
-4.633946
 10
2.112513
 20
-4.633228
 10
2.112951
 20
-4.632473
 10
2.113328
 20
-4.631686
 10
2.113642
 20
-4.630870
 10
2.113892
 20
-4.630031
 10
2.114075
 20
-4.629172
 10
2.114191
 20
-4.628297
 10
2.114238
 20
-4.627412
 10
2.114214
 20
-4.626520
 10
2.114117
 20
-4.625625
 10
2.113946
 20
-4.624732
 10
2.113699
 20
-4.623845
 10
2.113375
 20
-4.622969
  0
LWPOLYLINE
  5
407
330
1F
100
AcDbEntity
  8
Polycam-Floor_1-Objects-Furniture
 62
45
420
11711154
100
AcDbPolyline
 90
20
 70
0
 43
0.000000
 10
2.113375
 20
-4.622969
 10
2.113087
 20
-4.622335
 10
2.112764
 20
-4.621729
 10
2.112409
 20
-4.621151
 10
2.112023
 20
-4.620604
 10
2.111608
 20
-4.620086
 10
2.111166
 20
-4.619600
 10
2.110698
 20
-4.619145
 10
2.110206
 20
-4.618723
 10
2.109691
 20
-4.618334
 10
2.109156
 20
-4.617978
 10
2.108603
 20
-4.617657
 10
2.108032
 20
-4.617371
 10
2.107446
 20
-4.617121
 10
2.106846
 20
-4.616908
 10
2.106235
 20
-4.616731
 10
2.105613
 20
-4.616593
 10
2.104983
 20
-4.616493
 10
2.104346
 20
-4.616433
 10
2.103704
 20
-4.616413
  0
LWPOLYLINE
  5
408
330
1F
100
AcDbEntity
  8
Polycam-Floor_1-Objects-Furniture
 62
45
420
11711154
100
AcDbPolyline
 90
20
 70
0
 43
0.000000
 10
2.103704
 20
-4.616413
 10
2.103484
 20
-4.616415
 10
2.103263
 20
-4.616422
 10
2.103042
 20
-4.616434
 10
2.102822
 20
-4.616451
 10
2.102601
 20
-4.616472
 10
2.102380
 20
-4.616499
 10
2.102160
 20
-4.616530
 10
2.101939
 20
-4.616566
 10
2.101719
 20
-4.616608
 10
2.101498
 20
-4.616654
 10
2.101279
 20
-4.616705
 10
2.101059
 20
-4.616762
 10
2.100840
 20
-4.616823
 10
2.100622
 20
-4.616890
 10
2.100404
 20
-4.616962
 10
2.100186
 20
-4.617039
 10
2.099969
 20
-4.617121
 10
2.099753
 20
-4.617209
 10
2.099538
 20
-4.617302
  0
LWPOLYLINE
  5
409
330
1F
100
AcDbEntity
  8
Polycam-Floor_1-Objects-Furniture
 62
45
420
11711154
100
AcDbPolyline
 90
20
 70
0
 43
0.000000
 10
2.090712
 20
-4.621231
 10
2.091111
 20
-4.620353
 10
2.091559
 20
-4.619506
 10
2.092055
 20
-4.618690
 10
2.092595
 20
-4.617909
 10
2.093180
 20
-4.617164
 10
2.093806
 20
-4.616457
 10
2.094472
 20
-4.615790
 10
2.095176
 20
-4.615165
 10
2.095915
 20
-4.614584
 10
2.096689
 20
-4.614050
 10
2.097495
 20
-4.613563
 10
2.098332
 20
-4.613126
 10
2.099196
 20
-4.612740
 10
2.100087
 20
-4.612409
 10
2.101003
 20
-4.612133
 10
2.101941
 20
-4.611916
 10
2.102900
 20
-4.611758
 10
2.103878
 20
-4.611662
 10
2.104873
 20
-4.611629
  0
LWPOLYLINE
  5
40a
330
1F
100
AcDbEntity
  8
Polycam-Floor_1-Objects-Furniture
 62
45
420
11711154
100
AcDbPolyline
 90
20
 70
0
 43
0.000000
 10
2.104873
 20
-4.611629
 10
2.106204
 20
-4.611688
 10
2.107503
 20
-4.611860
 10
2.108766
 20
-4.612141
 10
2.109989
 20
-4.612526
 10
2.111166
 20
-4.613010
 10
2.112293
 20
-4.613589
 10
2.113366
 20
-4.614258
 10
2.114380
 20
-4.615012
 10
2.115329
 20
-4.615846
 10
2.116210
 20
-4.616755
 10
2.117019
 20
-4.617735
 10
2.117749
 20
-4.618781
 10
2.118397
 20
-4.619888
 10
2.118958
 20
-4.621051
 10
2.119427
 20
-4.622265
 10
2.119800
 20
-4.623527
 10
2.120072
 20
-4.624830
 10
2.120239
 20
-4.626170
 10
2.120296
 20
-4.627543
  0
LWPOLYLINE
  5
40b
330
1F
100
AcDbEntity
  8
Polycam-Floor_1-Objects-Furniture
 62
45
420
11711154
100
AcDbPolyline
 90
20
 70
0
 43
0.000000
 10
2.120296
 20
-4.627543
 10
2.120239
 20
-4.628916
 10
2.120072
 20
-4.630256
 10
2.119800
 20
-4.631560
 10
2.119427
 20
-4.632821
 10
2.118958
 20
-4.634036
 10
2.118397
 20
-4.635199
 10
2.117749
 20
-4.636306
 10
2.117019
 20
-4.637351
 10
2.116210
 20
-4.638331
 10
2.115329
 20
-4.639241
 10
2.114380
 20
-4.640075
 10
2.113366
 20
-4.640828
 10
2.112293
 20
-4.641497
 10
2.111166
 20
-4.642076
 10
2.109989
 20
-4.642561
 10
2.108766
 20
-4.642946
 10
2.107503
 20
-4.643227
 10
2.106204
 20
-4.643399
 10
2.104873
 20
-4.643457
  0
LWPOLYLINE
  5
40c
330
1F
100
AcDbEntity
  8
Polycam-Floor_1-Objects-Furniture
 62
45
420
11711154
100
AcDbPolyline
 90
20
 70
0
 43
0.000000
 10
2.016144
 20
-4.944608
 10
2.016984
 20
-4.943784
 10
2.017821
 20
-4.942957
 10
2.018654
 20
-4.942126
 10
2.019484
 20
-4.941290
 10
2.020309
 20
-4.940452
 10
2.021131
 20
-4.939609
 10
2.021949
 20
-4.938762
 10
2.022763
 20
-4.937912
 10
2.023573
 20
-4.937058
 10
2.024379
 20
-4.936200
 10
2.025181
 20
-4.935339
 10
2.025978
 20
-4.934474
 10
2.026772
 20
-4.933605
 10
2.027562
 20
-4.932733
 10
2.028347
 20
-4.931857
 10
2.029128
 20
-4.930978
 10
2.029905
 20
-4.930096
 10
2.030678
 20
-4.929210
 10
2.031446
 20
-4.928320
  0
LWPOLYLINE
  5
40d
330
1F
100
AcDbEntity
  8
Polycam-Floor_1-Objects-Furniture
 62
45
420
11711154
100
AcDbPolyline
 90
20
 70
0
 43
0.000000
 10
2.108764
 20
-4.969461
 10
2.108971
 20
-4.969574
 10
2.109173
 20
-4.969691
 10
2.109373
 20
-4.969812
 10
2.109568
 20
-4.969936
 10
2.109761
 20
-4.970064
 10
2.109949
 20
-4.970197
 10
2.110134
 20
-4.970332
 10
2.110316
 20
-4.970471
 10
2.110494
 20
-4.970614
 10
2.110668
 20
-4.970760
 10
2.110839
 20
-4.970910
 10
2.111006
 20
-4.971063
 10
2.111170
 20
-4.971219
 10
2.111330
 20
-4.971378
 10
2.111486
 20
-4.971540
 10
2.111639
 20
-4.971705
 10
2.111787
 20
-4.971873
 10
2.111933
 20
-4.972044
 10
2.112074
 20
-4.972218
  0
LWPOLYLINE
  5
40e
330
1F
100
AcDbEntity
  8
Polycam-Floor_1-Objects-Furniture
 62
45
420
11711154
100
AcDbPolyline
 90
20
 70
0
 43
0.000000
 10
2.112074
 20
-4.972218
 10
2.112466
 20
-4.972743
 10
2.112824
 20
-4.973288
 10
2.113149
 20
-4.973854
 10
2.113440
 20
-4.974437
 10
2.113696
 20
-4.975036
 10
2.113916
 20
-4.975650
 10
2.114100
 20
-4.976276
 10
2.114248
 20
-4.976912
 10
2.114359
 20
-4.977557
 10
2.114431
 20
-4.978209
 10
2.114466
 20
-4.978866
 10
2.114461
 20
-4.979527
 10
2.114417
 20
-4.980189
 10
2.114333
 20
-4.980850
 10
2.114209
 20
-4.981510
 10
2.114043
 20
-4.982165
 10
2.113835
 20
-4.982815
 10
2.113585
 20
-4.983457
 10
2.113292
 20
-4.984090
  0
LWPOLYLINE
  5
40f
330
1F
100
AcDbEntity
  8
Polycam-Floor_1-Objects-Furniture
 62
45
420
11711154
100
AcDbPolyline
 90
20
 70
0
 43
0.000000
 10
2.113292
 20
-4.984090
 10
2.112842
 20
-4.984904
 10
2.112335
 20
-4.985663
 10
2.111774
 20
-4.986365
 10
2.111166
 20
-4.987010
 10
2.110513
 20
-4.987595
 10
2.109819
 20
-4.988119
 10
2.109091
 20
-4.988581
 10
2.108330
 20
-4.988980
 10
2.107543
 20
-4.989313
 10
2.106733
 20
-4.989580
 10
2.105904
 20
-4.989779
 10
2.105060
 20
-4.989909
 10
2.104207
 20
-4.989968
 10
2.103348
 20
-4.989955
 10
2.102487
 20
-4.989869
 10
2.101629
 20
-4.989708
 10
2.100779
 20
-4.989470
 10
2.099939
 20
-4.989155
 10
2.099115
 20
-4.988761
  0
LWPOLYLINE
  5
410
330
1F
100
AcDbEntity
  8
Polycam-Floor_1-Objects-Furniture
 62
45
420
11711154
100
AcDbPolyline
 90
20
 70
0
 43
0.000000
 10
2.092545
 20
-4.990306
 10
2.092296
 20
-4.989985
 10
2.092056
 20
-4.989659
 10
2.091826
 20
-4.989328
 10
2.091605
 20
-4.988994
 10
2.091393
 20
-4.988655
 10
2.091190
 20
-4.988313
 10
2.090997
 20
-4.987967
 10
2.090813
 20
-4.987618
 10
2.090638
 20
-4.987265
 10
2.090473
 20
-4.986909
 10
2.090316
 20
-4.986550
 10
2.090169
 20
-4.986188
 10
2.090031
 20
-4.985824
 10
2.089903
 20
-4.985457
 10
2.089783
 20
-4.985088
 10
2.089672
 20
-4.984716
 10
2.089571
 20
-4.984343
 10
2.089478
 20
-4.983968
 10
2.089395
 20
-4.983592
  0
LWPOLYLINE
  5
411
330
1F
100
AcDbEntity
  8
Polycam-Floor_1-Objects-Furniture
 62
45
420
11711154
100
AcDbPolyline
 90
20
 70
0
 43
0.000000
 10
2.099115
 20
-4.988761
 10
2.099939
 20
-4.989155
 10
2.100779
 20
-4.989470
 10
2.101629
 20
-4.989708
 10
2.102487
 20
-4.989869
 10
2.103348
 20
-4.989955
 10
2.104207
 20
-4.989968
 10
2.105060
 20
-4.989909
 10
2.105904
 20
-4.989779
 10
2.106733
 20
-4.989580
 10
2.107543
 20
-4.989313
 10
2.108330
 20
-4.988980
 10
2.109091
 20
-4.988581
 10
2.109819
 20
-4.988119
 10
2.110513
 20
-4.987595
 10
2.111166
 20
-4.987010
 10
2.111774
 20
-4.986365
 10
2.112335
 20
-4.985663
 10
2.112842
 20
-4.984904
 10
2.113292
 20
-4.984090
  0
LWPOLYLINE
  5
412
330
1F
100
AcDbEntity
  8
Polycam-Floor_1-Objects-Furniture
 62
45
420
11711154
100
AcDbPolyline
 90
20
 70
0
 43
0.000000
 10
2.113292
 20
-4.984090
 10
2.113585
 20
-4.983457
 10
2.113835
 20
-4.982815
 10
2.114043
 20
-4.982165
 10
2.114209
 20
-4.981510
 10
2.114333
 20
-4.980850
 10
2.114417
 20
-4.980189
 10
2.114461
 20
-4.979527
 10
2.114466
 20
-4.978866
 10
2.114431
 20
-4.978209
 10
2.114359
 20
-4.977557
 10
2.114248
 20
-4.976912
 10
2.114100
 20
-4.976276
 10
2.113916
 20
-4.975650
 10
2.113696
 20
-4.975036
 10
2.113440
 20
-4.974437
 10
2.113149
 20
-4.973854
 10
2.112824
 20
-4.973288
 10
2.112466
 20
-4.972743
 10
2.112074
 20
-4.972218
  0
LWPOLYLINE
  5
413
330
1F
100
AcDbEntity
  8
Polycam-Floor_1-Objects-Furniture
 62
45
420
11711154
100
AcDbPolyline
 90
20
 70
0
 43
0.000000
 10
2.112074
 20
-4.972218
 10
2.111933
 20
-4.972044
 10
2.111787
 20
-4.971873
 10
2.111639
 20
-4.971705
 10
2.111486
 20
-4.971540
 10
2.111330
 20
-4.971378
 10
2.111170
 20
-4.971219
 10
2.111006
 20
-4.971063
 10
2.110839
 20
-4.970910
 10
2.110668
 20
-4.970760
 10
2.110494
 20
-4.970614
 10
2.110316
 20
-4.970471
 10
2.110134
 20
-4.970332
 10
2.109949
 20
-4.970197
 10
2.109761
 20
-4.970064
 10
2.109568
 20
-4.969936
 10
2.109373
 20
-4.969812
 10
2.109173
 20
-4.969691
 10
2.108971
 20
-4.969574
 10
2.108764
 20
-4.969461
  0
LWPOLYLINE
  5
414
330
1F
100
AcDbEntity
  8
Polycam-Floor_1-Objects-Furniture
 62
45
420
11711154
100
AcDbPolyline
 90
20
 70
0
 43
0.000000
 10
2.100219
 20
-4.964915
 10
2.101129
 20
-4.964676
 10
2.102049
 20
-4.964496
 10
2.102974
 20
-4.964374
 10
2.103903
 20
-4.964309
 10
2.104832
 20
-4.964303
 10
2.105759
 20
-4.964353
 10
2.106682
 20
-4.964461
 10
2.107596
 20
-4.964626
 10
2.108501
 20
-4.964847
 10
2.109393
 20
-4.965125
 10
2.110269
 20
-4.965458
 10
2.111127
 20
-4.965847
 10
2.111965
 20
-4.966292
 10
2.112778
 20
-4.966792
 10
2.113566
 20
-4.967348
 10
2.114324
 20
-4.967957
 10
2.115051
 20
-4.968622
 10
2.115743
 20
-4.969340
 10
2.116399
 20
-4.970112
  0
LWPOLYLINE
  5
415
330
1F
100
AcDbEntity
  8
Polycam-Floor_1-Objects-Furniture
 62
45
420
11711154
100
AcDbPolyline
 90
20
 70
0
 43
0.000000
 10
2.116399
 20
-4.970112
 10
2.117200
 20
-4.971211
 10
2.117895
 20
-4.972356
 10
2.118486
 20
-4.973542
 10
2.118973
 20
-4.974761
 10
2.119357
 20
-4.976007
 10
2.119638
 20
-4.977273
 10
2.119817
 20
-4.978553
 10
2.119895
 20
-4.979839
 10
2.119873
 20
-4.981126
 10
2.119750
 20
-4.982405
 10
2.119528
 20
-4.983671
 10
2.119208
 20
-4.984917
 10
2.118789
 20
-4.986136
 10
2.118273
 20
-4.987322
 10
2.117661
 20
-4.988467
 10
2.116953
 20
-4.989564
 10
2.116149
 20
-4.990609
 10
2.115251
 20
-4.991592
 10
2.114258
 20
-4.992509
  0
LWPOLYLINE
  5
416
330
1F
100
AcDbEntity
  8
Polycam-Floor_1-Objects-Furniture
 62
45
420
11711154
100
AcDbPolyline
 90
20
 70
0
 43
0.000000
 10
2.114258
 20
-4.992509
 10
2.113193
 20
-4.993335
 10
2.112082
 20
-4.994052
 10
2.110932
 20
-4.994662
 10
2.109749
 20
-4.995165
 10
2.108541
 20
-4.995562
 10
2.107313
 20
-4.995852
 10
2.106073
 20
-4.996038
 10
2.104826
 20
-4.996119
 10
2.103579
 20
-4.996096
 10
2.102338
 20
-4.995970
 10
2.101111
 20
-4.995742
 10
2.099904
 20
-4.995412
 10
2.098722
 20
-4.994981
 10
2.097573
 20
-4.994449
 10
2.096463
 20
-4.993818
 10
2.095399
 20
-4.993087
 10
2.094387
 20
-4.992258
 10
2.093434
 20
-4.991331
 10
2.092545
 20
-4.990306
  0
LWPOLYLINE
  5
417
330
1F
100
AcDbEntity
  8
Polycam-Floor_1-Objects-Furniture
 62
45
420
11711154
100
AcDbPolyline
 90
20
 70
0
 43
0.000000
 10
1.706570
 20
-4.986598
 10
1.705998
 20
-4.985869
 10
1.705496
 20
-4.985104
 10
1.705065
 20
-4.984310
 10
1.704704
 20
-4.983490
 10
1.704412
 20
-4.982649
 10
1.704190
 20
-4.981792
 10
1.704038
 20
-4.980923
 10
1.703954
 20
-4.980048
 10
1.703938
 20
-4.979169
 10
1.703992
 20
-4.978293
 10
1.704113
 20
-4.977424
 10
1.704302
 20
-4.976566
 10
1.704558
 20
-4.975724
 10
1.704881
 20
-4.974903
 10
1.705272
 20
-4.974107
 10
1.705729
 20
-4.973341
 10
1.706253
 20
-4.972609
 10
1.706842
 20
-4.971916
 10
1.707497
 20
-4.971267
  0
LWPOLYLINE
  5
418
330
1F
100
AcDbEntity
  8
Polycam-Floor_1-Objects-Furniture
 62
45
420
11711154
100
AcDbPolyline
 90
20
 70
0
 43
0.000000
 10
1.719144
 20
-4.960663
 10
1.719878
 20
-4.961523
 10
1.720617
 20
-4.962378
 10
1.721362
 20
-4.963227
 10
1.722113
 20
-4.964071
 10
1.722870
 20
-4.964910
 10
1.723633
 20
-4.965743
 10
1.724401
 20
-4.966571
 10
1.725175
 20
-4.967393
 10
1.725954
 20
-4.968210
 10
1.726739
 20
-4.969021
 10
1.727530
 20
-4.969827
 10
1.728325
 20
-4.970627
 10
1.729127
 20
-4.971421
 10
1.729933
 20
-4.972210
 10
1.730745
 20
-4.972993
 10
1.731563
 20
-4.973770
 10
1.732385
 20
-4.974542
 10
1.733213
 20
-4.975308
 10
1.734046
 20
-4.976068
  0
LWPOLYLINE
  5
419
330
1F
100
AcDbEntity
  8
Polycam-Floor_1-Objects-Furniture
 62
45
420
11711154
100
AcDbPolyline
 90
20
 70
0
 43
0.000000
 10
1.721433
 20
-4.987549
 10
1.721256
 20
-4.987707
 10
1.721076
 20
-4.987859
 10
1.720895
 20
-4.988007
 10
1.720711
 20
-4.988150
 10
1.720525
 20
-4.988288
 10
1.720337
 20
-4.988422
 10
1.720147
 20
-4.988550
 10
1.719955
 20
-4.988674
 10
1.719762
 20
-4.988793
 10
1.719566
 20
-4.988908
 10
1.719369
 20
-4.989018
 10
1.719170
 20
-4.989123
 10
1.718970
 20
-4.989223
 10
1.718768
 20
-4.989319
 10
1.718565
 20
-4.989410
 10
1.718360
 20
-4.989497
 10
1.718154
 20
-4.989579
 10
1.717947
 20
-4.989656
 10
1.717739
 20
-4.989729
  0
LWPOLYLINE
  5
41a
330
1F
100
AcDbEntity
  8
Polycam-Floor_1-Objects-Furniture
 62
45
420
11711154
100
AcDbPolyline
 90
20
 70
0
 43
0.000000
 10
1.717739
 20
-4.989729
 10
1.717123
 20
-4.989915
 10
1.716499
 20
-4.990062
 10
1.715870
 20
-4.990170
 10
1.715238
 20
-4.990238
 10
1.714603
 20
-4.990266
 10
1.713969
 20
-4.990255
 10
1.713336
 20
-4.990206
 10
1.712708
 20
-4.990117
 10
1.712085
 20
-4.989989
 10
1.711469
 20
-4.989823
 10
1.710863
 20
-4.989617
 10
1.710267
 20
-4.989374
 10
1.709685
 20
-4.989092
 10
1.709118
 20
-4.988771
 10
1.708567
 20
-4.988413
 10
1.708036
 20
-4.988016
 10
1.707524
 20
-4.987581
 10
1.707035
 20
-4.987108
 10
1.706570
 20
-4.986598
  0
LWPOLYLINE
  5
41b
330
1F
100
AcDbEntity
  8
Polycam-Floor_1-Objects-Furniture
 62
45
420
11711154
100
AcDbPolyline
 90
20
 70
0
 43
0.000000
 10
1.708485
 20
-4.964394
 10
1.708866
 20
-4.964272
 10
1.709248
 20
-4.964160
 10
1.709630
 20
-4.964058
 10
1.710012
 20
-4.963967
 10
1.710395
 20
-4.963887
 10
1.710778
 20
-4.963816
 10
1.711160
 20
-4.963756
 10
1.711543
 20
-4.963706
 10
1.711925
 20
-4.963666
 10
1.712307
 20
-4.963636
 10
1.712688
 20
-4.963616
 10
1.713068
 20
-4.963606
 10
1.713448
 20
-4.963606
 10
1.713826
 20
-4.963615
 10
1.714203
 20
-4.963634
 10
1.714579
 20
-4.963663
 10
1.714954
 20
-4.963701
 10
1.715326
 20
-4.963748
 10
1.715697
 20
-4.963805
  0
LWPOLYLINE
  5
41c
330
1F
100
AcDbEntity
  8
Polycam-Floor_1-Objects-Furniture
 62
45
420
11711154
100
AcDbPolyline
 90
20
 70
0
 43
0.000000
 10
1.707503
 20
-4.971267
 10
1.706847
 20
-4.971916
 10
1.706258
 20
-4.972609
 10
1.705735
 20
-4.973341
 10
1.705277
 20
-4.974107
 10
1.704887
 20
-4.974903
 10
1.704563
 20
-4.975724
 10
1.704307
 20
-4.976566
 10
1.704118
 20
-4.977424
 10
1.703997
 20
-4.978293
 10
1.703944
 20
-4.979169
 10
1.703959
 20
-4.980047
 10
1.704043
 20
-4.980922
 10
1.704196
 20
-4.981790
 10
1.704418
 20
-4.982647
 10
1.704709
 20
-4.983487
 10
1.705070
 20
-4.984306
 10
1.705502
 20
-4.985100
 10
1.706003
 20
-4.985864
 10
1.706575
 20
-4.986592
  0
LWPOLYLINE
  5
41d
330
1F
100
AcDbEntity
  8
Polycam-Floor_1-Objects-Furniture
 62
45
420
11711154
100
AcDbPolyline
 90
20
 70
0
 43
0.000000
 10
1.706575
 20
-4.986592
 10
1.707040
 20
-4.987103
 10
1.707529
 20
-4.987575
 10
1.708041
 20
-4.988010
 10
1.708572
 20
-4.988407
 10
1.709123
 20
-4.988766
 10
1.709690
 20
-4.989086
 10
1.710271
 20
-4.989368
 10
1.710866
 20
-4.989612
 10
1.711472
 20
-4.989817
 10
1.712088
 20
-4.989983
 10
1.712711
 20
-4.990111
 10
1.713340
 20
-4.990200
 10
1.713972
 20
-4.990250
 10
1.714606
 20
-4.990260
 10
1.715241
 20
-4.990232
 10
1.715874
 20
-4.990164
 10
1.716504
 20
-4.990057
 10
1.717128
 20
-4.989910
 10
1.717745
 20
-4.989723
  0
LWPOLYLINE
  5
41e
330
1F
100
AcDbEntity
  8
Polycam-Floor_1-Objects-Furniture
 62
45
420
11711154
100
AcDbPolyline
 90
20
 70
0
 43
0.000000
 10
1.717745
 20
-4.989723
 10
1.717953
 20
-4.989650
 10
1.718160
 20
-4.989573
 10
1.718366
 20
-4.989491
 10
1.718571
 20
-4.989404
 10
1.718774
 20
-4.989313
 10
1.718976
 20
-4.989217
 10
1.719176
 20
-4.989117
 10
1.719375
 20
-4.989012
 10
1.719572
 20
-4.988902
 10
1.719767
 20
-4.988788
 10
1.719961
 20
-4.988669
 10
1.720153
 20
-4.988545
 10
1.720343
 20
-4.988416
 10
1.720531
 20
-4.988283
 10
1.720716
 20
-4.988145
 10
1.720900
 20
-4.988002
 10
1.721082
 20
-4.987854
 10
1.721261
 20
-4.987701
 10
1.721438
 20
-4.987544
  0
LWPOLYLINE
  5
41f
330
1F
100
AcDbEntity
  8
Polycam-Floor_1-Objects-Furniture
 62
45
420
11711154
100
AcDbPolyline
 90
20
 70
0
 43
0.000000
 10
1.728645
 20
-4.980982
 10
1.728530
 20
-4.981944
 10
1.728359
 20
-4.982894
 10
1.728133
 20
-4.983828
 10
1.727854
 20
-4.984744
 10
1.727523
 20
-4.985639
 10
1.727141
 20
-4.986512
 10
1.726708
 20
-4.987359
 10
1.726227
 20
-4.988178
 10
1.725699
 20
-4.988967
 10
1.725125
 20
-4.989723
 10
1.724505
 20
-4.990444
 10
1.723842
 20
-4.991127
 10
1.723136
 20
-4.991770
 10
1.722389
 20
-4.992370
 10
1.721601
 20
-4.992925
 10
1.720775
 20
-4.993432
 10
1.719911
 20
-4.993889
 10
1.719010
 20
-4.994294
 10
1.718074
 20
-4.994643
  0
LWPOLYLINE
  5
420
330
1F
100
AcDbEntity
  8
Polycam-Floor_1-Objects-Furniture
 62
45
420
11711154
100
AcDbPolyline
 90
20
 70
0
 43
0.000000
 10
1.718074
 20
-4.994643
 10
1.716791
 20
-4.995014
 10
1.715505
 20
-4.995266
 10
1.714219
 20
-4.995404
 10
1.712941
 20
-4.995429
 10
1.711677
 20
-4.995346
 10
1.710431
 20
-4.995157
 10
1.709210
 20
-4.994865
 10
1.708019
 20
-4.994473
 10
1.706866
 20
-4.993985
 10
1.705754
 20
-4.993403
 10
1.704691
 20
-4.992730
 10
1.703682
 20
-4.991970
 10
1.702733
 20
-4.991126
 10
1.701849
 20
-4.990200
 10
1.701037
 20
-4.989196
 10
1.700303
 20
-4.988117
 10
1.699651
 20
-4.986965
 10
1.699089
 20
-4.985745
 10
1.698622
 20
-4.984458
  0
LWPOLYLINE
  5
421
330
1F
100
AcDbEntity
  8
Polycam-Floor_1-Objects-Furniture
 62
45
420
11711154
100
AcDbPolyline
 90
20
 70
0
 43
0.000000
 10
1.698622
 20
-4.984458
 10
1.698263
 20
-4.983134
 10
1.698018
 20
-4.981806
 10
1.697884
 20
-4.980480
 10
1.697859
 20
-4.979161
 10
1.697940
 20
-4.977856
 10
1.698123
 20
-4.976571
 10
1.698405
 20
-4.975311
 10
1.698785
 20
-4.974083
 10
1.699258
 20
-4.972892
 10
1.699822
 20
-4.971746
 10
1.700473
 20
-4.970649
 10
1.701210
 20
-4.969608
 10
1.702028
 20
-4.968628
 10
1.702925
 20
-4.967717
 10
1.703898
 20
-4.966880
 10
1.704944
 20
-4.966122
 10
1.706060
 20
-4.965450
 10
1.707244
 20
-4.964870
 10
1.708491
 20
-4.964389
  0
LWPOLYLINE
  5
422
330
1F
100
AcDbEntity
  8
Polycam-Floor_1-Objects-Furniture
 62
45
420
11711154
100
AcDbPolyline
 90
20
 70
0
 43
0.000000
 10
1.703008
 20
-4.635197
 10
1.702844
 20
-4.635026
 10
1.702684
 20
-4.634852
 10
1.702529
 20
-4.634675
 10
1.702378
 20
-4.634496
 10
1.702232
 20
-4.634314
 10
1.702091
 20
-4.634130
 10
1.701954
 20
-4.633943
 10
1.701822
 20
-4.633754
 10
1.701694
 20
-4.633563
 10
1.701570
 20
-4.633369
 10
1.701451
 20
-4.633174
 10
1.701337
 20
-4.632976
 10
1.701226
 20
-4.632776
 10
1.701121
 20
-4.632575
 10
1.701019
 20
-4.632371
 10
1.700923
 20
-4.632166
 10
1.700830
 20
-4.631959
 10
1.700742
 20
-4.631750
 10
1.700659
 20
-4.631540
  0
LWPOLYLINE
  5
423
330
1F
100
AcDbEntity
  8
Polycam-Floor_1-Objects-Furniture
 62
45
420
11711154
100
AcDbPolyline
 90
20
 70
0
 43
0.000000
 10
1.700659
 20
-4.631540
 10
1.700437
 20
-4.630918
 10
1.700254
 20
-4.630287
 10
1.700109
 20
-4.629646
 10
1.700002
 20
-4.629000
 10
1.699933
 20
-4.628349
 10
1.699902
 20
-4.627695
 10
1.699909
 20
-4.627041
 10
1.699954
 20
-4.626388
 10
1.700037
 20
-4.625739
 10
1.700158
 20
-4.625094
 10
1.700317
 20
-4.624457
 10
1.700514
 20
-4.623829
 10
1.700750
 20
-4.623211
 10
1.701023
 20
-4.622607
 10
1.701335
 20
-4.622017
 10
1.701685
 20
-4.621444
 10
1.702073
 20
-4.620889
 10
1.702499
 20
-4.620355
 10
1.702964
 20
-4.619844
  0
LWPOLYLINE
  5
424
330
1F
100
AcDbEntity
  8
Polycam-Floor_1-Objects-Furniture
 62
45
420
11711154
100
AcDbPolyline
 90
20
 70
0
 43
0.000000
 10
1.702964
 20
-4.619844
 10
1.703632
 20
-4.619207
 10
1.704338
 20
-4.618640
 10
1.705078
 20
-4.618144
 10
1.705847
 20
-4.617719
 10
1.706641
 20
-4.617364
 10
1.707455
 20
-4.617079
 10
1.708285
 20
-4.616865
 10
1.709127
 20
-4.616722
 10
1.709975
 20
-4.616649
 10
1.710825
 20
-4.616646
 10
1.711674
 20
-4.616714
 10
1.712516
 20
-4.616853
 10
1.713347
 20
-4.617062
 10
1.714162
 20
-4.617342
 10
1.714957
 20
-4.617692
 10
1.715728
 20
-4.618113
 10
1.716470
 20
-4.618604
 10
1.717178
 20
-4.619166
 10
1.717849
 20
-4.619798
  0
LWPOLYLINE
  5
425
330
1F
100
AcDbEntity
  8
Polycam-Floor_1-Objects-Furniture
 62
45
420
11711154
100
AcDbPolyline
 90
20
 70
0
 43
0.000000
 10
1.728003
 20
-4.630210
 10
1.727210
 20
-4.631011
 10
1.726422
 20
-4.631817
 10
1.725640
 20
-4.632630
 10
1.724864
 20
-4.633448
 10
1.724093
 20
-4.634271
 10
1.723327
 20
-4.635100
 10
1.722567
 20
-4.635934
 10
1.721813
 20
-4.636774
 10
1.721064
 20
-4.637619
 10
1.720321
 20
-4.638470
 10
1.719584
 20
-4.639325
 10
1.718852
 20
-4.640187
 10
1.718126
 20
-4.641053
 10
1.717406
 20
-4.641925
 10
1.716691
 20
-4.642802
 10
1.715982
 20
-4.643684
 10
1.715280
 20
-4.644571
 10
1.714583
 20
-4.645464
 10
1.713892
 20
-4.646362
  0
LWPOLYLINE
  5
426
330
1F
100
AcDbEntity
  8
Polycam-Floor_1-Objects-Furniture
 62
45
420
11711154
100
AcDbPolyline
 90
20
 70
0
 43
0.000000
 10
1.724561
 20
-4.620365
 10
1.724705
 20
-4.620749
 10
1.724839
 20
-4.621134
 10
1.724962
 20
-4.621521
 10
1.725075
 20
-4.621909
 10
1.725178
 20
-4.622298
 10
1.725271
 20
-4.622687
 10
1.725354
 20
-4.623077
 10
1.725427
 20
-4.623468
 10
1.725491
 20
-4.623858
 10
1.725544
 20
-4.624249
 10
1.725588
 20
-4.624640
 10
1.725622
 20
-4.625031
 10
1.725647
 20
-4.625421
 10
1.725662
 20
-4.625811
 10
1.725668
 20
-4.626200
 10
1.725664
 20
-4.626588
 10
1.725652
 20
-4.626976
 10
1.725630
 20
-4.627362
 10
1.725599
 20
-4.627747
  0
LWPOLYLINE
  5
427
330
1F
100
AcDbEntity
  8
Polycam-Floor_1-Objects-Furniture
 62
45
420
11711154
100
AcDbPolyline
 90
20
 70
0
 43
0.000000
 10
1.717849
 20
-4.619793
 10
1.717178
 20
-4.619160
 10
1.716470
 20
-4.618598
 10
1.715728
 20
-4.618107
 10
1.714957
 20
-4.617686
 10
1.714162
 20
-4.617336
 10
1.713347
 20
-4.617056
 10
1.712516
 20
-4.616847
 10
1.711674
 20
-4.616709
 10
1.710825
 20
-4.616641
 10
1.709975
 20
-4.616643
 10
1.709127
 20
-4.616716
 10
1.708285
 20
-4.616860
 10
1.707455
 20
-4.617074
 10
1.706641
 20
-4.617358
 10
1.705847
 20
-4.617713
 10
1.705078
 20
-4.618139
 10
1.704338
 20
-4.618635
 10
1.703632
 20
-4.619201
 10
1.702964
 20
-4.619838
  0
LWPOLYLINE
  5
428
330
1F
100
AcDbEntity
  8
Polycam-Floor_1-Objects-Furniture
 62
45
420
11711154
100
AcDbPolyline
 90
20
 70
0
 43
0.000000
 10
1.702964
 20
-4.619838
 10
1.702500
 20
-4.620350
 10
1.702075
 20
-4.620883
 10
1.701687
 20
-4.621438
 10
1.701338
 20
-4.622011
 10
1.701027
 20
-4.622600
 10
1.700753
 20
-4.623205
 10
1.700518
 20
-4.623822
 10
1.700321
 20
-4.624450
 10
1.700162
 20
-4.625087
 10
1.700041
 20
-4.625731
 10
1.699958
 20
-4.626380
 10
1.699913
 20
-4.627033
 10
1.699905
 20
-4.627687
 10
1.699936
 20
-4.628341
 10
1.700005
 20
-4.628992
 10
1.700111
 20
-4.629639
 10
1.700256
 20
-4.630279
 10
1.700438
 20
-4.630912
 10
1.700659
 20
-4.631534
  0
LWPOLYLINE
  5
429
330
1F
100
AcDbEntity
  8
Polycam-Floor_1-Objects-Furniture
 62
45
420
11711154
100
AcDbPolyline
 90
20
 70
0
 43
0.000000
 10
1.700659
 20
-4.631534
 10
1.700742
 20
-4.631745
 10
1.700830
 20
-4.631953
 10
1.700923
 20
-4.632160
 10
1.701019
 20
-4.632365
 10
1.701121
 20
-4.632569
 10
1.701226
 20
-4.632771
 10
1.701337
 20
-4.632970
 10
1.701451
 20
-4.633168
 10
1.701570
 20
-4.633364
 10
1.701694
 20
-4.633557
 10
1.701822
 20
-4.633749
 10
1.701954
 20
-4.633938
 10
1.702091
 20
-4.634124
 10
1.702232
 20
-4.634309
 10
1.702378
 20
-4.634490
 10
1.702529
 20
-4.634670
 10
1.702684
 20
-4.634846
 10
1.702844
 20
-4.635020
 10
1.703008
 20
-4.635192
  0
LWPOLYLINE
  5
42a
330
1F
100
AcDbEntity
  8
Polycam-Floor_1-Objects-Furniture
 62
45
420
11711154
100
AcDbPolyline
 90
20
 70
0
 43
0.000000
 10
1.709824
 20
-4.642183
 10
1.708886
 20
-4.642128
 10
1.707957
 20
-4.642014
 10
1.707039
 20
-4.641843
 10
1.706135
 20
-4.641616
 10
1.705247
 20
-4.641333
 10
1.704378
 20
-4.640997
 10
1.703530
 20
-4.640607
 10
1.702706
 20
-4.640166
 10
1.701908
 20
-4.639673
 10
1.701139
 20
-4.639132
 10
1.700402
 20
-4.638541
 10
1.699697
 20
-4.637903
 10
1.699029
 20
-4.637219
 10
1.698400
 20
-4.636489
 10
1.697811
 20
-4.635715
 10
1.697266
 20
-4.634897
 10
1.696767
 20
-4.634038
 10
1.696316
 20
-4.633137
 10
1.695916
 20
-4.632197
  0
LWPOLYLINE
  5
42b
330
1F
100
AcDbEntity
  8
Polycam-Floor_1-Objects-Furniture
 62
45
420
11711154
100
AcDbPolyline
 90
20
 70
0
 43
0.000000
 10
1.695916
 20
-4.632197
 10
1.695474
 20
-4.630901
 10
1.695146
 20
-4.629592
 10
1.694929
 20
-4.628278
 10
1.694821
 20
-4.626964
 10
1.694820
 20
-4.625656
 10
1.694922
 20
-4.624361
 10
1.695125
 20
-4.623086
 10
1.695426
 20
-4.621835
 10
1.695824
 20
-4.620615
 10
1.696315
 20
-4.619433
 10
1.696896
 20
-4.618295
 10
1.697566
 20
-4.617207
 10
1.698321
 20
-4.616175
 10
1.699160
 20
-4.615205
 10
1.700078
 20
-4.614304
 10
1.701075
 20
-4.613478
 10
1.702147
 20
-4.612733
 10
1.703291
 20
-4.612075
 10
1.704506
 20
-4.611510
  0
LWPOLYLINE
  5
42c
330
1F
100
AcDbEntity
  8
Polycam-Floor_1-Objects-Furniture
 62
45
420
11711154
100
AcDbPolyline
 90
20
 70
0
 43
0.000000
 10
1.704506
 20
-4.611510
 10
1.705764
 20
-4.611054
 10
1.707033
 20
-4.610715
 10
1.708307
 20
-4.610492
 10
1.709581
 20
-4.610380
 10
1.710849
 20
-4.610378
 10
1.712105
 20
-4.610483
 10
1.713342
 20
-4.610692
 10
1.714554
 20
-4.611002
 10
1.715736
 20
-4.611411
 10
1.716882
 20
-4.611917
 10
1.717985
 20
-4.612516
 10
1.719040
 20
-4.613206
 10
1.720040
 20
-4.613985
 10
1.720980
 20
-4.614849
 10
1.721853
 20
-4.615795
 10
1.722654
 20
-4.616823
 10
1.723376
 20
-4.617927
 10
1.724014
 20
-4.619107
 10
1.724561
 20
-4.620359
  0
LWPOLYLINE
  5
42d
330
1F
100
AcDbEntity
  8
Polycam-Floor_1-Objects-Furniture
 62
45
420
11711154
100
AcDbPolyline
 90
20
 70
0
 43
0.000000
 10
1.839789
 20
-5.017147
 10
1.833422
 20
-5.017019
 10
1.827117
 20
-5.016638
 10
1.820880
 20
-5.016008
 10
1.814715
 20
-5.015136
 10
1.808627
 20
-5.014024
 10
1.802621
 20
-5.012679
 10
1.796700
 20
-5.011105
 10
1.790870
 20
-5.009306
 10
1.785135
 20
-5.007287
 10
1.779500
 20
-5.005054
 10
1.773970
 20
-5.002610
 10
1.768549
 20
-4.999961
 10
1.763242
 20
-4.997112
 10
1.758053
 20
-4.994066
 10
1.752987
 20
-4.990830
 10
1.748048
 20
-4.987407
 10
1.743242
 20
-4.983802
 10
1.738573
 20
-4.980021
 10
1.734046
 20
-4.976068
  0
LWPOLYLINE
  5
42e
330
1F
100
AcDbEntity
  8
Polycam-Floor_1-Objects-Furniture
 62
45
420
11711154
100
AcDbPolyline
 90
20
 70
0
 43
0.000000
 10
1.734046
 20
-4.976068
 10
1.733213
 20
-4.975308
 10
1.732385
 20
-4.974542
 10
1.731563
 20
-4.973770
 10
1.730745
 20
-4.972993
 10
1.729933
 20
-4.972210
 10
1.729127
 20
-4.971421
 10
1.728325
 20
-4.970627
 10
1.727530
 20
-4.969827
 10
1.726739
 20
-4.969021
 10
1.725954
 20
-4.968210
 10
1.725175
 20
-4.967393
 10
1.724401
 20
-4.966571
 10
1.723633
 20
-4.965743
 10
1.722870
 20
-4.964910
 10
1.722113
 20
-4.964071
 10
1.721362
 20
-4.963227
 10
1.720617
 20
-4.962378
 10
1.719878
 20
-4.961523
 10
1.719144
 20
-4.960663
  0
LWPOLYLINE
  5
42f
330
1F
100
AcDbEntity
  8
Polycam-Floor_1-Objects-Furniture
 62
45
420
11711154
100
AcDbPolyline
 90
20
 70
0
 43
0.000000
 10
1.719144
 20
-4.960663
 10
1.715328
 20
-4.955997
 10
1.711678
 20
-4.951187
 10
1.708198
 20
-4.946236
 10
1.704895
 20
-4.941150
 10
1.701771
 20
-4.935933
 10
1.698832
 20
-4.930590
 10
1.696082
 20
-4.925126
 10
1.693525
 20
-4.919545
 10
1.691167
 20
-4.913853
 10
1.689012
 20
-4.908054
 10
1.687065
 20
-4.902152
 10
1.685329
 20
-4.896152
 10
1.683810
 20
-4.890060
 10
1.682512
 20
-4.883879
 10
1.681440
 20
-4.877615
 10
1.680598
 20
-4.871272
 10
1.679991
 20
-4.864855
 10
1.679623
 20
-4.858369
 10
1.679500
 20
-4.851818
  0
LWPOLYLINE
  5
430
330
1F
100
AcDbEntity
  8
Polycam-Floor_1-Objects-Furniture
 62
45
420
11711154
100
AcDbPolyline
 90
20
 70
0
 43
0.000000
 10
1.679500
 20
-4.748696
 10
1.679606
 20
-4.742621
 10
1.679922
 20
-4.736601
 10
1.680445
 20
-4.730640
 10
1.681170
 20
-4.724742
 10
1.682094
 20
-4.718910
 10
1.683214
 20
-4.713149
 10
1.684526
 20
-4.707462
 10
1.686025
 20
-4.701853
 10
1.687709
 20
-4.696325
 10
1.689574
 20
-4.690883
 10
1.691616
 20
-4.685529
 10
1.693831
 20
-4.680269
 10
1.696217
 20
-4.675105
 10
1.698768
 20
-4.670042
 10
1.701482
 20
-4.665082
 10
1.704356
 20
-4.660231
 10
1.707384
 20
-4.655491
 10
1.710564
 20
-4.650867
 10
1.713892
 20
-4.646362
  0
LWPOLYLINE
  5
431
330
1F
100
AcDbEntity
  8
Polycam-Floor_1-Objects-Furniture
 62
45
420
11711154
100
AcDbPolyline
 90
20
 70
0
 43
0.000000
 10
1.713892
 20
-4.646362
 10
1.714583
 20
-4.645464
 10
1.715280
 20
-4.644571
 10
1.715982
 20
-4.643684
 10
1.716691
 20
-4.642802
 10
1.717406
 20
-4.641925
 10
1.718126
 20
-4.641053
 10
1.718852
 20
-4.640187
 10
1.719584
 20
-4.639325
 10
1.720321
 20
-4.638470
 10
1.721064
 20
-4.637619
 10
1.721813
 20
-4.636774
 10
1.722567
 20
-4.635934
 10
1.723327
 20
-4.635100
 10
1.724093
 20
-4.634271
 10
1.724864
 20
-4.633448
 10
1.725640
 20
-4.632630
 10
1.726422
 20
-4.631817
 10
1.727210
 20
-4.631011
 10
1.728003
 20
-4.630210
  0
LWPOLYLINE
  5
432
330
1F
100
AcDbEntity
  8
Polycam-Floor_1-Objects-Furniture
 62
45
420
11711154
100
AcDbPolyline
 90
20
 70
0
 43
0.000000
 10
1.728003
 20
-4.630210
 10
1.732648
 20
-4.625726
 10
1.737463
 20
-4.621432
 10
1.742443
 20
-4.617336
 10
1.747581
 20
-4.613442
 10
1.752872
 20
-4.609757
 10
1.758310
 20
-4.606287
 10
1.763889
 20
-4.603037
 10
1.769605
 20
-4.600013
 10
1.775450
 20
-4.597221
 10
1.781419
 20
-4.594667
 10
1.787507
 20
-4.592357
 10
1.793707
 20
-4.590297
 10
1.800015
 20
-4.588492
 10
1.806424
 20
-4.586949
 10
1.812929
 20
-4.585673
 10
1.819523
 20
-4.584671
 10
1.826202
 20
-4.583948
 10
1.832959
 20
-4.583509
 10
1.839789
 20
-4.583362
  0
LWPOLYLINE
  5
433
330
1F
100
AcDbEntity
  8
Polycam-Floor_1-Objects-Furniture
 62
45
420
11711154
100
AcDbPolyline
 90
20
 70
0
 43
0.000000
 10
1.858226
 20
-4.582943
 10
1.864695
 20
-4.583092
 10
1.871260
 20
-4.583536
 10
1.877908
 20
-4.584269
 10
1.884629
 20
-4.585287
 10
1.891411
 20
-4.586583
 10
1.898242
 20
-4.588154
 10
1.905111
 20
-4.589993
 10
1.912007
 20
-4.592095
 10
1.918919
 20
-4.594455
 10
1.925834
 20
-4.597068
 10
1.932741
 20
-4.599929
 10
1.939630
 20
-4.603032
 10
1.946489
 20
-4.606372
 10
1.953305
 20
-4.609944
 10
1.960069
 20
-4.613743
 10
1.966768
 20
-4.617763
 10
1.973390
 20
-4.621999
 10
1.979926
 20
-4.626446
 10
1.986363
 20
-4.631099
  0
LWPOLYLINE
  5
434
330
1F
100
AcDbEntity
  8
Polycam-Floor_1-Objects-Furniture
 62
45
420
11711154
100
AcDbPolyline
 90
20
 70
0
 43
0.000000
 10
1.986363
 20
-4.631099
 10
1.987759
 20
-4.632144
 10
1.989149
 20
-4.633199
 10
1.990535
 20
-4.634263
 10
1.991914
 20
-4.635337
 10
1.993288
 20
-4.636421
 10
1.994656
 20
-4.637514
 10
1.996017
 20
-4.638616
 10
1.997373
 20
-4.639728
 10
1.998722
 20
-4.640849
 10
2.000065
 20
-4.641979
 10
2.001402
 20
-4.643118
 10
2.002732
 20
-4.644267
 10
2.004055
 20
-4.645424
 10
2.005372
 20
-4.646590
 10
2.006681
 20
-4.647766
 10
2.007983
 20
-4.648950
 10
2.009278
 20
-4.650143
 10
2.010566
 20
-4.651345
 10
2.011846
 20
-4.652555
  0
LWPOLYLINE
  5
435
330
1F
100
AcDbEntity
  8
Polycam-Floor_1-Objects-Furniture
 62
45
420
11711154
100
AcDbPolyline
 90
20
 70
0
 43
0.000000
 10
2.011846
 20
-4.652555
 10
2.011988
 20
-4.652689
 10
2.012129
 20
-4.652824
 10
2.012270
 20
-4.652958
 10
2.012411
 20
-4.653093
 10
2.012552
 20
-4.653228
 10
2.012694
 20
-4.653363
 10
2.012835
 20
-4.653498
 10
2.012976
 20
-4.653633
 10
2.013117
 20
-4.653769
 10
2.013257
 20
-4.653905
 10
2.013398
 20
-4.654040
 10
2.013539
 20
-4.654176
 10
2.013679
 20
-4.654312
 10
2.013820
 20
-4.654448
 10
2.013960
 20
-4.654585
 10
2.014100
 20
-4.654721
 10
2.014240
 20
-4.654858
 10
2.014380
 20
-4.654994
 10
2.014519
 20
-4.655131
  0
LWPOLYLINE
  5
436
330
1F
100
AcDbEntity
  8
Polycam-Floor_1-Objects-Furniture
 62
45
420
11711154
100
AcDbPolyline
 90
20
 70
0
 43
0.000000
 10
2.014519
 20
-4.655131
 10
2.015379
 20
-4.655974
 10
2.016235
 20
-4.656821
 10
2.017087
 20
-4.657673
 10
2.017935
 20
-4.658528
 10
2.018780
 20
-4.659387
 10
2.019621
 20
-4.660250
 10
2.020457
 20
-4.661117
 10
2.021290
 20
-4.661988
 10
2.022119
 20
-4.662862
 10
2.022944
 20
-4.663741
 10
2.023765
 20
-4.664623
 10
2.024581
 20
-4.665509
 10
2.025394
 20
-4.666399
 10
2.026202
 20
-4.667292
 10
2.027006
 20
-4.668190
 10
2.027806
 20
-4.669091
 10
2.028601
 20
-4.669995
 10
2.029392
 20
-4.670903
 10
2.030178
 20
-4.671815
  0
LWPOLYLINE
  5
437
330
1F
100
AcDbEntity
  8
Polycam-Floor_1-Objects-Furniture
 62
45
420
11711154
100
AcDbPolyline
 90
20
 70
0
 43
0.000000
 10
2.030178
 20
-4.671815
 10
2.034977
 20
-4.677570
 10
2.039597
 20
-4.683461
 10
2.044029
 20
-4.689484
 10
2.048264
 20
-4.695633
 10
2.052292
 20
-4.701906
 10
2.056105
 20
-4.708297
 10
2.059692
 20
-4.714803
 10
2.063046
 20
-4.721419
 10
2.066156
 20
-4.728141
 10
2.069013
 20
-4.734965
 10
2.071609
 20
-4.741886
 10
2.073934
 20
-4.748900
 10
2.075978
 20
-4.756003
 10
2.077733
 20
-4.763191
 10
2.079189
 20
-4.770460
 10
2.080338
 20
-4.777805
 10
2.081169
 20
-4.785222
 10
2.081673
 20
-4.792706
 10
2.081843
 20
-4.800254
  0
LWPOLYLINE
  5
438
330
1F
100
AcDbEntity
  8
Polycam-Floor_1-Objects-Furniture
 62
45
420
11711154
100
AcDbPolyline
 90
20
 70
0
 43
0.000000
 10
2.081843
 20
-4.800254
 10
2.081845
 20
-4.800407
 10
2.081848
 20
-4.800560
 10
2.081850
 20
-4.800713
 10
2.081852
 20
-4.800865
 10
2.081854
 20
-4.801018
 10
2.081856
 20
-4.801170
 10
2.081858
 20
-4.801323
 10
2.081860
 20
-4.801475
 10
2.081862
 20
-4.801627
 10
2.081863
 20
-4.801780
 10
2.081865
 20
-4.801932
 10
2.081866
 20
-4.802085
 10
2.081867
 20
-4.802237
 10
2.081868
 20
-4.802390
 10
2.081869
 20
-4.802542
 10
2.081869
 20
-4.802695
 10
2.081870
 20
-4.802847
 10
2.081870
 20
-4.803000
 10
2.081870
 20
-4.803153
  0
LWPOLYLINE
  5
439
330
1F
100
AcDbEntity
  8
Polycam-Floor_1-Objects-Furniture
 62
45
420
11711154
100
AcDbPolyline
 90
20
 70
0
 43
0.000000
 10
2.081870
 20
-4.803153
 10
2.081704
 20
-4.810501
 10
2.081212
 20
-4.817787
 10
2.080403
 20
-4.825007
 10
2.079285
 20
-4.832158
 10
2.077867
 20
-4.839235
 10
2.076158
 20
-4.846234
 10
2.074167
 20
-4.853152
 10
2.071902
 20
-4.859983
 10
2.069373
 20
-4.866725
 10
2.066587
 20
-4.873373
 10
2.063555
 20
-4.879923
 10
2.060284
 20
-4.886372
 10
2.056783
 20
-4.892714
 10
2.053061
 20
-4.898946
 10
2.049127
 20
-4.905065
 10
2.044990
 20
-4.911066
 10
2.040658
 20
-4.916944
 10
2.036141
 20
-4.922697
 10
2.031446
 20
-4.928320
  0
LWPOLYLINE
  5
43a
330
1F
100
AcDbEntity
  8
Polycam-Floor_1-Objects-Furniture
 62
45
420
11711154
100
AcDbPolyline
 90
20
 70
0
 43
0.000000
 10
2.031446
 20
-4.928320
 10
2.030678
 20
-4.929210
 10
2.029905
 20
-4.930096
 10
2.029128
 20
-4.930978
 10
2.028347
 20
-4.931857
 10
2.027562
 20
-4.932733
 10
2.026772
 20
-4.933605
 10
2.025978
 20
-4.934474
 10
2.025181
 20
-4.935339
 10
2.024379
 20
-4.936200
 10
2.023573
 20
-4.937058
 10
2.022763
 20
-4.937912
 10
2.021949
 20
-4.938762
 10
2.021131
 20
-4.939609
 10
2.020309
 20
-4.940452
 10
2.019484
 20
-4.941290
 10
2.018654
 20
-4.942126
 10
2.017821
 20
-4.942957
 10
2.016984
 20
-4.943784
 10
2.016144
 20
-4.944608
  0
LWPOLYLINE
  5
43b
330
1F
100
AcDbEntity
  8
Polycam-Floor_1-Objects-Furniture
 62
45
420
11711154
100
AcDbPolyline
 90
20
 70
0
 43
0.000000
 10
2.016144
 20
-4.944608
 10
2.015752
 20
-4.944990
 10
2.015359
 20
-4.945371
 10
2.014965
 20
-4.945752
 10
2.014570
 20
-4.946132
 10
2.014174
 20
-4.946511
 10
2.013778
 20
-4.946889
 10
2.013380
 20
-4.947267
 10
2.012982
 20
-4.947644
 10
2.012583
 20
-4.948019
 10
2.012184
 20
-4.948394
 10
2.011783
 20
-4.948768
 10
2.011382
 20
-4.949142
 10
2.010980
 20
-4.949514
 10
2.010577
 20
-4.949886
 10
2.010174
 20
-4.950256
 10
2.009770
 20
-4.950626
 10
2.009365
 20
-4.950995
 10
2.008959
 20
-4.951363
 10
2.008553
 20
-4.951730
  0
LWPOLYLINE
  5
43c
330
1F
100
AcDbEntity
  8
Polycam-Floor_1-Objects-Furniture
 62
45
420
11711154
100
AcDbPolyline
 90
20
 70
0
 43
0.000000
 10
2.008553
 20
-4.951730
 10
2.007196
 20
-4.952948
 10
2.005832
 20
-4.954157
 10
2.004459
 20
-4.955356
 10
2.003079
 20
-4.956545
 10
2.001692
 20
-4.957725
 10
2.000297
 20
-4.958895
 10
1.998895
 20
-4.960055
 10
1.997485
 20
-4.961206
 10
1.996069
 20
-4.962346
 10
1.994646
 20
-4.963476
 10
1.993217
 20
-4.964596
 10
1.991780
 20
-4.965707
 10
1.990338
 20
-4.966806
 10
1.988889
 20
-4.967896
 10
1.987434
 20
-4.968975
 10
1.985973
 20
-4.970044
 10
1.984506
 20
-4.971102
 10
1.983033
 20
-4.972149
 10
1.981555
 20
-4.973186
  0
LWPOLYLINE
  5
43d
330
1F
100
AcDbEntity
  8
Polycam-Floor_1-Objects-Furniture
 62
45
420
11711154
100
AcDbPolyline
 90
20
 70
0
 43
0.000000
 10
1.981555
 20
-4.973186
 10
1.975327
 20
-4.977406
 10
1.969014
 20
-4.981438
 10
1.962626
 20
-4.985276
 10
1.956173
 20
-4.988916
 10
1.949665
 20
-4.992354
 10
1.943111
 20
-4.995585
 10
1.936522
 20
-4.998605
 10
1.929906
 20
-5.001409
 10
1.923275
 20
-5.003993
 10
1.916637
 20
-5.006352
 10
1.910002
 20
-5.008482
 10
1.903381
 20
-5.010378
 10
1.896783
 20
-5.012035
 10
1.890217
 20
-5.013450
 10
1.883695
 20
-5.014618
 10
1.877224
 20
-5.015535
 10
1.870816
 20
-5.016194
 10
1.864480
 20
-5.016594
 10
1.858226
 20
-5.016728
  0
LWPOLYLINE
  5
43e
330
1F
100
AcDbEntity
  8
Polycam-Floor_1-Objects-Furniture
 62
45
420
11711154
100
AcDbPolyline
 90
20
 70
0
 43
0.000000
 10
1.981555
 20
-4.973186
 10
1.983033
 20
-4.972149
 10
1.984506
 20
-4.971102
 10
1.985973
 20
-4.970044
 10
1.987434
 20
-4.968975
 10
1.988889
 20
-4.967896
 10
1.990338
 20
-4.966806
 10
1.991780
 20
-4.965707
 10
1.993217
 20
-4.964596
 10
1.994646
 20
-4.963476
 10
1.996069
 20
-4.962346
 10
1.997485
 20
-4.961206
 10
1.998895
 20
-4.960055
 10
2.000297
 20
-4.958895
 10
2.001692
 20
-4.957725
 10
2.003079
 20
-4.956545
 10
2.004459
 20
-4.955356
 10
2.005832
 20
-4.954157
 10
2.007196
 20
-4.952948
 10
2.008553
 20
-4.951730
  0
LWPOLYLINE
  5
43f
330
1F
100
AcDbEntity
  8
Polycam-Floor_1-Objects-Furniture
 62
45
420
11711154
100
AcDbPolyline
 90
20
 70
0
 43
0.000000
 10
2.011846
 20
-4.652555
 10
2.010566
 20
-4.651345
 10
2.009278
 20
-4.650143
 10
2.007983
 20
-4.648950
 10
2.006681
 20
-4.647766
 10
2.005372
 20
-4.646590
 10
2.004055
 20
-4.645424
 10
2.002732
 20
-4.644267
 10
2.001402
 20
-4.643118
 10
2.000065
 20
-4.641979
 10
1.998722
 20
-4.640849
 10
1.997373
 20
-4.639728
 10
1.996017
 20
-4.638616
 10
1.994656
 20
-4.637514
 10
1.993288
 20
-4.636421
 10
1.991914
 20
-4.635337
 10
1.990535
 20
-4.634263
 10
1.989149
 20
-4.633199
 10
1.987759
 20
-4.632144
 10
1.986363
 20
-4.631099
  0
LWPOLYLINE
  5
440
330
1F
100
AcDbEntity
  8
Polycam-Floor_1-Objects-Fixtures
 62
45
420
11711154
100
AcDbPolyline
 90
2
 70
0
 43
0.000000
 10
-1.752065
 20
0.727186
 10
-1.752065
 20
3.890272
  0
LWPOLYLINE
  5
441
330
1F
100
AcDbEntity
  8
Polycam-Floor_1-Objects-Fixtures
 62
45
420
11711154
100
AcDbPolyline
 90
2
 70
0
 43
0.000000
 10
-1.752065
 20
3.890272
 10
-2.402000
 20
3.890272
  0
LWPOLYLINE
  5
442
330
1F
100
AcDbEntity
  8
Polycam-Floor_1-Objects-Fixtures
 62
45
420
11711154
100
AcDbPolyline
 90
2
 70
0
 43
0.000000
 10
-2.402000
 20
3.890272
 10
-2.402000
 20
0.727186
  0
LWPOLYLINE
  5
443
330
1F
100
AcDbEntity
  8
Polycam-Floor_1-Objects-Fixtures
 62
45
420
11711154
100
AcDbPolyline
 90
2
 70
0
 43
0.000000
 10
-2.402000
 20
0.727186
 10
-1.752065
 20
0.727186
  0
LWPOLYLINE
  5
444
330
1F
100
AcDbEntity
  8
Polycam-Floor_1-Objects-Fixtures
 62
45
420
11711154
100
AcDbPolyline
 90
2
 70
0
 43
0.000000
 10
-1.752065
 20
0.727186
 10
-1.752065
 20
0.727186
  0
LWPOLYLINE
  5
445
330
1F
100
AcDbEntity
  8
Polycam-Floor_1-Objects-Fixtures
 62
45
420
11711154
100
AcDbPolyline
 90
2
 70
0
 43
0.000000
 10
-1.666866
 20
3.265038
 10
-1.666866
 20
3.890272
  0
LWPOLYLINE
  5
446
330
1F
100
AcDbEntity
  8
Polycam-Floor_1-Objects-Fixtures
 62
45
420
11711154
100
AcDbPolyline
 90
2
 70
0
 43
0.000000
 10
-1.666866
 20
3.890272
 10
-1.738832
 20
3.890272
  0
LWPOLYLINE
  5
447
330
1F
100
AcDbEntity
  8
Polycam-Floor_1-Objects-Fixtures
 62
45
420
11711154
100
AcDbPolyline
 90
2
 70
0
 43
0.000000
 10
-1.738832
 20
3.890272
 10
-1.738832
 20
3.265038
  0
LWPOLYLINE
  5
448
330
1F
100
AcDbEntity
  8
Polycam-Floor_1-Objects-Fixtures
 62
45
420
11711154
100
AcDbPolyline
 90
2
 70
0
 43
0.000000
 10
-1.738832
 20
3.265038
 10
-1.666866
 20
3.265038
  0
LWPOLYLINE
  5
449
330
1F
100
AcDbEntity
  8
Polycam-Floor_1-Objects-Fixtures
 62
45
420
11711154
100
AcDbPolyline
 90
2
 70
0
 43
0.000000
 10
-1.666866
 20
3.265038
 10
-1.666866
 20
3.265038
  0
LWPOLYLINE
  5
44a
330
1F
100
AcDbEntity
  8
Polycam-Floor_1-Objects-Fixtures
 62
45
420
11711154
100
AcDbPolyline
 90
2
 70
0
 43
0.000000
 10
-1.738832
 20
3.886446
 10
-1.752065
 20
3.886446
  0
LWPOLYLINE
  5
44b
330
1F
100
AcDbEntity
  8
Polycam-Floor_1-Objects-Fixtures
 62
45
420
11711154
100
AcDbPolyline
 90
2
 70
0
 43
0.000000
 10
-1.738832
 20
3.269480
 10
-1.752065
 20
3.269480
  0
LWPOLYLINE
  5
44c
330
1F
100
AcDbEntity
  8
Polycam-Floor_1-Objects-Fixtures
 62
45
420
11711154
100
AcDbPolyline
 90
2
 70
0
 43
0.000000
 10
-1.666866
 20
2.634554
 10
-1.666866
 20
3.259787
  0
LWPOLYLINE
  5
44d
330
1F
100
AcDbEntity
  8
Polycam-Floor_1-Objects-Fixtures
 62
45
420
11711154
100
AcDbPolyline
 90
2
 70
0
 43
0.000000
 10
-1.666866
 20
3.259787
 10
-1.738832
 20
3.259787
  0
LWPOLYLINE
  5
44e
330
1F
100
AcDbEntity
  8
Polycam-Floor_1-Objects-Fixtures
 62
45
420
11711154
100
AcDbPolyline
 90
2
 70
0
 43
0.000000
 10
-1.738832
 20
3.259787
 10
-1.738832
 20
2.634554
  0
LWPOLYLINE
  5
44f
330
1F
100
AcDbEntity
  8
Polycam-Floor_1-Objects-Fixtures
 62
45
420
11711154
100
AcDbPolyline
 90
2
 70
0
 43
0.000000
 10
-1.738832
 20
2.634554
 10
-1.666866
 20
2.634554
  0
LWPOLYLINE
  5
450
330
1F
100
AcDbEntity
  8
Polycam-Floor_1-Objects-Fixtures
 62
45
420
11711154
100
AcDbPolyline
 90
2
 70
0
 43
0.000000
 10
-1.666866
 20
2.634554
 10
-1.666866
 20
2.634554
  0
LWPOLYLINE
  5
451
330
1F
100
AcDbEntity
  8
Polycam-Floor_1-Objects-Fixtures
 62
45
420
11711154
100
AcDbPolyline
 90
2
 70
0
 43
0.000000
 10
-1.738832
 20
3.255996
 10
-1.752065
 20
3.255996
  0
LWPOLYLINE
  5
452
330
1F
100
AcDbEntity
  8
Polycam-Floor_1-Objects-Fixtures
 62
45
420
11711154
100
AcDbPolyline
 90
2
 70
0
 43
0.000000
 10
-1.738832
 20
2.638996
 10
-1.752065
 20
2.638996
  0
LWPOLYLINE
  5
453
330
1F
100
AcDbEntity
  8
Polycam-Floor_1-Objects-Fixtures
 62
45
420
11711154
100
AcDbPolyline
 90
2
 70
0
 43
0.000000
 10
-1.666866
 20
1.998040
 10
-1.666866
 20
2.623274
  0
LWPOLYLINE
  5
454
330
1F
100
AcDbEntity
  8
Polycam-Floor_1-Objects-Fixtures
 62
45
420
11711154
100
AcDbPolyline
 90
2
 70
0
 43
0.000000
 10
-1.666866
 20
2.623274
 10
-1.738832
 20
2.623274
  0
LWPOLYLINE
  5
455
330
1F
100
AcDbEntity
  8
Polycam-Floor_1-Objects-Fixtures
 62
45
420
11711154
100
AcDbPolyline
 90
2
 70
0
 43
0.000000
 10
-1.738832
 20
2.623274
 10
-1.738832
 20
1.998040
  0
LWPOLYLINE
  5
456
330
1F
100
AcDbEntity
  8
Polycam-Floor_1-Objects-Fixtures
 62
45
420
11711154
100
AcDbPolyline
 90
2
 70
0
 43
0.000000
 10
-1.738832
 20
1.998040
 10
-1.666866
 20
1.998040
  0
LWPOLYLINE
  5
457
330
1F
100
AcDbEntity
  8
Polycam-Floor_1-Objects-Fixtures
 62
45
420
11711154
100
AcDbPolyline
 90
2
 70
0
 43
0.000000
 10
-1.666866
 20
1.998040
 10
-1.666866
 20
1.998040
  0
LWPOLYLINE
  5
458
330
1F
100
AcDbEntity
  8
Polycam-Floor_1-Objects-Fixtures
 62
45
420
11711154
100
AcDbPolyline
 90
2
 70
0
 43
0.000000
 10
-1.738832
 20
2.619480
 10
-1.752065
 20
2.619480
  0
LWPOLYLINE
  5
459
330
1F
100
AcDbEntity
  8
Polycam-Floor_1-Objects-Fixtures
 62
45
420
11711154
100
AcDbPolyline
 90
2
 70
0
 43
0.000000
 10
-1.738832
 20
2.002482
 10
-1.752065
 20
2.002482
  0
LWPOLYLINE
  5
45a
330
1F
100
AcDbEntity
  8
Polycam-Floor_1-Objects-Fixtures
 62
45
420
11711154
100
AcDbPolyline
 90
2
 70
0
 43
0.000000
 10
-1.666866
 20
1.360655
 10
-1.666866
 20
1.985885
  0
LWPOLYLINE
  5
45b
330
1F
100
AcDbEntity
  8
Polycam-Floor_1-Objects-Fixtures
 62
45
420
11711154
100
AcDbPolyline
 90
2
 70
0
 43
0.000000
 10
-1.666866
 20
1.985885
 10
-1.738832
 20
1.985885
  0
LWPOLYLINE
  5
45c
330
1F
100
AcDbEntity
  8
Polycam-Floor_1-Objects-Fixtures
 62
45
420
11711154
100
AcDbPolyline
 90
2
 70
0
 43
0.000000
 10
-1.738832
 20
1.985885
 10
-1.738832
 20
1.360655
  0
LWPOLYLINE
  5
45d
330
1F
100
AcDbEntity
  8
Polycam-Floor_1-Objects-Fixtures
 62
45
420
11711154
100
AcDbPolyline
 90
2
 70
0
 43
0.000000
 10
-1.738832
 20
1.360655
 10
-1.666866
 20
1.360655
  0
LWPOLYLINE
  5
45e
330
1F
100
AcDbEntity
  8
Polycam-Floor_1-Objects-Fixtures
 62
45
420
11711154
100
AcDbPolyline
 90
2
 70
0
 43
0.000000
 10
-1.666866
 20
1.360655
 10
-1.666866
 20
1.360655
  0
LWPOLYLINE
  5
45f
330
1F
100
AcDbEntity
  8
Polycam-Floor_1-Objects-Fixtures
 62
45
420
11711154
100
AcDbPolyline
 90
2
 70
0
 43
0.000000
 10
-1.738832
 20
1.982094
 10
-1.752065
 20
1.982094
  0
LWPOLYLINE
  5
460
330
1F
100
AcDbEntity
  8
Polycam-Floor_1-Objects-Fixtures
 62
45
420
11711154
100
AcDbPolyline
 90
2
 70
0
 43
0.000000
 10
-1.738832
 20
1.365094
 10
-1.752065
 20
1.365094
  0
LWPOLYLINE
  5
461
330
1F
100
AcDbEntity
  8
Polycam-Floor_1-Objects-Fixtures
 62
45
420
11711154
100
AcDbPolyline
 90
2
 70
0
 43
0.000000
 10
-1.666866
 20
0.727187
 10
-1.666866
 20
1.360655
  0
LWPOLYLINE
  5
462
330
1F
100
AcDbEntity
  8
Polycam-Floor_1-Objects-Fixtures
 62
45
420
11711154
100
AcDbPolyline
 90
2
 70
0
 43
0.000000
 10
-1.666866
 20
1.360655
 10
-1.738832
 20
1.360655
  0
LWPOLYLINE
  5
463
330
1F
100
AcDbEntity
  8
Polycam-Floor_1-Objects-Fixtures
 62
45
420
11711154
100
AcDbPolyline
 90
2
 70
0
 43
0.000000
 10
-1.738832
 20
1.360655
 10
-1.738832
 20
0.727187
  0
LWPOLYLINE
  5
464
330
1F
100
AcDbEntity
  8
Polycam-Floor_1-Objects-Fixtures
 62
45
420
11711154
100
AcDbPolyline
 90
2
 70
0
 43
0.000000
 10
-1.738832
 20
0.727187
 10
-1.666866
 20
0.727187
  0
LWPOLYLINE
  5
465
330
1F
100
AcDbEntity
  8
Polycam-Floor_1-Objects-Fixtures
 62
45
420
11711154
100
AcDbPolyline
 90
2
 70
0
 43
0.000000
 10
-1.666866
 20
0.727187
 10
-1.666866
 20
0.727187
  0
LWPOLYLINE
  5
466
330
1F
100
AcDbEntity
  8
Polycam-Floor_1-Objects-Fixtures
 62
45
420
11711154
100
AcDbPolyline
 90
2
 70
0
 43
0.000000
 10
-1.738832
 20
1.356797
 10
-1.752065
 20
1.356797
  0
LWPOLYLINE
  5
467
330
1F
100
AcDbEntity
  8
Polycam-Floor_1-Objects-Fixtures
 62
45
420
11711154
100
AcDbPolyline
 90
2
 70
0
 43
0.000000
 10
-1.738832
 20
0.731693
 10
-1.752065
 20
0.731693
  0
LWPOLYLINE
  5
468
330
1F
100
AcDbEntity
  8
Polycam-Floor_1-Objects-Fixtures
 62
45
420
11711154
100
AcDbPolyline
 90
2
 70
0
 43
0.000000
 10
-1.627140
 20
3.553098
 10
-1.627140
 20
3.553098
  0
LWPOLYLINE
  5
469
330
1F
100
AcDbEntity
  8
Polycam-Floor_1-Objects-Fixtures
 62
45
420
11711154
100
AcDbPolyline
 90
2
 70
0
 43
0.000000
 10
-1.645077
 20
3.568464
 10
-1.666350
 20
3.568464
  0
LWPOLYLINE
  5
46a
330
1F
100
AcDbEntity
  8
Polycam-Floor_1-Objects-Fixtures
 62
45
420
11711154
100
AcDbPolyline
 90
2
 70
0
 43
0.000000
 10
-1.666350
 20
3.568464
 10
-1.666350
 20
3.594043
  0
LWPOLYLINE
  5
46b
330
1F
100
AcDbEntity
  8
Polycam-Floor_1-Objects-Fixtures
 62
45
420
11711154
100
AcDbPolyline
 90
2
 70
0
 43
0.000000
 10
-1.666350
 20
3.594043
 10
-1.644803
 20
3.594043
  0
LWPOLYLINE
  5
46c
330
1F
100
AcDbEntity
  8
Polycam-Floor_1-Objects-Fixtures
 62
45
420
11711154
100
AcDbPolyline
 90
2
 70
0
 43
0.000000
 10
-1.645077
 20
3.568464
 10
-1.645077
 20
3.568464
  0
LWPOLYLINE
  5
46d
330
1F
100
AcDbEntity
  8
Polycam-Floor_1-Objects-Fixtures
 62
45
420
11711154
100
AcDbPolyline
 90
2
 70
0
 43
0.000000
 10
-1.627140
 20
3.348286
 10
-1.627140
 20
3.348286
  0
LWPOLYLINE
  5
46e
330
1F
100
AcDbEntity
  8
Polycam-Floor_1-Objects-Fixtures
 62
45
420
11711154
100
AcDbPolyline
 90
2
 70
0
 43
0.000000
 10
-1.645077
 20
3.363652
 10
-1.666350
 20
3.363652
  0
LWPOLYLINE
  5
46f
330
1F
100
AcDbEntity
  8
Polycam-Floor_1-Objects-Fixtures
 62
45
420
11711154
100
AcDbPolyline
 90
2
 70
0
 43
0.000000
 10
-1.666350
 20
3.363652
 10
-1.666350
 20
3.389228
  0
LWPOLYLINE
  5
470
330
1F
100
AcDbEntity
  8
Polycam-Floor_1-Objects-Fixtures
 62
45
420
11711154
100
AcDbPolyline
 90
2
 70
0
 43
0.000000
 10
-1.666350
 20
3.389228
 10
-1.644803
 20
3.389228
  0
LWPOLYLINE
  5
471
330
1F
100
AcDbEntity
  8
Polycam-Floor_1-Objects-Fixtures
 62
45
420
11711154
100
AcDbPolyline
 90
2
 70
0
 43
0.000000
 10
-1.645077
 20
3.363652
 10
-1.645077
 20
3.363652
  0
LWPOLYLINE
  5
472
330
1F
100
AcDbEntity
  8
Polycam-Floor_1-Objects-Fixtures
 62
45
420
11711154
100
AcDbPolyline
 90
2
 70
0
 43
0.000000
 10
-1.627140
 20
2.918983
 10
-1.627140
 20
2.918983
  0
LWPOLYLINE
  5
473
330
1F
100
AcDbEntity
  8
Polycam-Floor_1-Objects-Fixtures
 62
45
420
11711154
100
AcDbPolyline
 90
2
 70
0
 43
0.000000
 10
-1.645077
 20
2.934384
 10
-1.666350
 20
2.934384
  0
LWPOLYLINE
  5
474
330
1F
100
AcDbEntity
  8
Polycam-Floor_1-Objects-Fixtures
 62
45
420
11711154
100
AcDbPolyline
 90
2
 70
0
 43
0.000000
 10
-1.666350
 20
2.934384
 10
-1.666350
 20
2.959960
  0
LWPOLYLINE
  5
475
330
1F
100
AcDbEntity
  8
Polycam-Floor_1-Objects-Fixtures
 62
45
420
11711154
100
AcDbPolyline
 90
2
 70
0
 43
0.000000
 10
-1.666350
 20
2.959960
 10
-1.644803
 20
2.959960
  0
LWPOLYLINE
  5
476
330
1F
100
AcDbEntity
  8
Polycam-Floor_1-Objects-Fixtures
 62
45
420
11711154
100
AcDbPolyline
 90
2
 70
0
 43
0.000000
 10
-1.645077
 20
2.934384
 10
-1.645077
 20
2.934384
  0
LWPOLYLINE
  5
477
330
1F
100
AcDbEntity
  8
Polycam-Floor_1-Objects-Fixtures
 62
45
420
11711154
100
AcDbPolyline
 90
2
 70
0
 43
0.000000
 10
-1.627140
 20
2.282860
 10
-1.627140
 20
2.282860
  0
LWPOLYLINE
  5
478
330
1F
100
AcDbEntity
  8
Polycam-Floor_1-Objects-Fixtures
 62
45
420
11711154
100
AcDbPolyline
 90
2
 70
0
 43
0.000000
 10
-1.645077
 20
2.298258
 10
-1.666350
 20
2.298258
  0
LWPOLYLINE
  5
479
330
1F
100
AcDbEntity
  8
Polycam-Floor_1-Objects-Fixtures
 62
45
420
11711154
100
AcDbPolyline
 90
2
 70
0
 43
0.000000
 10
-1.666350
 20
2.298258
 10
-1.666350
 20
2.323834
  0
LWPOLYLINE
  5
47a
330
1F
100
AcDbEntity
  8
Polycam-Floor_1-Objects-Fixtures
 62
45
420
11711154
100
AcDbPolyline
 90
2
 70
0
 43
0.000000
 10
-1.666350
 20
2.323834
 10
-1.644803
 20
2.323834
  0
LWPOLYLINE
  5
47b
330
1F
100
AcDbEntity
  8
Polycam-Floor_1-Objects-Fixtures
 62
45
420
11711154
100
AcDbPolyline
 90
2
 70
0
 43
0.000000
 10
-1.645077
 20
2.298258
 10
-1.645077
 20
2.298258
  0
LWPOLYLINE
  5
47c
330
1F
100
AcDbEntity
  8
Polycam-Floor_1-Objects-Fixtures
 62
45
420
11711154
100
AcDbPolyline
 90
2
 70
0
 43
0.000000
 10
-1.627140
 20
1.849213
 10
-1.627140
 20
1.849213
  0
LWPOLYLINE
  5
47d
330
1F
100
AcDbEntity
  8
Polycam-Floor_1-Objects-Fixtures
 62
45
420
11711154
100
AcDbPolyline
 90
2
 70
0
 43
0.000000
 10
-1.645077
 20
1.864611
 10
-1.666350
 20
1.864611
  0
LWPOLYLINE
  5
47e
330
1F
100
AcDbEntity
  8
Polycam-Floor_1-Objects-Fixtures
 62
45
420
11711154
100
AcDbPolyline
 90
2
 70
0
 43
0.000000
 10
-1.666350
 20
1.864611
 10
-1.666350
 20
1.890187
  0
LWPOLYLINE
  5
47f
330
1F
100
AcDbEntity
  8
Polycam-Floor_1-Objects-Fixtures
 62
45
420
11711154
100
AcDbPolyline
 90
2
 70
0
 43
0.000000
 10
-1.666350
 20
1.890187
 10
-1.644803
 20
1.890187
  0
LWPOLYLINE
  5
480
330
1F
100
AcDbEntity
  8
Polycam-Floor_1-Objects-Fixtures
 62
45
420
11711154
100
AcDbPolyline
 90
2
 70
0
 43
0.000000
 10
-1.645077
 20
1.864611
 10
-1.645077
 20
1.864611
  0
LWPOLYLINE
  5
481
330
1F
100
AcDbEntity
  8
Polycam-Floor_1-Objects-Fixtures
 62
45
420
11711154
100
AcDbPolyline
 90
2
 70
0
 43
0.000000
 10
-1.627140
 20
1.645113
 10
-1.627140
 20
1.645113
  0
LWPOLYLINE
  5
482
330
1F
100
AcDbEntity
  8
Polycam-Floor_1-Objects-Fixtures
 62
45
420
11711154
100
AcDbPolyline
 90
2
 70
0
 43
0.000000
 10
-1.645077
 20
1.660479
 10
-1.666350
 20
1.660479
  0
LWPOLYLINE
  5
483
330
1F
100
AcDbEntity
  8
Polycam-Floor_1-Objects-Fixtures
 62
45
420
11711154
100
AcDbPolyline
 90
2
 70
0
 43
0.000000
 10
-1.666350
 20
1.660479
 10
-1.666350
 20
1.686058
  0
LWPOLYLINE
  5
484
330
1F
100
AcDbEntity
  8
Polycam-Floor_1-Objects-Fixtures
 62
45
420
11711154
100
AcDbPolyline
 90
2
 70
0
 43
0.000000
 10
-1.666350
 20
1.686058
 10
-1.644803
 20
1.686058
  0
LWPOLYLINE
  5
485
330
1F
100
AcDbEntity
  8
Polycam-Floor_1-Objects-Fixtures
 62
45
420
11711154
100
AcDbPolyline
 90
2
 70
0
 43
0.000000
 10
-1.645077
 20
1.660479
 10
-1.645077
 20
1.660479
  0
LWPOLYLINE
  5
486
330
1F
100
AcDbEntity
  8
Polycam-Floor_1-Objects-Fixtures
 62
45
420
11711154
100
AcDbPolyline
 90
2
 70
0
 43
0.000000
 10
-1.627140
 20
1.236560
 10
-1.627140
 20
1.236560
  0
LWPOLYLINE
  5
487
330
1F
100
AcDbEntity
  8
Polycam-Floor_1-Objects-Fixtures
 62
45
420
11711154
100
AcDbPolyline
 90
2
 70
0
 43
0.000000
 10
-1.645077
 20
1.251958
 10
-1.666350
 20
1.251958
  0
LWPOLYLINE
  5
488
330
1F
100
AcDbEntity
  8
Polycam-Floor_1-Objects-Fixtures
 62
45
420
11711154
100
AcDbPolyline
 90
2
 70
0
 43
0.000000
 10
-1.666350
 20
1.251958
 10
-1.666350
 20
1.277534
  0
LWPOLYLINE
  5
489
330
1F
100
AcDbEntity
  8
Polycam-Floor_1-Objects-Fixtures
 62
45
420
11711154
100
AcDbPolyline
 90
2
 70
0
 43
0.000000
 10
-1.666350
 20
1.277534
 10
-1.644803
 20
1.277534
  0
LWPOLYLINE
  5
48a
330
1F
100
AcDbEntity
  8
Polycam-Floor_1-Objects-Fixtures
 62
45
420
11711154
100
AcDbPolyline
 90
2
 70
0
 43
0.000000
 10
-1.645077
 20
1.251958
 10
-1.645077
 20
1.251958
  0
LWPOLYLINE
  5
48b
330
1F
100
AcDbEntity
  8
Polycam-Floor_1-Objects-Fixtures
 62
45
420
11711154
100
AcDbPolyline
 90
20
 70
0
 43
0.000000
 10
-1.627140
 20
3.553098
 10
-1.628366
 20
3.553149
 10
-1.629572
 20
3.553302
 10
-1.630757
 20
3.553552
 10
-1.631918
 20
3.553898
 10
-1.633053
 20
3.554336
 10
-1.634160
 20
3.554863
 10
-1.635237
 20
3.555477
 10
-1.636281
 20
3.556174
 10
-1.637291
 20
3.556951
 10
-1.638265
 20
3.557805
 10
-1.639199
 20
3.558735
 10
-1.640093
 20
3.559735
 10
-1.640944
 20
3.560805
 10
-1.641749
 20
3.561940
 10
-1.642507
 20
3.563137
 10
-1.643215
 20
3.564394
 10
-1.643872
 20
3.565709
 10
-1.644475
 20
3.567077
 10
-1.645021
 20
3.568495
  0
LWPOLYLINE
  5
48c
330
1F
100
AcDbEntity
  8
Polycam-Floor_1-Objects-Fixtures
 62
45
420
11711154
100
AcDbPolyline
 90
20
 70
0
 43
0.000000
 10
-1.645021
 20
3.568495
 10
-1.645213
 20
3.569088
 10
-1.645359
 20
3.569689
 10
-1.645462
 20
3.570297
 10
-1.645528
 20
3.570913
 10
-1.645561
 20
3.571536
 10
-1.645563
 20
3.572166
 10
-1.645540
 20
3.572803
 10
-1.645496
 20
3.573447
 10
-1.645434
 20
3.574097
 10
-1.645359
 20
3.574754
 10
-1.645274
 20
3.575417
 10
-1.645184
 20
3.576085
 10
-1.645093
 20
3.576760
 10
-1.645004
 20
3.577440
 10
-1.644923
 20
3.578125
 10
-1.644853
 20
3.578815
 10
-1.644797
 20
3.579510
 10
-1.644761
 20
3.580210
 10
-1.644748
 20
3.580914
  0
LWPOLYLINE
  5
48d
330
1F
100
AcDbEntity
  8
Polycam-Floor_1-Objects-Fixtures
 62
45
420
11711154
100
AcDbPolyline
 90
20
 70
0
 43
0.000000
 10
-1.644748
 20
3.580914
 10
-1.644760
 20
3.581664
 10
-1.644794
 20
3.582409
 10
-1.644845
 20
3.583148
 10
-1.644909
 20
3.583882
 10
-1.644983
 20
3.584610
 10
-1.645062
 20
3.585332
 10
-1.645142
 20
3.586048
 10
-1.645220
 20
3.586758
 10
-1.645291
 20
3.587461
 10
-1.645351
 20
3.588156
 10
-1.645397
 20
3.588845
 10
-1.645423
 20
3.589527
 10
-1.645427
 20
3.590201
 10
-1.645405
 20
3.590867
 10
-1.645351
 20
3.591525
 10
-1.645263
 20
3.592176
 10
-1.645135
 20
3.592817
 10
-1.644965
 20
3.593450
 10
-1.644748
 20
3.594074
  0
LWPOLYLINE
  5
48e
330
1F
100
AcDbEntity
  8
Polycam-Floor_1-Objects-Fixtures
 62
45
420
11711154
100
AcDbPolyline
 90
20
 70
0
 43
0.000000
 10
-1.644748
 20
3.594074
 10
-1.644186
 20
3.595428
 10
-1.643573
 20
3.596732
 10
-1.642910
 20
3.597984
 10
-1.642199
 20
3.599181
 10
-1.641442
 20
3.600322
 10
-1.640642
 20
3.601402
 10
-1.639799
 20
3.602419
 10
-1.638917
 20
3.603371
 10
-1.637997
 20
3.604255
 10
-1.637041
 20
3.605067
 10
-1.636050
 20
3.605806
 10
-1.635028
 20
3.606468
 10
-1.633976
 20
3.607051
 10
-1.632895
 20
3.607551
 10
-1.631789
 20
3.607967
 10
-1.630658
 20
3.608295
 10
-1.629505
 20
3.608533
 10
-1.628331
 20
3.608678
 10
-1.627140
 20
3.608727
  0
LWPOLYLINE
  5
48f
330
1F
100
AcDbEntity
  8
Polycam-Floor_1-Objects-Fixtures
 62
45
420
11711154
100
AcDbPolyline
 90
20
 70
0
 43
0.000000
 10
-1.627140
 20
3.608727
 10
-1.625414
 20
3.608625
 10
-1.623729
 20
3.608324
 10
-1.622090
 20
3.607833
 10
-1.620504
 20
3.607161
 10
-1.618976
 20
3.606314
 10
-1.617513
 20
3.605303
 10
-1.616121
 20
3.604135
 10
-1.614806
 20
3.602818
 10
-1.613573
 20
3.601361
 10
-1.612430
 20
3.599772
 10
-1.611381
 20
3.598060
 10
-1.610433
 20
3.596232
 10
-1.609591
 20
3.594298
 10
-1.608863
 20
3.592265
 10
-1.608253
 20
3.590141
 10
-1.607769
 20
3.587937
 10
-1.607415
 20
3.585658
 10
-1.607199
 20
3.583314
 10
-1.607125
 20
3.580914
  0
LWPOLYLINE
  5
490
330
1F
100
AcDbEntity
  8
Polycam-Floor_1-Objects-Fixtures
 62
45
420
11711154
100
AcDbPolyline
 90
20
 70
0
 43
0.000000
 10
-1.607125
 20
3.580914
 10
-1.607199
 20
3.578513
 10
-1.607415
 20
3.576169
 10
-1.607769
 20
3.573891
 10
-1.608253
 20
3.571686
 10
-1.608863
 20
3.569562
 10
-1.609591
 20
3.567529
 10
-1.610433
 20
3.565594
 10
-1.611381
 20
3.563767
 10
-1.612430
 20
3.562054
 10
-1.613573
 20
3.560465
 10
-1.614806
 20
3.559008
 10
-1.616121
 20
3.557691
 10
-1.617513
 20
3.556522
 10
-1.618976
 20
3.555511
 10
-1.620504
 20
3.554664
 10
-1.622090
 20
3.553991
 10
-1.623729
 20
3.553500
 10
-1.625414
 20
3.553200
 10
-1.627140
 20
3.553098
  0
LWPOLYLINE
  5
491
330
1F
100
AcDbEntity
  8
Polycam-Floor_1-Objects-Fixtures
 62
45
420
11711154
100
AcDbPolyline
 90
20
 70
0
 43
0.000000
 10
-1.644803
 20
3.594043
 10
-1.645020
 20
3.593419
 10
-1.645190
 20
3.592786
 10
-1.645317
 20
3.592144
 10
-1.645406
 20
3.591493
 10
-1.645459
 20
3.590835
 10
-1.645482
 20
3.590169
 10
-1.645478
 20
3.589494
 10
-1.645451
 20
3.588812
 10
-1.645406
 20
3.588123
 10
-1.645345
 20
3.587427
 10
-1.645274
 20
3.586724
 10
-1.645197
 20
3.586014
 10
-1.645116
 20
3.585298
 10
-1.645037
 20
3.584576
 10
-1.644964
 20
3.583847
 10
-1.644899
 20
3.583113
 10
-1.644848
 20
3.582374
 10
-1.644815
 20
3.581629
 10
-1.644803
 20
3.580879
  0
LWPOLYLINE
  5
492
330
1F
100
AcDbEntity
  8
Polycam-Floor_1-Objects-Fixtures
 62
45
420
11711154
100
AcDbPolyline
 90
20
 70
0
 43
0.000000
 10
-1.644803
 20
3.580879
 10
-1.644816
 20
3.580175
 10
-1.644852
 20
3.579475
 10
-1.644907
 20
3.578780
 10
-1.644978
 20
3.578090
 10
-1.645059
 20
3.577405
 10
-1.645148
 20
3.576726
 10
-1.645239
 20
3.576051
 10
-1.645329
 20
3.575383
 10
-1.645414
 20
3.574721
 10
-1.645489
 20
3.574064
 10
-1.645551
 20
3.573414
 10
-1.645596
 20
3.572771
 10
-1.645619
 20
3.572134
 10
-1.645616
 20
3.571504
 10
-1.645584
 20
3.570881
 10
-1.645518
 20
3.570265
 10
-1.645414
 20
3.569657
 10
-1.645268
 20
3.569056
 10
-1.645077
 20
3.568464
  0
LWPOLYLINE
  5
493
330
1F
100
AcDbEntity
  8
Polycam-Floor_1-Objects-Fixtures
 62
45
420
11711154
100
AcDbPolyline
 90
20
 70
0
 43
0.000000
 10
-1.627140
 20
3.348286
 10
-1.628366
 20
3.348338
 10
-1.629572
 20
3.348491
 10
-1.630757
 20
3.348741
 10
-1.631918
 20
3.349087
 10
-1.633053
 20
3.349525
 10
-1.634160
 20
3.350052
 10
-1.635237
 20
3.350666
 10
-1.636281
 20
3.351362
 10
-1.637291
 20
3.352140
 10
-1.638265
 20
3.352994
 10
-1.639199
 20
3.353923
 10
-1.640093
 20
3.354924
 10
-1.640944
 20
3.355993
 10
-1.641749
 20
3.357128
 10
-1.642507
 20
3.358326
 10
-1.643215
 20
3.359583
 10
-1.643872
 20
3.360897
 10
-1.644475
 20
3.362265
 10
-1.645021
 20
3.363684
  0
LWPOLYLINE
  5
494
330
1F
100
AcDbEntity
  8
Polycam-Floor_1-Objects-Fixtures
 62
45
420
11711154
100
AcDbPolyline
 90
20
 70
0
 43
0.000000
 10
-1.645021
 20
3.363684
 10
-1.645213
 20
3.364277
 10
-1.645359
 20
3.364877
 10
-1.645462
 20
3.365486
 10
-1.645528
 20
3.366101
 10
-1.645561
 20
3.366724
 10
-1.645563
 20
3.367354
 10
-1.645540
 20
3.367991
 10
-1.645496
 20
3.368635
 10
-1.645434
 20
3.369285
 10
-1.645359
 20
3.369941
 10
-1.645274
 20
3.370604
 10
-1.645184
 20
3.371272
 10
-1.645093
 20
3.371946
 10
-1.645004
 20
3.372626
 10
-1.644923
 20
3.373311
 10
-1.644853
 20
3.374001
 10
-1.644797
 20
3.374696
 10
-1.644761
 20
3.375395
 10
-1.644748
 20
3.376099
  0
LWPOLYLINE
  5
495
330
1F
100
AcDbEntity
  8
Polycam-Floor_1-Objects-Fixtures
 62
45
420
11711154
100
AcDbPolyline
 90
20
 70
0
 43
0.000000
 10
-1.644748
 20
3.376099
 10
-1.644760
 20
3.376849
 10
-1.644794
 20
3.377594
 10
-1.644845
 20
3.378334
 10
-1.644909
 20
3.379068
 10
-1.644983
 20
3.379796
 10
-1.645062
 20
3.380519
 10
-1.645142
 20
3.381235
 10
-1.645220
 20
3.381945
 10
-1.645291
 20
3.382648
 10
-1.645351
 20
3.383344
 10
-1.645397
 20
3.384033
 10
-1.645423
 20
3.384715
 10
-1.645427
 20
3.385389
 10
-1.645405
 20
3.386055
 10
-1.645351
 20
3.386714
 10
-1.645263
 20
3.387364
 10
-1.645135
 20
3.388006
 10
-1.644965
 20
3.388639
 10
-1.644748
 20
3.389263
  0
LWPOLYLINE
  5
496
330
1F
100
AcDbEntity
  8
Polycam-Floor_1-Objects-Fixtures
 62
45
420
11711154
100
AcDbPolyline
 90
20
 70
0
 43
0.000000
 10
-1.644748
 20
3.389263
 10
-1.644186
 20
3.390616
 10
-1.643573
 20
3.391920
 10
-1.642910
 20
3.393173
 10
-1.642199
 20
3.394370
 10
-1.641442
 20
3.395511
 10
-1.640642
 20
3.396591
 10
-1.639799
 20
3.397608
 10
-1.638917
 20
3.398560
 10
-1.637997
 20
3.399444
 10
-1.637041
 20
3.400256
 10
-1.636050
 20
3.400995
 10
-1.635028
 20
3.401657
 10
-1.633976
 20
3.402240
 10
-1.632895
 20
3.402740
 10
-1.631789
 20
3.403156
 10
-1.630658
 20
3.403484
 10
-1.629505
 20
3.403722
 10
-1.628331
 20
3.403867
 10
-1.627140
 20
3.403915
  0
LWPOLYLINE
  5
497
330
1F
100
AcDbEntity
  8
Polycam-Floor_1-Objects-Fixtures
 62
45
420
11711154
100
AcDbPolyline
 90
20
 70
0
 43
0.000000
 10
-1.627140
 20
3.403915
 10
-1.625414
 20
3.403813
 10
-1.623729
 20
3.403513
 10
-1.622090
 20
3.403022
 10
-1.620504
 20
3.402349
 10
-1.618976
 20
3.401503
 10
-1.617513
 20
3.400491
 10
-1.616121
 20
3.399322
 10
-1.614806
 20
3.398005
 10
-1.613573
 20
3.396548
 10
-1.612430
 20
3.394959
 10
-1.611381
 20
3.393246
 10
-1.610433
 20
3.391419
 10
-1.609591
 20
3.389484
 10
-1.608863
 20
3.387451
 10
-1.608253
 20
3.385327
 10
-1.607769
 20
3.383122
 10
-1.607415
 20
3.380844
 10
-1.607199
 20
3.378500
 10
-1.607125
 20
3.376099
  0
LWPOLYLINE
  5
498
330
1F
100
AcDbEntity
  8
Polycam-Floor_1-Objects-Fixtures
 62
45
420
11711154
100
AcDbPolyline
 90
20
 70
0
 43
0.000000
 10
-1.607125
 20
3.376099
 10
-1.607199
 20
3.373699
 10
-1.607415
 20
3.371355
 10
-1.607769
 20
3.369077
 10
-1.608253
 20
3.366872
 10
-1.608863
 20
3.364748
 10
-1.609591
 20
3.362715
 10
-1.610433
 20
3.360781
 10
-1.611381
 20
3.358953
 10
-1.612430
 20
3.357241
 10
-1.613573
 20
3.355652
 10
-1.614806
 20
3.354195
 10
-1.616121
 20
3.352878
 10
-1.617513
 20
3.351710
 10
-1.618976
 20
3.350699
 10
-1.620504
 20
3.349853
 10
-1.622090
 20
3.349180
 10
-1.623729
 20
3.348689
 10
-1.625414
 20
3.348389
 10
-1.627140
 20
3.348286
  0
LWPOLYLINE
  5
499
330
1F
100
AcDbEntity
  8
Polycam-Floor_1-Objects-Fixtures
 62
45
420
11711154
100
AcDbPolyline
 90
20
 70
0
 43
0.000000
 10
-1.644803
 20
3.389228
 10
-1.645020
 20
3.388605
 10
-1.645190
 20
3.387972
 10
-1.645317
 20
3.387331
 10
-1.645406
 20
3.386681
 10
-1.645459
 20
3.386022
 10
-1.645482
 20
3.385356
 10
-1.645478
 20
3.384682
 10
-1.645451
 20
3.384001
 10
-1.645406
 20
3.383312
 10
-1.645345
 20
3.382616
 10
-1.645274
 20
3.381913
 10
-1.645197
 20
3.381203
 10
-1.645116
 20
3.380487
 10
-1.645037
 20
3.379764
 10
-1.644964
 20
3.379036
 10
-1.644899
 20
3.378302
 10
-1.644848
 20
3.377562
 10
-1.644815
 20
3.376818
 10
-1.644803
 20
3.376068
  0
LWPOLYLINE
  5
49a
330
1F
100
AcDbEntity
  8
Polycam-Floor_1-Objects-Fixtures
 62
45
420
11711154
100
AcDbPolyline
 90
20
 70
0
 43
0.000000
 10
-1.644803
 20
3.376068
 10
-1.644816
 20
3.375363
 10
-1.644852
 20
3.374664
 10
-1.644907
 20
3.373969
 10
-1.644978
 20
3.373279
 10
-1.645059
 20
3.372594
 10
-1.645148
 20
3.371914
 10
-1.645239
 20
3.371240
 10
-1.645329
 20
3.370572
 10
-1.645414
 20
3.369909
 10
-1.645489
 20
3.369253
 10
-1.645551
 20
3.368603
 10
-1.645596
 20
3.367959
 10
-1.645619
 20
3.367322
 10
-1.645616
 20
3.366692
 10
-1.645584
 20
3.366069
 10
-1.645518
 20
3.365454
 10
-1.645414
 20
3.364846
 10
-1.645268
 20
3.364245
 10
-1.645077
 20
3.363652
  0
LWPOLYLINE
  5
49b
330
1F
100
AcDbEntity
  8
Polycam-Floor_1-Objects-Fixtures
 62
45
420
11711154
100
AcDbPolyline
 90
20
 70
0
 43
0.000000
 10
-1.627140
 20
2.918983
 10
-1.628366
 20
2.919035
 10
-1.629572
 20
2.919187
 10
-1.630757
 20
2.919438
 10
-1.631918
 20
2.919784
 10
-1.633053
 20
2.920222
 10
-1.634160
 20
2.920749
 10
-1.635237
 20
2.921362
 10
-1.636281
 20
2.922059
 10
-1.637291
 20
2.922837
 10
-1.638265
 20
2.923691
 10
-1.639199
 20
2.924621
 10
-1.640093
 20
2.925622
 10
-1.640944
 20
2.926691
 10
-1.641749
 20
2.927826
 10
-1.642507
 20
2.929024
 10
-1.643215
 20
2.930282
 10
-1.643872
 20
2.931596
 10
-1.644475
 20
2.932965
 10
-1.645021
 20
2.934384
  0
LWPOLYLINE
  5
49c
330
1F
100
AcDbEntity
  8
Polycam-Floor_1-Objects-Fixtures
 62
45
420
11711154
100
AcDbPolyline
 90
20
 70
0
 43
0.000000
 10
-1.645021
 20
2.934384
 10
-1.645213
 20
2.934976
 10
-1.645359
 20
2.935576
 10
-1.645462
 20
2.936184
 10
-1.645528
 20
2.936800
 10
-1.645561
 20
2.937423
 10
-1.645563
 20
2.938053
 10
-1.645540
 20
2.938690
 10
-1.645496
 20
2.939333
 10
-1.645434
 20
2.939983
 10
-1.645359
 20
2.940640
 10
-1.645274
 20
2.941302
 10
-1.645184
 20
2.941971
 10
-1.645093
 20
2.942645
 10
-1.645004
 20
2.943325
 10
-1.644923
 20
2.944010
 10
-1.644853
 20
2.944700
 10
-1.644797
 20
2.945395
 10
-1.644761
 20
2.946095
 10
-1.644748
 20
2.946799
  0
LWPOLYLINE
  5
49d
330
1F
100
AcDbEntity
  8
Polycam-Floor_1-Objects-Fixtures
 62
45
420
11711154
100
AcDbPolyline
 90
20
 70
0
 43
0.000000
 10
-1.644748
 20
2.946799
 10
-1.644760
 20
2.947549
 10
-1.644794
 20
2.948294
 10
-1.644845
 20
2.949034
 10
-1.644909
 20
2.949768
 10
-1.644983
 20
2.950496
 10
-1.645062
 20
2.951218
 10
-1.645142
 20
2.951935
 10
-1.645220
 20
2.952644
 10
-1.645291
 20
2.953347
 10
-1.645351
 20
2.954043
 10
-1.645397
 20
2.954732
 10
-1.645423
 20
2.955414
 10
-1.645427
 20
2.956088
 10
-1.645405
 20
2.956754
 10
-1.645351
 20
2.957412
 10
-1.645263
 20
2.958062
 10
-1.645135
 20
2.958704
 10
-1.644965
 20
2.959336
 10
-1.644748
 20
2.959960
  0
LWPOLYLINE
  5
49e
330
1F
100
AcDbEntity
  8
Polycam-Floor_1-Objects-Fixtures
 62
45
420
11711154
100
AcDbPolyline
 90
20
 70
0
 43
0.000000
 10
-1.644748
 20
2.959960
 10
-1.644186
 20
2.961313
 10
-1.643573
 20
2.962617
 10
-1.642910
 20
2.963869
 10
-1.642199
 20
2.965067
 10
-1.641442
 20
2.966207
 10
-1.640642
 20
2.967288
 10
-1.639799
 20
2.968305
 10
-1.638917
 20
2.969257
 10
-1.637997
 20
2.970140
 10
-1.637041
 20
2.970953
 10
-1.636050
 20
2.971691
 10
-1.635028
 20
2.972354
 10
-1.633976
 20
2.972936
 10
-1.632895
 20
2.973437
 10
-1.631789
 20
2.973853
 10
-1.630658
 20
2.974181
 10
-1.629505
 20
2.974419
 10
-1.628331
 20
2.974563
 10
-1.627140
 20
2.974612
  0
LWPOLYLINE
  5
49f
330
1F
100
AcDbEntity
  8
Polycam-Floor_1-Objects-Fixtures
 62
45
420
11711154
100
AcDbPolyline
 90
20
 70
0
 43
0.000000
 10
-1.627140
 20
2.974612
 10
-1.625414
 20
2.974510
 10
-1.623729
 20
2.974209
 10
-1.622090
 20
2.973719
 10
-1.620504
 20
2.973046
 10
-1.618976
 20
2.972200
 10
-1.617513
 20
2.971188
 10
-1.616121
 20
2.970020
 10
-1.614806
 20
2.968703
 10
-1.613573
 20
2.967246
 10
-1.612430
 20
2.965657
 10
-1.611381
 20
2.963945
 10
-1.610433
 20
2.962118
 10
-1.609591
 20
2.960183
 10
-1.608863
 20
2.958150
 10
-1.608253
 20
2.956027
 10
-1.607769
 20
2.953822
 10
-1.607415
 20
2.951544
 10
-1.607199
 20
2.949200
 10
-1.607125
 20
2.946799
  0
LWPOLYLINE
  5
4a0
330
1F
100
AcDbEntity
  8
Polycam-Floor_1-Objects-Fixtures
 62
45
420
11711154
100
AcDbPolyline
 90
20
 70
0
 43
0.000000
 10
-1.607125
 20
2.946799
 10
-1.607199
 20
2.944399
 10
-1.607415
 20
2.942055
 10
-1.607769
 20
2.939776
 10
-1.608253
 20
2.937571
 10
-1.608863
 20
2.935448
 10
-1.609591
 20
2.933415
 10
-1.610433
 20
2.931480
 10
-1.611381
 20
2.929652
 10
-1.612430
 20
2.927940
 10
-1.613573
 20
2.926350
 10
-1.614806
 20
2.924893
 10
-1.616121
 20
2.923576
 10
-1.617513
 20
2.922408
 10
-1.618976
 20
2.921396
 10
-1.620504
 20
2.920550
 10
-1.622090
 20
2.919877
 10
-1.623729
 20
2.919386
 10
-1.625414
 20
2.919085
 10
-1.627140
 20
2.918983
  0
LWPOLYLINE
  5
4a1
330
1F
100
AcDbEntity
  8
Polycam-Floor_1-Objects-Fixtures
 62
45
420
11711154
100
AcDbPolyline
 90
20
 70
0
 43
0.000000
 10
-1.644803
 20
2.959960
 10
-1.645020
 20
2.959336
 10
-1.645190
 20
2.958704
 10
-1.645317
 20
2.958062
 10
-1.645406
 20
2.957412
 10
-1.645459
 20
2.956754
 10
-1.645482
 20
2.956088
 10
-1.645478
 20
2.955414
 10
-1.645451
 20
2.954732
 10
-1.645406
 20
2.954043
 10
-1.645345
 20
2.953347
 10
-1.645274
 20
2.952644
 10
-1.645197
 20
2.951935
 10
-1.645116
 20
2.951218
 10
-1.645037
 20
2.950496
 10
-1.644964
 20
2.949768
 10
-1.644899
 20
2.949034
 10
-1.644848
 20
2.948294
 10
-1.644815
 20
2.947549
 10
-1.644803
 20
2.946799
  0
LWPOLYLINE
  5
4a2
330
1F
100
AcDbEntity
  8
Polycam-Floor_1-Objects-Fixtures
 62
45
420
11711154
100
AcDbPolyline
 90
20
 70
0
 43
0.000000
 10
-1.644803
 20
2.946799
 10
-1.644816
 20
2.946095
 10
-1.644852
 20
2.945395
 10
-1.644907
 20
2.944700
 10
-1.644978
 20
2.944010
 10
-1.645059
 20
2.943326
 10
-1.645148
 20
2.942646
 10
-1.645239
 20
2.941972
 10
-1.645329
 20
2.941303
 10
-1.645414
 20
2.940641
 10
-1.645489
 20
2.939985
 10
-1.645551
 20
2.939334
 10
-1.645596
 20
2.938691
 10
-1.645619
 20
2.938054
 10
-1.645616
 20
2.937424
 10
-1.645584
 20
2.936801
 10
-1.645518
 20
2.936185
 10
-1.645414
 20
2.935577
 10
-1.645268
 20
2.934977
 10
-1.645077
 20
2.934384
  0
LWPOLYLINE
  5
4a3
330
1F
100
AcDbEntity
  8
Polycam-Floor_1-Objects-Fixtures
 62
45
420
11711154
100
AcDbPolyline
 90
20
 70
0
 43
0.000000
 10
-1.627140
 20
2.282860
 10
-1.628366
 20
2.282912
 10
-1.629572
 20
2.283064
 10
-1.630757
 20
2.283315
 10
-1.631918
 20
2.283661
 10
-1.633053
 20
2.284099
 10
-1.634160
 20
2.284626
 10
-1.635237
 20
2.285239
 10
-1.636281
 20
2.285936
 10
-1.637291
 20
2.286713
 10
-1.638265
 20
2.287568
 10
-1.639199
 20
2.288497
 10
-1.640093
 20
2.289498
 10
-1.640944
 20
2.290567
 10
-1.641749
 20
2.291702
 10
-1.642507
 20
2.292900
 10
-1.643215
 20
2.294157
 10
-1.643872
 20
2.295471
 10
-1.644475
 20
2.296839
 10
-1.645021
 20
2.298258
  0
LWPOLYLINE
  5
4a4
330
1F
100
AcDbEntity
  8
Polycam-Floor_1-Objects-Fixtures
 62
45
420
11711154
100
AcDbPolyline
 90
20
 70
0
 43
0.000000
 10
-1.645021
 20
2.298258
 10
-1.645213
 20
2.298851
 10
-1.645359
 20
2.299451
 10
-1.645462
 20
2.300059
 10
-1.645528
 20
2.300675
 10
-1.645561
 20
2.301298
 10
-1.645563
 20
2.301928
 10
-1.645540
 20
2.302565
 10
-1.645496
 20
2.303208
 10
-1.645434
 20
2.303859
 10
-1.645359
 20
2.304515
 10
-1.645274
 20
2.305177
 10
-1.645184
 20
2.305846
 10
-1.645093
 20
2.306520
 10
-1.645004
 20
2.307200
 10
-1.644923
 20
2.307884
 10
-1.644853
 20
2.308574
 10
-1.644797
 20
2.309269
 10
-1.644761
 20
2.309969
 10
-1.644748
 20
2.310673
  0
LWPOLYLINE
  5
4a5
330
1F
100
AcDbEntity
  8
Polycam-Floor_1-Objects-Fixtures
 62
45
420
11711154
100
AcDbPolyline
 90
20
 70
0
 43
0.000000
 10
-1.644748
 20
2.310673
 10
-1.644760
 20
2.311423
 10
-1.644794
 20
2.312168
 10
-1.644845
 20
2.312908
 10
-1.644909
 20
2.313642
 10
-1.644983
 20
2.314370
 10
-1.645062
 20
2.315092
 10
-1.645142
 20
2.315809
 10
-1.645220
 20
2.316518
 10
-1.645291
 20
2.317221
 10
-1.645351
 20
2.317917
 10
-1.645397
 20
2.318606
 10
-1.645423
 20
2.319288
 10
-1.645427
 20
2.319962
 10
-1.645405
 20
2.320628
 10
-1.645351
 20
2.321286
 10
-1.645263
 20
2.321936
 10
-1.645135
 20
2.322578
 10
-1.644965
 20
2.323210
 10
-1.644748
 20
2.323834
  0
LWPOLYLINE
  5
4a6
330
1F
100
AcDbEntity
  8
Polycam-Floor_1-Objects-Fixtures
 62
45
420
11711154
100
AcDbPolyline
 90
20
 70
0
 43
0.000000
 10
-1.644748
 20
2.323834
 10
-1.644186
 20
2.325187
 10
-1.643573
 20
2.326492
 10
-1.642910
 20
2.327744
 10
-1.642199
 20
2.328942
 10
-1.641442
 20
2.330083
 10
-1.640642
 20
2.331163
 10
-1.639799
 20
2.332180
 10
-1.638917
 20
2.333132
 10
-1.637997
 20
2.334016
 10
-1.637041
 20
2.334828
 10
-1.636050
 20
2.335566
 10
-1.635028
 20
2.336228
 10
-1.633976
 20
2.336811
 10
-1.632895
 20
2.337311
 10
-1.631789
 20
2.337727
 10
-1.630658
 20
2.338055
 10
-1.629505
 20
2.338293
 10
-1.628331
 20
2.338437
 10
-1.627140
 20
2.338486
  0
LWPOLYLINE
  5
4a7
330
1F
100
AcDbEntity
  8
Polycam-Floor_1-Objects-Fixtures
 62
45
420
11711154
100
AcDbPolyline
 90
20
 70
0
 43
0.000000
 10
-1.627140
 20
2.338486
 10
-1.625414
 20
2.338384
 10
-1.623729
 20
2.338083
 10
-1.622090
 20
2.337593
 10
-1.620504
 20
2.336920
 10
-1.618976
 20
2.336074
 10
-1.617513
 20
2.335062
 10
-1.616121
 20
2.333894
 10
-1.614806
 20
2.332577
 10
-1.613573
 20
2.331120
 10
-1.612430
 20
2.329531
 10
-1.611381
 20
2.327819
 10
-1.610433
 20
2.325991
 10
-1.609591
 20
2.324057
 10
-1.608863
 20
2.322024
 10
-1.608253
 20
2.319901
 10
-1.607769
 20
2.317696
 10
-1.607415
 20
2.315417
 10
-1.607199
 20
2.313074
 10
-1.607125
 20
2.310673
  0
LWPOLYLINE
  5
4a8
330
1F
100
AcDbEntity
  8
Polycam-Floor_1-Objects-Fixtures
 62
45
420
11711154
100
AcDbPolyline
 90
20
 70
0
 43
0.000000
 10
-1.607125
 20
2.310673
 10
-1.607199
 20
2.308273
 10
-1.607415
 20
2.305929
 10
-1.607769
 20
2.303650
 10
-1.608253
 20
2.301445
 10
-1.608863
 20
2.299322
 10
-1.609591
 20
2.297289
 10
-1.610433
 20
2.295355
 10
-1.611381
 20
2.293527
 10
-1.612430
 20
2.291815
 10
-1.613573
 20
2.290226
 10
-1.614806
 20
2.288769
 10
-1.616121
 20
2.287452
 10
-1.617513
 20
2.286284
 10
-1.618976
 20
2.285273
 10
-1.620504
 20
2.284426
 10
-1.622090
 20
2.283754
 10
-1.623729
 20
2.283263
 10
-1.625414
 20
2.282962
 10
-1.627140
 20
2.282860
  0
LWPOLYLINE
  5
4a9
330
1F
100
AcDbEntity
  8
Polycam-Floor_1-Objects-Fixtures
 62
45
420
11711154
100
AcDbPolyline
 90
20
 70
0
 43
0.000000
 10
-1.644803
 20
2.323834
 10
-1.645020
 20
2.323210
 10
-1.645190
 20
2.322578
 10
-1.645317
 20
2.321936
 10
-1.645406
 20
2.321286
 10
-1.645459
 20
2.320628
 10
-1.645482
 20
2.319962
 10
-1.645478
 20
2.319288
 10
-1.645451
 20
2.318606
 10
-1.645406
 20
2.317917
 10
-1.645345
 20
2.317221
 10
-1.645274
 20
2.316518
 10
-1.645197
 20
2.315809
 10
-1.645116
 20
2.315092
 10
-1.645037
 20
2.314370
 10
-1.644964
 20
2.313642
 10
-1.644899
 20
2.312908
 10
-1.644848
 20
2.312168
 10
-1.644815
 20
2.311423
 10
-1.644803
 20
2.310673
  0
LWPOLYLINE
  5
4aa
330
1F
100
AcDbEntity
  8
Polycam-Floor_1-Objects-Fixtures
 62
45
420
11711154
100
AcDbPolyline
 90
20
 70
0
 43
0.000000
 10
-1.644803
 20
2.310673
 10
-1.644816
 20
2.309969
 10
-1.644852
 20
2.309269
 10
-1.644907
 20
2.308574
 10
-1.644978
 20
2.307884
 10
-1.645059
 20
2.307200
 10
-1.645148
 20
2.306520
 10
-1.645239
 20
2.305846
 10
-1.645329
 20
2.305177
 10
-1.645414
 20
2.304515
 10
-1.645489
 20
2.303859
 10
-1.645551
 20
2.303208
 10
-1.645596
 20
2.302565
 10
-1.645619
 20
2.301928
 10
-1.645616
 20
2.301298
 10
-1.645584
 20
2.300675
 10
-1.645518
 20
2.300059
 10
-1.645414
 20
2.299451
 10
-1.645268
 20
2.298851
 10
-1.645077
 20
2.298258
  0
LWPOLYLINE
  5
4ab
330
1F
100
AcDbEntity
  8
Polycam-Floor_1-Objects-Fixtures
 62
45
420
11711154
100
AcDbPolyline
 90
20
 70
0
 43
0.000000
 10
-1.627140
 20
1.849213
 10
-1.628366
 20
1.849265
 10
-1.629572
 20
1.849417
 10
-1.630757
 20
1.849668
 10
-1.631918
 20
1.850014
 10
-1.633053
 20
1.850452
 10
-1.634160
 20
1.850979
 10
-1.635237
 20
1.851593
 10
-1.636281
 20
1.852289
 10
-1.637291
 20
1.853067
 10
-1.638265
 20
1.853921
 10
-1.639199
 20
1.854850
 10
-1.640093
 20
1.855851
 10
-1.640944
 20
1.856920
 10
-1.641749
 20
1.858055
 10
-1.642507
 20
1.859253
 10
-1.643215
 20
1.860510
 10
-1.643872
 20
1.861824
 10
-1.644475
 20
1.863192
 10
-1.645021
 20
1.864611
  0
LWPOLYLINE
  5
4ac
330
1F
100
AcDbEntity
  8
Polycam-Floor_1-Objects-Fixtures
 62
45
420
11711154
100
AcDbPolyline
 90
20
 70
0
 43
0.000000
 10
-1.645021
 20
1.864611
 10
-1.645213
 20
1.865204
 10
-1.645359
 20
1.865804
 10
-1.645462
 20
1.866412
 10
-1.645528
 20
1.867028
 10
-1.645561
 20
1.867651
 10
-1.645563
 20
1.868281
 10
-1.645540
 20
1.868918
 10
-1.645496
 20
1.869562
 10
-1.645434
 20
1.870212
 10
-1.645359
 20
1.870868
 10
-1.645274
 20
1.871531
 10
-1.645184
 20
1.872199
 10
-1.645093
 20
1.872873
 10
-1.645004
 20
1.873553
 10
-1.644923
 20
1.874238
 10
-1.644853
 20
1.874928
 10
-1.644797
 20
1.875623
 10
-1.644761
 20
1.876322
 10
-1.644748
 20
1.877026
  0
LWPOLYLINE
  5
4ad
330
1F
100
AcDbEntity
  8
Polycam-Floor_1-Objects-Fixtures
 62
45
420
11711154
100
AcDbPolyline
 90
20
 70
0
 43
0.000000
 10
-1.644748
 20
1.877026
 10
-1.644760
 20
1.877776
 10
-1.644794
 20
1.878521
 10
-1.644845
 20
1.879261
 10
-1.644909
 20
1.879995
 10
-1.644983
 20
1.880723
 10
-1.645062
 20
1.881446
 10
-1.645142
 20
1.882162
 10
-1.645220
 20
1.882871
 10
-1.645291
 20
1.883574
 10
-1.645351
 20
1.884270
 10
-1.645397
 20
1.884959
 10
-1.645423
 20
1.885641
 10
-1.645427
 20
1.886315
 10
-1.645405
 20
1.886981
 10
-1.645351
 20
1.887639
 10
-1.645263
 20
1.888289
 10
-1.645135
 20
1.888931
 10
-1.644965
 20
1.889563
 10
-1.644748
 20
1.890187
  0
LWPOLYLINE
  5
4ae
330
1F
100
AcDbEntity
  8
Polycam-Floor_1-Objects-Fixtures
 62
45
420
11711154
100
AcDbPolyline
 90
20
 70
0
 43
0.000000
 10
-1.644748
 20
1.890187
 10
-1.644186
 20
1.891541
 10
-1.643573
 20
1.892845
 10
-1.642910
 20
1.894098
 10
-1.642199
 20
1.895296
 10
-1.641442
 20
1.896436
 10
-1.640642
 20
1.897517
 10
-1.639799
 20
1.898534
 10
-1.638917
 20
1.899486
 10
-1.637997
 20
1.900370
 10
-1.637041
 20
1.901183
 10
-1.636050
 20
1.901921
 10
-1.635028
 20
1.902584
 10
-1.633976
 20
1.903166
 10
-1.632895
 20
1.903667
 10
-1.631789
 20
1.904083
 10
-1.630658
 20
1.904411
 10
-1.629505
 20
1.904649
 10
-1.628331
 20
1.904794
 10
-1.627140
 20
1.904842
  0
LWPOLYLINE
  5
4af
330
1F
100
AcDbEntity
  8
Polycam-Floor_1-Objects-Fixtures
 62
45
420
11711154
100
AcDbPolyline
 90
20
 70
0
 43
0.000000
 10
-1.627140
 20
1.904842
 10
-1.625414
 20
1.904740
 10
-1.623729
 20
1.904440
 10
-1.622090
 20
1.903949
 10
-1.620504
 20
1.903276
 10
-1.618976
 20
1.902430
 10
-1.617513
 20
1.901418
 10
-1.616121
 20
1.900249
 10
-1.614806
 20
1.898932
 10
-1.613573
 20
1.897475
 10
-1.612430
 20
1.895886
 10
-1.611381
 20
1.894173
 10
-1.610433
 20
1.892346
 10
-1.609591
 20
1.890411
 10
-1.608863
 20
1.888378
 10
-1.608253
 20
1.886254
 10
-1.607769
 20
1.884049
 10
-1.607415
 20
1.881771
 10
-1.607199
 20
1.879427
 10
-1.607125
 20
1.877026
  0
LWPOLYLINE
  5
4b0
330
1F
100
AcDbEntity
  8
Polycam-Floor_1-Objects-Fixtures
 62
45
420
11711154
100
AcDbPolyline
 90
20
 70
0
 43
0.000000
 10
-1.607125
 20
1.877026
 10
-1.607199
 20
1.874626
 10
-1.607415
 20
1.872282
 10
-1.607769
 20
1.870004
 10
-1.608253
 20
1.867799
 10
-1.608863
 20
1.865675
 10
-1.609591
 20
1.863642
 10
-1.610433
 20
1.861708
 10
-1.611381
 20
1.859880
 10
-1.612430
 20
1.858168
 10
-1.613573
 20
1.856579
 10
-1.614806
 20
1.855122
 10
-1.616121
 20
1.853805
 10
-1.617513
 20
1.852637
 10
-1.618976
 20
1.851626
 10
-1.620504
 20
1.850780
 10
-1.622090
 20
1.850107
 10
-1.623729
 20
1.849616
 10
-1.625414
 20
1.849315
 10
-1.627140
 20
1.849213
  0
LWPOLYLINE
  5
4b1
330
1F
100
AcDbEntity
  8
Polycam-Floor_1-Objects-Fixtures
 62
45
420
11711154
100
AcDbPolyline
 90
20
 70
0
 43
0.000000
 10
-1.644803
 20
1.890187
 10
-1.645020
 20
1.889563
 10
-1.645190
 20
1.888931
 10
-1.645317
 20
1.888289
 10
-1.645406
 20
1.887639
 10
-1.645459
 20
1.886981
 10
-1.645482
 20
1.886315
 10
-1.645478
 20
1.885641
 10
-1.645451
 20
1.884959
 10
-1.645406
 20
1.884270
 10
-1.645345
 20
1.883574
 10
-1.645274
 20
1.882871
 10
-1.645197
 20
1.882162
 10
-1.645116
 20
1.881446
 10
-1.645037
 20
1.880723
 10
-1.644964
 20
1.879995
 10
-1.644899
 20
1.879261
 10
-1.644848
 20
1.878521
 10
-1.644815
 20
1.877776
 10
-1.644803
 20
1.877026
  0
LWPOLYLINE
  5
4b2
330
1F
100
AcDbEntity
  8
Polycam-Floor_1-Objects-Fixtures
 62
45
420
11711154
100
AcDbPolyline
 90
20
 70
0
 43
0.000000
 10
-1.644803
 20
1.877026
 10
-1.644816
 20
1.876322
 10
-1.644852
 20
1.875623
 10
-1.644907
 20
1.874928
 10
-1.644978
 20
1.874238
 10
-1.645059
 20
1.873553
 10
-1.645148
 20
1.872873
 10
-1.645239
 20
1.872199
 10
-1.645329
 20
1.871531
 10
-1.645414
 20
1.870868
 10
-1.645489
 20
1.870212
 10
-1.645551
 20
1.869562
 10
-1.645596
 20
1.868918
 10
-1.645619
 20
1.868281
 10
-1.645616
 20
1.867651
 10
-1.645584
 20
1.867028
 10
-1.645518
 20
1.866412
 10
-1.645414
 20
1.865804
 10
-1.645268
 20
1.865204
 10
-1.645077
 20
1.864611
  0
LWPOLYLINE
  5
4b3
330
1F
100
AcDbEntity
  8
Polycam-Floor_1-Objects-Fixtures
 62
45
420
11711154
100
AcDbPolyline
 90
20
 70
0
 43
0.000000
 10
-1.627140
 20
1.645113
 10
-1.628366
 20
1.645164
 10
-1.629572
 20
1.645317
 10
-1.630757
 20
1.645568
 10
-1.631918
 20
1.645913
 10
-1.633053
 20
1.646351
 10
-1.634160
 20
1.646879
 10
-1.635237
 20
1.647492
 10
-1.636281
 20
1.648189
 10
-1.637291
 20
1.648966
 10
-1.638265
 20
1.649821
 10
-1.639199
 20
1.650750
 10
-1.640093
 20
1.651751
 10
-1.640944
 20
1.652820
 10
-1.641749
 20
1.653955
 10
-1.642507
 20
1.655152
 10
-1.643215
 20
1.656410
 10
-1.643872
 20
1.657724
 10
-1.644475
 20
1.659092
 10
-1.645021
 20
1.660511
  0
LWPOLYLINE
  5
4b4
330
1F
100
AcDbEntity
  8
Polycam-Floor_1-Objects-Fixtures
 62
45
420
11711154
100
AcDbPolyline
 90
20
 70
0
 43
0.000000
 10
-1.645021
 20
1.660511
 10
-1.645213
 20
1.661103
 10
-1.645359
 20
1.661704
 10
-1.645462
 20
1.662312
 10
-1.645528
 20
1.662928
 10
-1.645561
 20
1.663551
 10
-1.645563
 20
1.664181
 10
-1.645540
 20
1.664819
 10
-1.645496
 20
1.665462
 10
-1.645434
 20
1.666113
 10
-1.645359
 20
1.666769
 10
-1.645274
 20
1.667432
 10
-1.645184
 20
1.668101
 10
-1.645093
 20
1.668775
 10
-1.645004
 20
1.669455
 10
-1.644923
 20
1.670140
 10
-1.644853
 20
1.670830
 10
-1.644797
 20
1.671525
 10
-1.644761
 20
1.672225
 10
-1.644748
 20
1.672929
  0
LWPOLYLINE
  5
4b5
330
1F
100
AcDbEntity
  8
Polycam-Floor_1-Objects-Fixtures
 62
45
420
11711154
100
AcDbPolyline
 90
20
 70
0
 43
0.000000
 10
-1.644748
 20
1.672929
 10
-1.644760
 20
1.673679
 10
-1.644794
 20
1.674424
 10
-1.644845
 20
1.675163
 10
-1.644909
 20
1.675897
 10
-1.644983
 20
1.676625
 10
-1.645062
 20
1.677348
 10
-1.645142
 20
1.678064
 10
-1.645220
 20
1.678773
 10
-1.645291
 20
1.679476
 10
-1.645351
 20
1.680172
 10
-1.645397
 20
1.680861
 10
-1.645423
 20
1.681542
 10
-1.645427
 20
1.682216
 10
-1.645405
 20
1.682883
 10
-1.645351
 20
1.683541
 10
-1.645263
 20
1.684191
 10
-1.645135
 20
1.684833
 10
-1.644965
 20
1.685466
 10
-1.644748
 20
1.686090
  0
LWPOLYLINE
  5
4b6
330
1F
100
AcDbEntity
  8
Polycam-Floor_1-Objects-Fixtures
 62
45
420
11711154
100
AcDbPolyline
 90
20
 70
0
 43
0.000000
 10
-1.644748
 20
1.686090
 10
-1.644186
 20
1.687443
 10
-1.643573
 20
1.688747
 10
-1.642910
 20
1.689999
 10
-1.642199
 20
1.691197
 10
-1.641442
 20
1.692337
 10
-1.640642
 20
1.693417
 10
-1.639799
 20
1.694435
 10
-1.638917
 20
1.695387
 10
-1.637997
 20
1.696270
 10
-1.637041
 20
1.697083
 10
-1.636050
 20
1.697821
 10
-1.635028
 20
1.698483
 10
-1.633976
 20
1.699066
 10
-1.632895
 20
1.699567
 10
-1.631789
 20
1.699982
 10
-1.630658
 20
1.700311
 10
-1.629505
 20
1.700548
 10
-1.628331
 20
1.700693
 10
-1.627140
 20
1.700742
  0
LWPOLYLINE
  5
4b7
330
1F
100
AcDbEntity
  8
Polycam-Floor_1-Objects-Fixtures
 62
45
420
11711154
100
AcDbPolyline
 90
20
 70
0
 43
0.000000
 10
-1.627140
 20
1.700742
 10
-1.625414
 20
1.700640
 10
-1.623729
 20
1.700339
 10
-1.622090
 20
1.699848
 10
-1.620504
 20
1.699176
 10
-1.618976
 20
1.698330
 10
-1.617513
 20
1.697318
 10
-1.616121
 20
1.696150
 10
-1.614806
 20
1.694833
 10
-1.613573
 20
1.693376
 10
-1.612430
 20
1.691787
 10
-1.611381
 20
1.690075
 10
-1.610433
 20
1.688247
 10
-1.609591
 20
1.686313
 10
-1.608863
 20
1.684280
 10
-1.608253
 20
1.682157
 10
-1.607769
 20
1.679952
 10
-1.607415
 20
1.677673
 10
-1.607199
 20
1.675330
 10
-1.607125
 20
1.672929
  0
LWPOLYLINE
  5
4b8
330
1F
100
AcDbEntity
  8
Polycam-Floor_1-Objects-Fixtures
 62
45
420
11711154
100
AcDbPolyline
 90
20
 70
0
 43
0.000000
 10
-1.607125
 20
1.672929
 10
-1.607199
 20
1.670528
 10
-1.607415
 20
1.668185
 10
-1.607769
 20
1.665906
 10
-1.608253
 20
1.663701
 10
-1.608863
 20
1.661578
 10
-1.609591
 20
1.659544
 10
-1.610433
 20
1.657610
 10
-1.611381
 20
1.655782
 10
-1.612430
 20
1.654069
 10
-1.613573
 20
1.652480
 10
-1.614806
 20
1.651023
 10
-1.616121
 20
1.649706
 10
-1.617513
 20
1.648537
 10
-1.618976
 20
1.647526
 10
-1.620504
 20
1.646679
 10
-1.622090
 20
1.646007
 10
-1.623729
 20
1.645516
 10
-1.625414
 20
1.645215
 10
-1.627140
 20
1.645113
  0
LWPOLYLINE
  5
4b9
330
1F
100
AcDbEntity
  8
Polycam-Floor_1-Objects-Fixtures
 62
45
420
11711154
100
AcDbPolyline
 90
20
 70
0
 43
0.000000
 10
-1.644803
 20
1.686058
 10
-1.645020
 20
1.685434
 10
-1.645190
 20
1.684801
 10
-1.645317
 20
1.684159
 10
-1.645406
 20
1.683509
 10
-1.645459
 20
1.682850
 10
-1.645482
 20
1.682184
 10
-1.645478
 20
1.681510
 10
-1.645451
 20
1.680828
 10
-1.645406
 20
1.680139
 10
-1.645345
 20
1.679442
 10
-1.645274
 20
1.678739
 10
-1.645197
 20
1.678030
 10
-1.645116
 20
1.677313
 10
-1.645037
 20
1.676591
 10
-1.644964
 20
1.675863
 10
-1.644899
 20
1.675129
 10
-1.644848
 20
1.674389
 10
-1.644815
 20
1.673644
 10
-1.644803
 20
1.672894
  0
LWPOLYLINE
  5
4ba
330
1F
100
AcDbEntity
  8
Polycam-Floor_1-Objects-Fixtures
 62
45
420
11711154
100
AcDbPolyline
 90
20
 70
0
 43
0.000000
 10
-1.644803
 20
1.672894
 10
-1.644816
 20
1.672190
 10
-1.644852
 20
1.671490
 10
-1.644907
 20
1.670795
 10
-1.644978
 20
1.670105
 10
-1.645059
 20
1.669420
 10
-1.645148
 20
1.668741
 10
-1.645239
 20
1.668067
 10
-1.645329
 20
1.667398
 10
-1.645414
 20
1.666736
 10
-1.645489
 20
1.666079
 10
-1.645551
 20
1.665429
 10
-1.645596
 20
1.664786
 10
-1.645619
 20
1.664149
 10
-1.645616
 20
1.663519
 10
-1.645584
 20
1.662896
 10
-1.645518
 20
1.662280
 10
-1.645414
 20
1.661672
 10
-1.645268
 20
1.661072
 10
-1.645077
 20
1.660479
  0
LWPOLYLINE
  5
4bb
330
1F
100
AcDbEntity
  8
Polycam-Floor_1-Objects-Fixtures
 62
45
420
11711154
100
AcDbPolyline
 90
20
 70
0
 43
0.000000
 10
-1.627140
 20
1.236560
 10
-1.628366
 20
1.236611
 10
-1.629572
 20
1.236764
 10
-1.630757
 20
1.237015
 10
-1.631918
 20
1.237360
 10
-1.633053
 20
1.237798
 10
-1.634160
 20
1.238326
 10
-1.635237
 20
1.238939
 10
-1.636281
 20
1.239636
 10
-1.637291
 20
1.240413
 10
-1.638265
 20
1.241268
 10
-1.639199
 20
1.242197
 10
-1.640093
 20
1.243198
 10
-1.640944
 20
1.244267
 10
-1.641749
 20
1.245402
 10
-1.642507
 20
1.246599
 10
-1.643215
 20
1.247857
 10
-1.643872
 20
1.249171
 10
-1.644475
 20
1.250539
 10
-1.645021
 20
1.251958
  0
LWPOLYLINE
  5
4bc
330
1F
100
AcDbEntity
  8
Polycam-Floor_1-Objects-Fixtures
 62
45
420
11711154
100
AcDbPolyline
 90
20
 70
0
 43
0.000000
 10
-1.645021
 20
1.251958
 10
-1.645213
 20
1.252550
 10
-1.645359
 20
1.253151
 10
-1.645462
 20
1.253759
 10
-1.645528
 20
1.254375
 10
-1.645561
 20
1.254997
 10
-1.645563
 20
1.255628
 10
-1.645540
 20
1.256264
 10
-1.645496
 20
1.256908
 10
-1.645434
 20
1.257558
 10
-1.645359
 20
1.258215
 10
-1.645274
 20
1.258877
 10
-1.645184
 20
1.259545
 10
-1.645093
 20
1.260219
 10
-1.645004
 20
1.260899
 10
-1.644923
 20
1.261584
 10
-1.644853
 20
1.262274
 10
-1.644797
 20
1.262969
 10
-1.644761
 20
1.263669
 10
-1.644748
 20
1.264373
  0
LWPOLYLINE
  5
4bd
330
1F
100
AcDbEntity
  8
Polycam-Floor_1-Objects-Fixtures
 62
45
420
11711154
100
AcDbPolyline
 90
20
 70
0
 43
0.000000
 10
-1.644748
 20
1.264373
 10
-1.644760
 20
1.265123
 10
-1.644794
 20
1.265868
 10
-1.644845
 20
1.266607
 10
-1.644909
 20
1.267341
 10
-1.644983
 20
1.268070
 10
-1.645062
 20
1.268792
 10
-1.645142
 20
1.269508
 10
-1.645220
 20
1.270218
 10
-1.645291
 20
1.270921
 10
-1.645351
 20
1.271617
 10
-1.645397
 20
1.272306
 10
-1.645423
 20
1.272987
 10
-1.645427
 20
1.273661
 10
-1.645405
 20
1.274328
 10
-1.645351
 20
1.274986
 10
-1.645263
 20
1.275636
 10
-1.645135
 20
1.276277
 10
-1.644965
 20
1.276910
 10
-1.644748
 20
1.277534
  0
LWPOLYLINE
  5
4be
330
1F
100
AcDbEntity
  8
Polycam-Floor_1-Objects-Fixtures
 62
45
420
11711154
100
AcDbPolyline
 90
20
 70
0
 43
0.000000
 10
-1.644748
 20
1.277534
 10
-1.644186
 20
1.278887
 10
-1.643573
 20
1.280191
 10
-1.642910
 20
1.281444
 10
-1.642199
 20
1.282642
 10
-1.641442
 20
1.283782
 10
-1.640642
 20
1.284862
 10
-1.639799
 20
1.285880
 10
-1.638917
 20
1.286832
 10
-1.637997
 20
1.287715
 10
-1.637041
 20
1.288527
 10
-1.636050
 20
1.289266
 10
-1.635028
 20
1.289928
 10
-1.633976
 20
1.290510
 10
-1.632895
 20
1.291011
 10
-1.631789
 20
1.291426
 10
-1.630658
 20
1.291754
 10
-1.629505
 20
1.291992
 10
-1.628331
 20
1.292137
 10
-1.627140
 20
1.292186
  0
LWPOLYLINE
  5
4bf
330
1F
100
AcDbEntity
  8
Polycam-Floor_1-Objects-Fixtures
 62
45
420
11711154
100
AcDbPolyline
 90
20
 70
0
 43
0.000000
 10
-1.627140
 20
1.292186
 10
-1.625414
 20
1.292084
 10
-1.623729
 20
1.291783
 10
-1.622090
 20
1.291292
 10
-1.620504
 20
1.290619
 10
-1.618976
 20
1.289773
 10
-1.617513
 20
1.288762
 10
-1.616121
 20
1.287594
 10
-1.614806
 20
1.286277
 10
-1.613573
 20
1.284820
 10
-1.612430
 20
1.283231
 10
-1.611381
 20
1.281519
 10
-1.610433
 20
1.279691
 10
-1.609591
 20
1.277757
 10
-1.608863
 20
1.275724
 10
-1.608253
 20
1.273600
 10
-1.607769
 20
1.271395
 10
-1.607415
 20
1.269117
 10
-1.607199
 20
1.266773
 10
-1.607125
 20
1.264373
  0
LWPOLYLINE
  5
4c0
330
1F
100
AcDbEntity
  8
Polycam-Floor_1-Objects-Fixtures
 62
45
420
11711154
100
AcDbPolyline
 90
20
 70
0
 43
0.000000
 10
-1.607125
 20
1.264373
 10
-1.607199
 20
1.261972
 10
-1.607415
 20
1.259628
 10
-1.607769
 20
1.257350
 10
-1.608253
 20
1.255145
 10
-1.608863
 20
1.253022
 10
-1.609591
 20
1.250989
 10
-1.610433
 20
1.249054
 10
-1.611381
 20
1.247227
 10
-1.612430
 20
1.245514
 10
-1.613573
 20
1.243926
 10
-1.614806
 20
1.242469
 10
-1.616121
 20
1.241152
 10
-1.617513
 20
1.239984
 10
-1.618976
 20
1.238972
 10
-1.620504
 20
1.238126
 10
-1.622090
 20
1.237453
 10
-1.623729
 20
1.236963
 10
-1.625414
 20
1.236662
 10
-1.627140
 20
1.236560
  0
LWPOLYLINE
  5
4c1
330
1F
100
AcDbEntity
  8
Polycam-Floor_1-Objects-Fixtures
 62
45
420
11711154
100
AcDbPolyline
 90
20
 70
0
 43
0.000000
 10
-1.644803
 20
1.277534
 10
-1.645020
 20
1.276910
 10
-1.645190
 20
1.276277
 10
-1.645317
 20
1.275636
 10
-1.645406
 20
1.274986
 10
-1.645459
 20
1.274328
 10
-1.645482
 20
1.273661
 10
-1.645478
 20
1.272987
 10
-1.645451
 20
1.272306
 10
-1.645406
 20
1.271617
 10
-1.645345
 20
1.270921
 10
-1.645274
 20
1.270218
 10
-1.645197
 20
1.269508
 10
-1.645116
 20
1.268792
 10
-1.645037
 20
1.268070
 10
-1.644964
 20
1.267341
 10
-1.644899
 20
1.266607
 10
-1.644848
 20
1.265868
 10
-1.644815
 20
1.265123
 10
-1.644803
 20
1.264373
  0
LWPOLYLINE
  5
4c2
330
1F
100
AcDbEntity
  8
Polycam-Floor_1-Objects-Fixtures
 62
45
420
11711154
100
AcDbPolyline
 90
20
 70
0
 43
0.000000
 10
-1.644803
 20
1.264373
 10
-1.644816
 20
1.263669
 10
-1.644852
 20
1.262969
 10
-1.644907
 20
1.262274
 10
-1.644978
 20
1.261584
 10
-1.645059
 20
1.260899
 10
-1.645148
 20
1.260219
 10
-1.645239
 20
1.259545
 10
-1.645329
 20
1.258877
 10
-1.645414
 20
1.258215
 10
-1.645489
 20
1.257558
 10
-1.645551
 20
1.256908
 10
-1.645596
 20
1.256264
 10
-1.645619
 20
1.255628
 10
-1.645616
 20
1.254997
 10
-1.645584
 20
1.254375
 10
-1.645518
 20
1.253759
 10
-1.645414
 20
1.253151
 10
-1.645268
 20
1.252550
 10
-1.645077
 20
1.251958
  0
LWPOLYLINE
  5
4c3
330
1F
100
AcDbEntity
  8
Polycam-Floor_1-Objects-Furniture
 62
45
420
11711154
100
AcDbPolyline
 90
2
 70
0
 43
0.000000
 10
0.721685
 20
-7.558806
 10
0.731363
 20
-7.573511
  0
LWPOLYLINE
  5
4c4
330
1F
100
AcDbEntity
  8
Polycam-Floor_1-Objects-Furniture
 62
45
420
11711154
100
AcDbPolyline
 90
2
 70
0
 43
0.000000
 10
0.703952
 20
-7.594383
 10
0.692489
 20
-7.580569
  0
LWPOLYLINE
  5
4c5
330
1F
100
AcDbEntity
  8
Polycam-Floor_1-Objects-Furniture
 62
45
420
11711154
100
AcDbPolyline
 90
2
 70
0
 43
0.000000
 10
0.710995
 20
-7.612824
 10
0.688791
 20
-7.583038
  0
LWPOLYLINE
  5
4c6
330
1F
100
AcDbEntity
  8
Polycam-Floor_1-Objects-Furniture
 62
45
420
11711154
100
AcDbPolyline
 90
2
 70
0
 43
0.000000
 10
0.692489
 20
-7.580569
 10
0.703952
 20
-7.594383
  0
LWPOLYLINE
  5
4c7
330
1F
100
AcDbEntity
  8
Polycam-Floor_1-Objects-Furniture
 62
45
420
11711154
100
AcDbPolyline
 90
2
 70
0
 43
0.000000
 10
0.731363
 20
-7.573511
 10
0.721685
 20
-7.558805
  0
LWPOLYLINE
  5
4c8
330
1F
100
AcDbEntity
  8
Polycam-Floor_1-Objects-Furniture
 62
45
420
11711154
100
AcDbPolyline
 90
2
 70
0
 43
0.000000
 10
0.725568
 20
-7.555575
 10
0.747795
 20
-7.585392
  0
LWPOLYLINE
  5
4c9
330
1F
100
AcDbEntity
  8
Polycam-Floor_1-Objects-Furniture
 62
45
420
11711154
100
AcDbPolyline
 90
2
 70
0
 43
0.000000
 10
0.747293
 20
-7.588949
 10
0.714547
 20
-7.613359
  0
LWPOLYLINE
  5
4ca
330
1F
100
AcDbEntity
  8
Polycam-Floor_1-Objects-Furniture
 62
45
420
11711154
100
AcDbPolyline
 90
2
 70
0
 43
0.000000
 10
0.710995
 20
-7.612824
 10
0.710995
 20
-7.612824
  0
LWPOLYLINE
  5
4cb
330
1F
100
AcDbEntity
  8
Polycam-Floor_1-Objects-Furniture
 62
45
420
11711154
100
AcDbPolyline
 90
2
 70
0
 43
0.000000
 10
0.821031
 20
-7.227444
 10
0.821390
 20
-7.227416
  0
LWPOLYLINE
  5
4cc
330
1F
100
AcDbEntity
  8
Polycam-Floor_1-Objects-Furniture
 62
45
420
11711154
100
AcDbPolyline
 90
2
 70
0
 43
0.000000
 10
0.827867
 20
-7.261020
 10
0.811459
 20
-7.267507
  0
LWPOLYLINE
  5
4cd
330
1F
100
AcDbEntity
  8
Polycam-Floor_1-Objects-Furniture
 62
45
420
11711154
100
AcDbPolyline
 90
2
 70
0
 43
0.000000
 10
0.799864
 20
-7.273446
 10
0.799460
 20
-7.272256
  0
LWPOLYLINE
  5
4ce
330
1F
100
AcDbEntity
  8
Polycam-Floor_1-Objects-Furniture
 62
45
420
11711154
100
AcDbPolyline
 90
2
 70
0
 43
0.000000
 10
0.799460
 20
-7.272256
 10
0.810644
 20
-7.267828
  0
LWPOLYLINE
  5
4cf
330
1F
100
AcDbEntity
  8
Polycam-Floor_1-Objects-Furniture
 62
45
420
11711154
100
AcDbPolyline
 90
2
 70
0
 43
0.000000
 10
0.810644
 20
-7.267828
 10
0.811459
 20
-7.267507
  0
LWPOLYLINE
  5
4d0
330
1F
100
AcDbEntity
  8
Polycam-Floor_1-Objects-Furniture
 62
45
420
11711154
100
AcDbPolyline
 90
2
 70
0
 43
0.000000
 10
0.811459
 20
-7.267507
 10
0.827863
 20
-7.261015
  0
LWPOLYLINE
  5
4d1
330
1F
100
AcDbEntity
  8
Polycam-Floor_1-Objects-Furniture
 62
45
420
11711154
100
AcDbPolyline
 90
2
 70
0
 43
0.000000
 10
0.816359
 20
-7.228319
 10
0.793598
 20
-7.234501
  0
LWPOLYLINE
  5
4d2
330
1F
100
AcDbEntity
  8
Polycam-Floor_1-Objects-Furniture
 62
45
420
11711154
100
AcDbPolyline
 90
2
 70
0
 43
0.000000
 10
0.793598
 20
-7.234501
 10
0.787191
 20
-7.236238
  0
LWPOLYLINE
  5
4d3
330
1F
100
AcDbEntity
  8
Polycam-Floor_1-Objects-Furniture
 62
45
420
11711154
100
AcDbPolyline
 90
2
 70
0
 43
0.000000
 10
0.787191
 20
-7.236238
 10
0.786620
 20
-7.234557
  0
LWPOLYLINE
  5
4d4
330
1F
100
AcDbEntity
  8
Polycam-Floor_1-Objects-Furniture
 62
45
420
11711154
100
AcDbPolyline
 90
2
 70
0
 43
0.000000
 10
0.788198
 20
-7.231339
 10
0.832619
 20
-7.216405
  0
LWPOLYLINE
  5
4d5
330
1F
100
AcDbEntity
  8
Polycam-Floor_1-Objects-Furniture
 62
45
420
11711154
100
AcDbPolyline
 90
2
 70
0
 43
0.000000
 10
0.835837
 20
-7.218011
 10
0.849085
 20
-7.256905
  0
LWPOLYLINE
  5
4d6
330
1F
100
AcDbEntity
  8
Polycam-Floor_1-Objects-Furniture
 62
45
420
11711154
100
AcDbPolyline
 90
2
 70
0
 43
0.000000
 10
0.847503
 20
-7.260118
 10
0.803087
 20
-7.275048
  0
LWPOLYLINE
  5
4d7
330
1F
100
AcDbEntity
  8
Polycam-Floor_1-Objects-Furniture
 62
45
420
11711154
100
AcDbPolyline
 90
2
 70
0
 43
0.000000
 10
0.799864
 20
-7.273446
 10
0.799864
 20
-7.273446
  0
LWPOLYLINE
  5
4d8
330
1F
100
AcDbEntity
  8
Polycam-Floor_1-Objects-Furniture
 62
45
420
11711154
100
AcDbPolyline
 90
2
 70
0
 43
0.000000
 10
0.345422
 20
-7.584362
 10
0.345422
 20
-7.584362
  0
LWPOLYLINE
  5
4d9
330
1F
100
AcDbEntity
  8
Polycam-Floor_1-Objects-Furniture
 62
45
420
11711154
100
AcDbPolyline
 90
2
 70
0
 43
0.000000
 10
0.333193
 20
-7.588780
 10
0.360220
 20
-7.550502
  0
LWPOLYLINE
  5
4da
330
1F
100
AcDbEntity
  8
Polycam-Floor_1-Objects-Furniture
 62
45
420
11711154
100
AcDbPolyline
 90
2
 70
0
 43
0.000000
 10
0.363756
 20
-7.549908
 10
0.364785
 20
-7.550641
  0
LWPOLYLINE
  5
4db
330
1F
100
AcDbEntity
  8
Polycam-Floor_1-Objects-Furniture
 62
45
420
11711154
100
AcDbPolyline
 90
2
 70
0
 43
0.000000
 10
0.364785
 20
-7.550641
 10
0.348487
 20
-7.576494
  0
LWPOLYLINE
  5
4dc
330
1F
100
AcDbEntity
  8
Polycam-Floor_1-Objects-Furniture
 62
45
420
11711154
100
AcDbPolyline
 90
2
 70
0
 43
0.000000
 10
0.376922
 20
-7.596314
 10
0.395781
 20
-7.572716
  0
LWPOLYLINE
  5
4dd
330
1F
100
AcDbEntity
  8
Polycam-Floor_1-Objects-Furniture
 62
45
420
11711154
100
AcDbPolyline
 90
2
 70
0
 43
0.000000
 10
0.395781
 20
-7.572716
 10
0.397228
 20
-7.573743
  0
LWPOLYLINE
  5
4de
330
1F
100
AcDbEntity
  8
Polycam-Floor_1-Objects-Furniture
 62
45
420
11711154
100
AcDbPolyline
 90
2
 70
0
 43
0.000000
 10
0.397837
 20
-7.577293
 10
0.370806
 20
-7.615566
  0
LWPOLYLINE
  5
4df
330
1F
100
AcDbEntity
  8
Polycam-Floor_1-Objects-Furniture
 62
45
420
11711154
100
AcDbPolyline
 90
2
 70
0
 43
0.000000
 10
0.367271
 20
-7.616159
 10
0.333799
 20
-7.592324
  0
LWPOLYLINE
  5
4e0
330
1F
100
AcDbEntity
  8
Polycam-Floor_1-Objects-Furniture
 62
45
420
11711154
100
AcDbPolyline
 90
2
 70
0
 43
0.000000
 10
0.333193
 20
-7.588780
 10
0.333193
 20
-7.588780
  0
LWPOLYLINE
  5
4e1
330
1F
100
AcDbEntity
  8
Polycam-Floor_1-Objects-Furniture
 62
45
420
11711154
100
AcDbPolyline
 90
2
 70
0
 43
0.000000
 10
0.512114
 20
-7.101679
 10
0.513592
 20
-7.068637
  0
LWPOLYLINE
  5
4e2
330
1F
100
AcDbEntity
  8
Polycam-Floor_1-Objects-Furniture
 62
45
420
11711154
100
AcDbPolyline
 90
2
 70
0
 43
0.000000
 10
0.513592
 20
-7.068637
 10
0.514942
 20
-7.038357
  0
LWPOLYLINE
  5
4e3
330
1F
100
AcDbEntity
  8
Polycam-Floor_1-Objects-Furniture
 62
45
420
11711154
100
AcDbPolyline
 90
2
 70
0
 43
0.000000
 10
0.549463
 20
-7.037726
 10
0.551500
 20
-7.068330
  0
LWPOLYLINE
  5
4e4
330
1F
100
AcDbEntity
  8
Polycam-Floor_1-Objects-Furniture
 62
45
420
11711154
100
AcDbPolyline
 90
2
 70
0
 43
0.000000
 10
0.551500
 20
-7.068330
 10
0.553097
 20
-7.092466
  0
LWPOLYLINE
  5
4e5
330
1F
100
AcDbEntity
  8
Polycam-Floor_1-Objects-Furniture
 62
45
420
11711154
100
AcDbPolyline
 90
2
 70
0
 43
0.000000
 10
0.554581
 20
-7.018740
 10
0.555257
 20
-7.065769
  0
LWPOLYLINE
  5
4e6
330
1F
100
AcDbEntity
  8
Polycam-Floor_1-Objects-Furniture
 62
45
420
11711154
100
AcDbPolyline
 90
2
 70
0
 43
0.000000
 10
0.552756
 20
-7.068335
 10
0.551503
 20
-7.068344
  0
LWPOLYLINE
  5
4e7
330
1F
100
AcDbEntity
  8
Polycam-Floor_1-Objects-Furniture
 62
45
420
11711154
100
AcDbPolyline
 90
2
 70
0
 43
0.000000
 10
0.551503
 20
-7.068344
 10
0.549471
 20
-7.037737
  0
LWPOLYLINE
  5
4e8
330
1F
100
AcDbEntity
  8
Polycam-Floor_1-Objects-Furniture
 62
45
420
11711154
100
AcDbPolyline
 90
2
 70
0
 43
0.000000
 10
0.514950
 20
-7.038367
 10
0.513600
 20
-7.068648
  0
LWPOLYLINE
  5
4e9
330
1F
100
AcDbEntity
  8
Polycam-Floor_1-Objects-Furniture
 62
45
420
11711154
100
AcDbPolyline
 90
2
 70
0
 43
0.000000
 10
0.513600
 20
-7.068648
 10
0.511827
 20
-7.068661
  0
LWPOLYLINE
  5
4ea
330
1F
100
AcDbEntity
  8
Polycam-Floor_1-Objects-Furniture
 62
45
420
11711154
100
AcDbPolyline
 90
2
 70
0
 43
0.000000
 10
0.509250
 20
-7.066139
 10
0.508574
 20
-7.019110
  0
LWPOLYLINE
  5
4eb
330
1F
100
AcDbEntity
  8
Polycam-Floor_1-Objects-Furniture
 62
45
420
11711154
100
AcDbPolyline
 90
2
 70
0
 43
0.000000
 10
0.511075
 20
-7.016544
 10
0.552008
 20
-7.016214
  0
LWPOLYLINE
  5
4ec
330
1F
100
AcDbEntity
  8
Polycam-Floor_1-Objects-Furniture
 62
45
420
11711154
100
AcDbPolyline
 90
2
 70
0
 43
0.000000
 10
0.554586
 20
-7.018736
 10
0.554581
 20
-7.018740
  0
LWPOLYLINE
  5
4ed
330
1F
100
AcDbEntity
  8
Polycam-Floor_1-Objects-Furniture
 62
45
420
11711154
100
AcDbPolyline
 90
2
 70
0
 43
0.000000
 10
0.554581
 20
-7.018740
 10
0.554581
 20
-7.018740
  0
LWPOLYLINE
  5
4ee
330
1F
100
AcDbEntity
  8
Polycam-Floor_1-Objects-Furniture
 62
45
420
11711154
100
AcDbPolyline
 90
2
 70
0
 43
0.000000
 10
0.294333
 20
-7.285181
 10
0.271780
 20
-7.276738
  0
LWPOLYLINE
  5
4ef
330
1F
100
AcDbEntity
  8
Polycam-Floor_1-Objects-Furniture
 62
45
420
11711154
100
AcDbPolyline
 90
2
 70
0
 43
0.000000
 10
0.271780
 20
-7.276738
 10
0.243370
 20
-7.266105
  0
LWPOLYLINE
  5
4f0
330
1F
100
AcDbEntity
  8
Polycam-Floor_1-Objects-Furniture
 62
45
420
11711154
100
AcDbPolyline
 90
2
 70
0
 43
0.000000
 10
0.252996
 20
-7.232949
 10
0.282722
 20
-7.240448
  0
LWPOLYLINE
  5
4f1
330
1F
100
AcDbEntity
  8
Polycam-Floor_1-Objects-Furniture
 62
45
420
11711154
100
AcDbPolyline
 90
2
 70
0
 43
0.000000
 10
0.282722
 20
-7.240448
 10
0.314899
 20
-7.248568
  0
LWPOLYLINE
  5
4f2
330
1F
100
AcDbEntity
  8
Polycam-Floor_1-Objects-Furniture
 62
45
420
11711154
100
AcDbPolyline
 90
2
 70
0
 43
0.000000
 10
0.236454
 20
-7.222195
 10
0.281394
 20
-7.236062
  0
LWPOLYLINE
  5
4f3
330
1F
100
AcDbEntity
  8
Polycam-Floor_1-Objects-Furniture
 62
45
420
11711154
100
AcDbPolyline
 90
2
 70
0
 43
0.000000
 10
0.283090
 20
-7.239240
 10
0.282727
 20
-7.240444
  0
LWPOLYLINE
  5
4f4
330
1F
100
AcDbEntity
  8
Polycam-Floor_1-Objects-Furniture
 62
45
420
11711154
100
AcDbPolyline
 90
2
 70
0
 43
0.000000
 10
0.282727
 20
-7.240444
 10
0.253006
 20
-7.232941
  0
LWPOLYLINE
  5
4f5
330
1F
100
AcDbEntity
  8
Polycam-Floor_1-Objects-Furniture
 62
45
420
11711154
100
AcDbPolyline
 90
2
 70
0
 43
0.000000
 10
0.243374
 20
-7.266110
 10
0.271784
 20
-7.276744
  0
LWPOLYLINE
  5
4f6
330
1F
100
AcDbEntity
  8
Polycam-Floor_1-Objects-Furniture
 62
45
420
11711154
100
AcDbPolyline
 90
2
 70
0
 43
0.000000
 10
0.271784
 20
-7.276744
 10
0.271273
 20
-7.278440
  0
LWPOLYLINE
  5
4f7
330
1F
100
AcDbEntity
  8
Polycam-Floor_1-Objects-Furniture
 62
45
420
11711154
100
AcDbPolyline
 90
2
 70
0
 43
0.000000
 10
0.268111
 20
-7.280119
 10
0.223172
 20
-7.266252
  0
LWPOLYLINE
  5
4f8
330
1F
100
AcDbEntity
  8
Polycam-Floor_1-Objects-Furniture
 62
45
420
11711154
100
AcDbPolyline
 90
2
 70
0
 43
0.000000
 10
0.221476
 20
-7.263074
 10
0.233296
 20
-7.223879
  0
LWPOLYLINE
  5
4f9
330
1F
100
AcDbEntity
  8
Polycam-Floor_1-Objects-Furniture
 62
45
420
11711154
100
AcDbPolyline
 90
2
 70
0
 43
0.000000
 10
0.236458
 20
-7.222200
 10
0.236454
 20
-7.222195
  0
LWPOLYLINE
  5
4fa
330
1F
100
AcDbEntity
  8
Polycam-Floor_1-Objects-Furniture
 62
45
420
11711154
100
AcDbPolyline
 90
2
 70
0
 43
0.000000
 10
0.236454
 20
-7.222195
 10
0.236454
 20
-7.222195
  0
LWPOLYLINE
  5
4fb
330
1F
100
AcDbEntity
  8
Polycam-Floor_1-Objects-Furniture
 62
45
420
11711154
100
AcDbPolyline
 90
2
 70
0
 43
0.000000
 10
0.477574
 20
-7.622980
 10
0.462358
 20
-7.602567
  0
LWPOLYLINE
  5
4fc
330
1F
100
AcDbEntity
  8
Polycam-Floor_1-Objects-Furniture
 62
45
420
11711154
100
AcDbPolyline
 90
2
 70
0
 43
0.000000
 10
0.808855
 20
-7.344279
 10
0.824071
 20
-7.364691
  0
LWPOLYLINE
  5
4fd
330
1F
100
AcDbEntity
  8
Polycam-Floor_1-Objects-Furniture
 62
45
420
11711154
100
AcDbPolyline
 90
2
 70
0
 43
0.000000
 10
0.477574
 20
-7.622980
 10
0.477574
 20
-7.622980
  0
LWPOLYLINE
  5
4fe
330
1F
100
AcDbEntity
  8
Polycam-Floor_1-Objects-Furniture
 62
45
420
11711154
100
AcDbPolyline
 90
2
 70
0
 43
0.000000
 10
0.699069
 20
-7.496216
 10
0.684376
 20
-7.476154
  0
LWPOLYLINE
  5
4ff
330
1F
100
AcDbEntity
  8
Polycam-Floor_1-Objects-Furniture
 62
45
420
11711154
100
AcDbPolyline
 90
2
 70
0
 43
0.000000
 10
0.640869
 20
-7.539839
 10
0.625538
 20
-7.520325
  0
LWPOLYLINE
  5
500
330
1F
100
AcDbEntity
  8
Polycam-Floor_1-Objects-Furniture
 62
45
420
11711154
100
AcDbPolyline
 90
2
 70
0
 43
0.000000
 10
0.264406
 20
-7.370370
 10
0.271041
 20
-7.365472
  0
LWPOLYLINE
  5
501
330
1F
100
AcDbEntity
  8
Polycam-Floor_1-Objects-Furniture
 62
45
420
11711154
100
AcDbPolyline
 90
2
 70
0
 43
0.000000
 10
0.323546
 20
-7.378158
 10
0.410053
 20
-7.505921
  0
LWPOLYLINE
  5
502
330
1F
100
AcDbEntity
  8
Polycam-Floor_1-Objects-Furniture
 62
45
420
11711154
100
AcDbPolyline
 90
2
 70
0
 43
0.000000
 10
0.408620
 20
-7.515692
 10
0.369002
 20
-7.544945
  0
LWPOLYLINE
  5
503
330
1F
100
AcDbEntity
  8
Polycam-Floor_1-Objects-Furniture
 62
45
420
11711154
100
AcDbPolyline
 90
2
 70
0
 43
0.000000
 10
0.359245
 20
-7.543443
 10
0.262577
 20
-7.425975
  0
LWPOLYLINE
  5
504
330
1F
100
AcDbEntity
  8
Polycam-Floor_1-Objects-Furniture
 62
45
420
11711154
100
AcDbPolyline
 90
2
 70
0
 43
0.000000
 10
0.253584
 20
-7.411221
 10
0.253584
 20
-7.411221
  0
LWPOLYLINE
  5
505
330
1F
100
AcDbEntity
  8
Polycam-Floor_1-Objects-Furniture
 62
45
420
11711154
100
AcDbPolyline
 90
2
 70
0
 43
0.000000
 10
0.348487
 20
-7.576494
 10
0.364785
 20
-7.550641
  0
LWPOLYLINE
  5
506
330
1F
100
AcDbEntity
  8
Polycam-Floor_1-Objects-Furniture
 62
45
420
11711154
100
AcDbPolyline
 90
2
 70
0
 43
0.000000
 10
0.364785
 20
-7.550641
 10
0.367984
 20
-7.545568
  0
LWPOLYLINE
  5
507
330
1F
100
AcDbEntity
  8
Polycam-Floor_1-Objects-Furniture
 62
45
420
11711154
100
AcDbPolyline
 90
2
 70
0
 43
0.000000
 10
0.369002
 20
-7.544945
 10
0.408620
 20
-7.515692
  0
LWPOLYLINE
  5
508
330
1F
100
AcDbEntity
  8
Polycam-Floor_1-Objects-Furniture
 62
45
420
11711154
100
AcDbPolyline
 90
2
 70
0
 43
0.000000
 10
0.415852
 20
-7.547599
 10
0.395777
 20
-7.572711
  0
LWPOLYLINE
  5
509
330
1F
100
AcDbEntity
  8
Polycam-Floor_1-Objects-Furniture
 62
45
420
11711154
100
AcDbPolyline
 90
2
 70
0
 43
0.000000
 10
0.395777
 20
-7.572711
 10
0.376918
 20
-7.596309
  0
LWPOLYLINE
  5
50a
330
1F
100
AcDbEntity
  8
Polycam-Floor_1-Objects-Furniture
 62
45
420
11711154
100
AcDbPolyline
 90
2
 70
0
 43
0.000000
 10
0.345424
 20
-7.584927
 10
0.345424
 20
-7.584927
  0
LWPOLYLINE
  5
50b
330
1F
100
AcDbEntity
  8
Polycam-Floor_1-Objects-Furniture
 62
45
420
11711154
100
AcDbPolyline
 90
2
 70
0
 43
0.000000
 10
0.635899
 20
-7.093496
 10
0.642488
 20
-7.088537
  0
LWPOLYLINE
  5
50c
330
1F
100
AcDbEntity
  8
Polycam-Floor_1-Objects-Furniture
 62
45
420
11711154
100
AcDbPolyline
 90
2
 70
0
 43
0.000000
 10
0.696299
 20
-7.102666
 10
0.781268
 20
-7.228855
  0
LWPOLYLINE
  5
50d
330
1F
100
AcDbEntity
  8
Polycam-Floor_1-Objects-Furniture
 62
45
420
11711154
100
AcDbPolyline
 90
2
 70
0
 43
0.000000
 10
0.779915
 20
-7.238638
 10
0.740565
 20
-7.268250
  0
LWPOLYLINE
  5
50e
330
1F
100
AcDbEntity
  8
Polycam-Floor_1-Objects-Furniture
 62
45
420
11711154
100
AcDbPolyline
 90
2
 70
0
 43
0.000000
 10
0.730792
 20
-7.266832
 10
0.633060
 20
-7.147438
  0
LWPOLYLINE
  5
50f
330
1F
100
AcDbEntity
  8
Polycam-Floor_1-Objects-Furniture
 62
45
420
11711154
100
AcDbPolyline
 90
2
 70
0
 43
0.000000
 10
0.625323
 20
-7.135337
 10
0.625323
 20
-7.135337
  0
LWPOLYLINE
  5
510
330
1F
100
AcDbEntity
  8
Polycam-Floor_1-Objects-Furniture
 62
45
420
11711154
100
AcDbPolyline
 90
2
 70
0
 43
0.000000
 10
0.740443
 20
-7.308129
 10
0.740448
 20
-7.308125
  0
LWPOLYLINE
  5
511
330
1F
100
AcDbEntity
  8
Polycam-Floor_1-Objects-Furniture
 62
45
420
11711154
100
AcDbPolyline
 90
2
 70
0
 43
0.000000
 10
0.745765
 20
-7.293489
 10
0.739113
 20
-7.296118
  0
LWPOLYLINE
  5
512
330
1F
100
AcDbEntity
  8
Polycam-Floor_1-Objects-Furniture
 62
45
420
11711154
100
AcDbPolyline
 90
2
 70
0
 43
0.000000
 10
0.740565
 20
-7.268250
 10
0.779915
 20
-7.238638
  0
LWPOLYLINE
  5
513
330
1F
100
AcDbEntity
  8
Polycam-Floor_1-Objects-Furniture
 62
45
420
11711154
100
AcDbPolyline
 90
2
 70
0
 43
0.000000
 10
0.780637
 20
-7.238012
 10
0.787191
 20
-7.236238
  0
LWPOLYLINE
  5
514
330
1F
100
AcDbEntity
  8
Polycam-Floor_1-Objects-Furniture
 62
45
420
11711154
100
AcDbPolyline
 90
2
 70
0
 43
0.000000
 10
0.787191
 20
-7.236238
 10
0.793598
 20
-7.234501
  0
LWPOLYLINE
  5
515
330
1F
100
AcDbEntity
  8
Polycam-Floor_1-Objects-Furniture
 62
45
420
11711154
100
AcDbPolyline
 90
2
 70
0
 43
0.000000
 10
0.793598
 20
-7.234501
 10
0.816357
 20
-7.228328
  0
LWPOLYLINE
  5
516
330
1F
100
AcDbEntity
  8
Polycam-Floor_1-Objects-Furniture
 62
45
420
11711154
100
AcDbPolyline
 90
2
 70
0
 43
0.000000
 10
0.827863
 20
-7.261015
 10
0.811459
 20
-7.267507
  0
LWPOLYLINE
  5
517
330
1F
100
AcDbEntity
  8
Polycam-Floor_1-Objects-Furniture
 62
45
420
11711154
100
AcDbPolyline
 90
2
 70
0
 43
0.000000
 10
0.811459
 20
-7.267507
 10
0.810644
 20
-7.267828
  0
LWPOLYLINE
  5
518
330
1F
100
AcDbEntity
  8
Polycam-Floor_1-Objects-Furniture
 62
45
420
11711154
100
AcDbPolyline
 90
2
 70
0
 43
0.000000
 10
0.810644
 20
-7.267828
 10
0.799451
 20
-7.272255
  0
LWPOLYLINE
  5
519
330
1F
100
AcDbEntity
  8
Polycam-Floor_1-Objects-Furniture
 62
45
420
11711154
100
AcDbPolyline
 90
2
 70
0
 43
0.000000
 10
0.799451
 20
-7.272255
 10
0.769087
 20
-7.284264
  0
LWPOLYLINE
  5
51a
330
1F
100
AcDbEntity
  8
Polycam-Floor_1-Objects-Furniture
 62
45
420
11711154
100
AcDbPolyline
 90
2
 70
0
 43
0.000000
 10
0.739976
 20
-7.352413
 10
0.739976
 20
-7.352413
  0
LWPOLYLINE
  5
51b
330
1F
100
AcDbEntity
  8
Polycam-Floor_1-Objects-Furniture
 62
45
420
11711154
100
AcDbPolyline
 90
20
 70
0
 43
0.000000
 10
0.740444
 20
-7.308120
 10
0.740390
 20
-7.307496
 10
0.740335
 20
-7.306872
 10
0.740277
 20
-7.306247
 10
0.740218
 20
-7.305621
 10
0.740157
 20
-7.304993
 10
0.740094
 20
-7.304365
 10
0.740029
 20
-7.303737
 10
0.739963
 20
-7.303107
 10
0.739894
 20
-7.302476
 10
0.739824
 20
-7.301844
 10
0.739752
 20
-7.301212
 10
0.739679
 20
-7.300579
 10
0.739603
 20
-7.299944
 10
0.739526
 20
-7.299309
 10
0.739447
 20
-7.298673
 10
0.739366
 20
-7.298036
 10
0.739283
 20
-7.297397
 10
0.739199
 20
-7.296758
 10
0.739113
 20
-7.296118
  0
LWPOLYLINE
  5
51c
330
1F
100
AcDbEntity
  8
Polycam-Floor_1-Objects-Furniture
 62
45
420
11711154
100
AcDbPolyline
 90
20
 70
0
 43
0.000000
 10
0.739976
 20
-7.352413
 10
0.738802
 20
-7.361327
 10
0.737298
 20
-7.369983
 10
0.735488
 20
-7.378379
 10
0.733396
 20
-7.386513
 10
0.731045
 20
-7.394384
 10
0.728460
 20
-7.401991
 10
0.725664
 20
-7.409331
 10
0.722681
 20
-7.416404
 10
0.719535
 20
-7.423209
 10
0.716250
 20
-7.429743
 10
0.712850
 20
-7.436005
 10
0.709359
 20
-7.441994
 10
0.705800
 20
-7.447709
 10
0.702198
 20
-7.453148
 10
0.698577
 20
-7.458309
 10
0.694959
 20
-7.463191
 10
0.691370
 20
-7.467793
 10
0.687833
 20
-7.472113
 10
0.684372
 20
-7.476149
  0
LWPOLYLINE
  5
51d
330
1F
100
AcDbEntity
  8
Polycam-Floor_1-Objects-Furniture
 62
45
420
11711154
100
AcDbPolyline
 90
20
 70
0
 43
0.000000
 10
0.684372
 20
-7.476149
 10
0.683816
 20
-7.476783
 10
0.683262
 20
-7.477409
 10
0.682710
 20
-7.478028
 10
0.682162
 20
-7.478638
 10
0.681616
 20
-7.479241
 10
0.681074
 20
-7.479837
 10
0.680535
 20
-7.480424
 10
0.679999
 20
-7.481004
 10
0.679467
 20
-7.481576
 10
0.678938
 20
-7.482141
 10
0.678413
 20
-7.482698
 10
0.677891
 20
-7.483247
 10
0.677374
 20
-7.483788
 10
0.676861
 20
-7.484322
 10
0.676351
 20
-7.484848
 10
0.675847
 20
-7.485367
 10
0.675346
 20
-7.485878
 10
0.674850
 20
-7.486381
 10
0.674358
 20
-7.486877
  0
LWPOLYLINE
  5
51e
330
1F
100
AcDbEntity
  8
Polycam-Floor_1-Objects-Furniture
 62
45
420
11711154
100
AcDbPolyline
 90
20
 70
0
 43
0.000000
 10
0.674358
 20
-7.486877
 10
0.672791
 20
-7.488437
 10
0.671277
 20
-7.489915
 10
0.669820
 20
-7.491310
 10
0.668422
 20
-7.492622
 10
0.667089
 20
-7.493851
 10
0.665823
 20
-7.494996
 10
0.664629
 20
-7.496058
 10
0.663509
 20
-7.497037
 10
0.662467
 20
-7.497931
 10
0.661508
 20
-7.498741
 10
0.660634
 20
-7.499467
 10
0.659849
 20
-7.500108
 10
0.659157
 20
-7.500664
 10
0.658562
 20
-7.501136
 10
0.658067
 20
-7.501522
 10
0.657675
 20
-7.501822
 10
0.657391
 20
-7.502037
 10
0.657218
 20
-7.502167
 10
0.657160
 20
-7.502210
  0
LWPOLYLINE
  5
51f
330
1F
100
AcDbEntity
  8
Polycam-Floor_1-Objects-Furniture
 62
45
420
11711154
100
AcDbPolyline
 90
20
 70
0
 43
0.000000
 10
0.657160
 20
-7.502210
 10
0.657102
 20
-7.502253
 10
0.656929
 20
-7.502382
 10
0.656641
 20
-7.502593
 10
0.656241
 20
-7.502882
 10
0.655730
 20
-7.503247
 10
0.655108
 20
-7.503683
 10
0.654378
 20
-7.504187
 10
0.653539
 20
-7.504755
 10
0.652594
 20
-7.505385
 10
0.651544
 20
-7.506073
 10
0.650390
 20
-7.506816
 10
0.649133
 20
-7.507609
 10
0.647774
 20
-7.508451
 10
0.646315
 20
-7.509336
 10
0.644757
 20
-7.510263
 10
0.643101
 20
-7.511227
 10
0.641348
 20
-7.512224
 10
0.639500
 20
-7.513253
 10
0.637558
 20
-7.514309
  0
LWPOLYLINE
  5
520
330
1F
100
AcDbEntity
  8
Polycam-Floor_1-Objects-Furniture
 62
45
420
11711154
100
AcDbPolyline
 90
20
 70
0
 43
0.000000
 10
0.637558
 20
-7.514309
 10
0.636991
 20
-7.514612
 10
0.636416
 20
-7.514918
 10
0.635834
 20
-7.515226
 10
0.635245
 20
-7.515535
 10
0.634648
 20
-7.515846
 10
0.634045
 20
-7.516158
 10
0.633433
 20
-7.516472
 10
0.632815
 20
-7.516787
 10
0.632190
 20
-7.517104
 10
0.631557
 20
-7.517421
 10
0.630917
 20
-7.517740
 10
0.630270
 20
-7.518060
 10
0.629616
 20
-7.518381
 10
0.628955
 20
-7.518703
 10
0.628286
 20
-7.519025
 10
0.627611
 20
-7.519348
 10
0.626929
 20
-7.519672
 10
0.626240
 20
-7.519996
 10
0.625543
 20
-7.520321
  0
LWPOLYLINE
  5
521
330
1F
100
AcDbEntity
  8
Polycam-Floor_1-Objects-Furniture
 62
45
420
11711154
100
AcDbPolyline
 90
20
 70
0
 43
0.000000
 10
0.625543
 20
-7.520321
 10
0.620710
 20
-7.522505
 10
0.615576
 20
-7.524686
 10
0.610150
 20
-7.526840
 10
0.604439
 20
-7.528946
 10
0.598453
 20
-7.530979
 10
0.592200
 20
-7.532916
 10
0.585689
 20
-7.534735
 10
0.578927
 20
-7.536412
 10
0.571924
 20
-7.537924
 10
0.564687
 20
-7.539248
 10
0.557226
 20
-7.540361
 10
0.549548
 20
-7.541239
 10
0.541663
 20
-7.541860
 10
0.533578
 20
-7.542200
 10
0.525302
 20
-7.542236
 10
0.516844
 20
-7.541945
 10
0.508212
 20
-7.541305
 10
0.499414
 20
-7.540291
 10
0.490460
 20
-7.538880
  0
LWPOLYLINE
  5
522
330
1F
100
AcDbEntity
  8
Polycam-Floor_1-Objects-Furniture
 62
45
420
11711154
100
AcDbPolyline
 90
20
 70
0
 43
0.000000
 10
0.625882
 20
-7.102487
 10
0.623027
 20
-7.101243
 10
0.620066
 20
-7.100047
 10
0.616999
 20
-7.098903
 10
0.613827
 20
-7.097817
 10
0.610547
 20
-7.096795
 10
0.607160
 20
-7.095843
 10
0.603665
 20
-7.094967
 10
0.600061
 20
-7.094172
 10
0.596348
 20
-7.093465
 10
0.592526
 20
-7.092851
 10
0.588594
 20
-7.092336
 10
0.584551
 20
-7.091925
 10
0.580396
 20
-7.091626
 10
0.576130
 20
-7.091442
 10
0.571752
 20
-7.091381
 10
0.567261
 20
-7.091448
 10
0.562656
 20
-7.091649
 10
0.557938
 20
-7.091990
 10
0.553105
 20
-7.092476
  0
LWPOLYLINE
  5
523
330
1F
100
AcDbEntity
  8
Polycam-Floor_1-Objects-Furniture
 62
45
420
11711154
100
AcDbPolyline
 90
20
 70
0
 43
0.000000
 10
0.553105
 20
-7.092476
 10
0.551120
 20
-7.092715
 10
0.549115
 20
-7.092978
 10
0.547092
 20
-7.093267
 10
0.545050
 20
-7.093582
 10
0.542988
 20
-7.093923
 10
0.540908
 20
-7.094291
 10
0.538808
 20
-7.094686
 10
0.536689
 20
-7.095109
 10
0.534552
 20
-7.095559
 10
0.532395
 20
-7.096037
 10
0.530219
 20
-7.096544
 10
0.528024
 20
-7.097080
 10
0.525809
 20
-7.097645
 10
0.523576
 20
-7.098240
 10
0.521323
 20
-7.098865
 10
0.519051
 20
-7.099521
 10
0.516759
 20
-7.100208
 10
0.514449
 20
-7.100925
 10
0.512119
 20
-7.101675
  0
LWPOLYLINE
  5
524
330
1F
100
AcDbEntity
  8
Polycam-Floor_1-Objects-Furniture
 62
45
420
11711154
100
AcDbPolyline
 90
20
 70
0
 43
0.000000
 10
0.512119
 20
-7.101675
 10
0.507175
 20
-7.103349
 10
0.502145
 20
-7.105167
 10
0.497029
 20
-7.107132
 10
0.491827
 20
-7.109248
 10
0.486538
 20
-7.111519
 10
0.481162
 20
-7.113948
 10
0.475699
 20
-7.116538
 10
0.470148
 20
-7.119294
 10
0.464509
 20
-7.122218
 10
0.458781
 20
-7.125315
 10
0.452965
 20
-7.128587
 10
0.447059
 20
-7.132038
 10
0.441064
 20
-7.135672
 10
0.434980
 20
-7.139493
 10
0.428805
 20
-7.143503
 10
0.422539
 20
-7.147707
 10
0.416183
 20
-7.152108
 10
0.409735
 20
-7.156710
 10
0.403196
 20
-7.161515
  0
LWPOLYLINE
  5
525
330
1F
100
AcDbEntity
  8
Polycam-Floor_1-Objects-Furniture
 62
45
420
11711154
100
AcDbPolyline
 90
20
 70
0
 43
0.000000
 10
0.403196
 20
-7.161515
 10
0.396724
 20
-7.166408
 10
0.390477
 20
-7.171268
 10
0.384450
 20
-7.176096
 10
0.378639
 20
-7.180891
 10
0.373041
 20
-7.185653
 10
0.367653
 20
-7.190381
 10
0.362469
 20
-7.195074
 10
0.357487
 20
-7.199733
 10
0.352703
 20
-7.204356
 10
0.348113
 20
-7.208944
 10
0.343714
 20
-7.213496
 10
0.339500
 20
-7.218012
 10
0.335470
 20
-7.222491
 10
0.331618
 20
-7.226932
 10
0.327942
 20
-7.231336
 10
0.324437
 20
-7.235702
 10
0.321100
 20
-7.240029
 10
0.317926
 20
-7.244317
 10
0.314913
 20
-7.248566
  0
LWPOLYLINE
  5
526
330
1F
100
AcDbEntity
  8
Polycam-Floor_1-Objects-Furniture
 62
45
420
11711154
100
AcDbPolyline
 90
20
 70
0
 43
0.000000
 10
0.314913
 20
-7.248566
 10
0.313526
 20
-7.250583
 10
0.312175
 20
-7.252591
 10
0.310859
 20
-7.254589
 10
0.309579
 20
-7.256577
 10
0.308333
 20
-7.258555
 10
0.307122
 20
-7.260523
 10
0.305945
 20
-7.262482
 10
0.304801
 20
-7.264430
 10
0.303691
 20
-7.266368
 10
0.302613
 20
-7.268296
 10
0.301569
 20
-7.270213
 10
0.300556
 20
-7.272120
 10
0.299575
 20
-7.274017
 10
0.298626
 20
-7.275904
 10
0.297707
 20
-7.277780
 10
0.296820
 20
-7.279645
 10
0.295963
 20
-7.281500
 10
0.295135
 20
-7.283344
 10
0.294338
 20
-7.285177
  0
LWPOLYLINE
  5
527
330
1F
100
AcDbEntity
  8
Polycam-Floor_1-Objects-Furniture
 62
45
420
11711154
100
AcDbPolyline
 90
20
 70
0
 43
0.000000
 10
0.294338
 20
-7.285177
 10
0.292470
 20
-7.289700
 10
0.290777
 20
-7.294154
 10
0.289253
 20
-7.298538
 10
0.287891
 20
-7.302851
 10
0.286686
 20
-7.307091
 10
0.285633
 20
-7.311258
 10
0.284725
 20
-7.315351
 10
0.283956
 20
-7.319367
 10
0.283321
 20
-7.323306
 10
0.282814
 20
-7.327168
 10
0.282429
 20
-7.330949
 10
0.282160
 20
-7.334651
 10
0.282002
 20
-7.338271
 10
0.281948
 20
-7.341807
 10
0.281992
 20
-7.345260
 10
0.282130
 20
-7.348628
 10
0.282355
 20
-7.351910
 10
0.282661
 20
-7.355103
 10
0.283042
 20
-7.358209
  0
LWPOLYLINE
  5
528
330
1F
100
AcDbEntity
  8
Polycam-Floor_1-Objects-Furniture
 62
45
420
11711154
100
AcDbPolyline
 90
20
 70
0
 43
0.000000
 10
0.731363
 20
-7.573511
 10
0.731661
 20
-7.573971
 10
0.731954
 20
-7.574437
 10
0.732239
 20
-7.574910
 10
0.732517
 20
-7.575388
 10
0.732785
 20
-7.575873
 10
0.733042
 20
-7.576363
 10
0.733287
 20
-7.576858
 10
0.733519
 20
-7.577359
 10
0.733735
 20
-7.577864
 10
0.733935
 20
-7.578375
 10
0.734118
 20
-7.578890
 10
0.734281
 20
-7.579409
 10
0.734425
 20
-7.579932
 10
0.734546
 20
-7.580459
 10
0.734645
 20
-7.580990
 10
0.734719
 20
-7.581524
 10
0.734767
 20
-7.582061
 10
0.734788
 20
-7.582601
 10
0.734780
 20
-7.583144
  0
LWPOLYLINE
  5
529
330
1F
100
AcDbEntity
  8
Polycam-Floor_1-Objects-Furniture
 62
45
420
11711154
100
AcDbPolyline
 90
20
 70
0
 43
0.000000
 10
0.734780
 20
-7.583144
 10
0.734617
 20
-7.585396
 10
0.734325
 20
-7.587506
 10
0.733904
 20
-7.589474
 10
0.733357
 20
-7.591297
 10
0.732685
 20
-7.592973
 10
0.731889
 20
-7.594501
 10
0.730972
 20
-7.595878
 10
0.729934
 20
-7.597103
 10
0.728778
 20
-7.598173
 10
0.727505
 20
-7.599087
 10
0.726116
 20
-7.599842
 10
0.724614
 20
-7.600437
 10
0.722998
 20
-7.600870
 10
0.721272
 20
-7.601139
 10
0.719437
 20
-7.601242
 10
0.717494
 20
-7.601176
 10
0.715445
 20
-7.600941
 10
0.713291
 20
-7.600533
 10
0.711034
 20
-7.599952
  0
LWPOLYLINE
  5
52a
330
1F
100
AcDbEntity
  8
Polycam-Floor_1-Objects-Furniture
 62
45
420
11711154
100
AcDbPolyline
 90
20
 70
0
 43
0.000000
 10
0.711034
 20
-7.599952
 10
0.710580
 20
-7.599806
 10
0.710137
 20
-7.599636
 10
0.709704
 20
-7.599443
 10
0.709282
 20
-7.599229
 10
0.708870
 20
-7.598995
 10
0.708467
 20
-7.598742
 10
0.708073
 20
-7.598472
 10
0.707689
 20
-7.598186
 10
0.707313
 20
-7.597885
 10
0.706945
 20
-7.597572
 10
0.706585
 20
-7.597246
 10
0.706233
 20
-7.596910
 10
0.705888
 20
-7.596565
 10
0.705550
 20
-7.596213
 10
0.705218
 20
-7.595854
 10
0.704893
 20
-7.595490
 10
0.704574
 20
-7.595123
 10
0.704260
 20
-7.594753
 10
0.703952
 20
-7.594383
  0
LWPOLYLINE
  5
52b
330
1F
100
AcDbEntity
  8
Polycam-Floor_1-Objects-Furniture
 62
45
420
11711154
100
AcDbPolyline
 90
20
 70
0
 43
0.000000
 10
0.688791
 20
-7.583038
 10
0.688986
 20
-7.582911
 10
0.689180
 20
-7.582783
 10
0.689374
 20
-7.582655
 10
0.689569
 20
-7.582527
 10
0.689763
 20
-7.582399
 10
0.689957
 20
-7.582270
 10
0.690152
 20
-7.582141
 10
0.690346
 20
-7.582011
 10
0.690541
 20
-7.581882
 10
0.690736
 20
-7.581752
 10
0.690930
 20
-7.581622
 10
0.691125
 20
-7.581491
 10
0.691320
 20
-7.581360
 10
0.691515
 20
-7.581229
 10
0.691709
 20
-7.581098
 10
0.691904
 20
-7.580966
 10
0.692099
 20
-7.580834
 10
0.692294
 20
-7.580701
 10
0.692489
 20
-7.580569
  0
LWPOLYLINE
  5
52c
330
1F
100
AcDbEntity
  8
Polycam-Floor_1-Objects-Furniture
 62
45
420
11711154
100
AcDbPolyline
 90
20
 70
0
 43
0.000000
 10
0.703952
 20
-7.594383
 10
0.704260
 20
-7.594753
 10
0.704574
 20
-7.595123
 10
0.704893
 20
-7.595490
 10
0.705218
 20
-7.595854
 10
0.705550
 20
-7.596213
 10
0.705888
 20
-7.596565
 10
0.706233
 20
-7.596910
 10
0.706585
 20
-7.597246
 10
0.706945
 20
-7.597571
 10
0.707313
 20
-7.597885
 10
0.707689
 20
-7.598186
 10
0.708073
 20
-7.598472
 10
0.708467
 20
-7.598742
 10
0.708870
 20
-7.598995
 10
0.709282
 20
-7.599229
 10
0.709704
 20
-7.599443
 10
0.710137
 20
-7.599636
 10
0.710580
 20
-7.599806
 10
0.711034
 20
-7.599952
  0
LWPOLYLINE
  5
52d
330
1F
100
AcDbEntity
  8
Polycam-Floor_1-Objects-Furniture
 62
45
420
11711154
100
AcDbPolyline
 90
20
 70
0
 43
0.000000
 10
0.711034
 20
-7.599952
 10
0.713291
 20
-7.600533
 10
0.715445
 20
-7.600941
 10
0.717494
 20
-7.601176
 10
0.719437
 20
-7.601241
 10
0.721272
 20
-7.601139
 10
0.722998
 20
-7.600870
 10
0.724614
 20
-7.600437
 10
0.726116
 20
-7.599842
 10
0.727505
 20
-7.599086
 10
0.728778
 20
-7.598173
 10
0.729934
 20
-7.597102
 10
0.730972
 20
-7.595878
 10
0.731889
 20
-7.594501
 10
0.732685
 20
-7.592973
 10
0.733357
 20
-7.591297
 10
0.733904
 20
-7.589474
 10
0.734325
 20
-7.587506
 10
0.734617
 20
-7.585396
 10
0.734780
 20
-7.583144
  0
LWPOLYLINE
  5
52e
330
1F
100
AcDbEntity
  8
Polycam-Floor_1-Objects-Furniture
 62
45
420
11711154
100
AcDbPolyline
 90
20
 70
0
 43
0.000000
 10
0.734780
 20
-7.583144
 10
0.734788
 20
-7.582601
 10
0.734767
 20
-7.582061
 10
0.734719
 20
-7.581524
 10
0.734645
 20
-7.580990
 10
0.734546
 20
-7.580459
 10
0.734425
 20
-7.579932
 10
0.734281
 20
-7.579409
 10
0.734118
 20
-7.578890
 10
0.733935
 20
-7.578375
 10
0.733735
 20
-7.577864
 10
0.733519
 20
-7.577359
 10
0.733287
 20
-7.576858
 10
0.733042
 20
-7.576363
 10
0.732785
 20
-7.575873
 10
0.732517
 20
-7.575388
 10
0.732239
 20
-7.574910
 10
0.731954
 20
-7.574437
 10
0.731661
 20
-7.573971
 10
0.731363
 20
-7.573511
  0
LWPOLYLINE
  5
52f
330
1F
100
AcDbEntity
  8
Polycam-Floor_1-Objects-Furniture
 62
45
420
11711154
100
AcDbPolyline
 90
20
 70
0
 43
0.000000
 10
0.721685
 20
-7.558805
 10
0.721893
 20
-7.558636
 10
0.722100
 20
-7.558467
 10
0.722307
 20
-7.558298
 10
0.722514
 20
-7.558129
 10
0.722721
 20
-7.557959
 10
0.722927
 20
-7.557789
 10
0.723132
 20
-7.557620
 10
0.723338
 20
-7.557450
 10
0.723543
 20
-7.557280
 10
0.723747
 20
-7.557110
 10
0.723951
 20
-7.556940
 10
0.724155
 20
-7.556769
 10
0.724358
 20
-7.556599
 10
0.724561
 20
-7.556429
 10
0.724763
 20
-7.556258
 10
0.724965
 20
-7.556088
 10
0.725167
 20
-7.555917
 10
0.725368
 20
-7.555746
 10
0.725568
 20
-7.555575
  0
LWPOLYLINE
  5
530
330
1F
100
AcDbEntity
  8
Polycam-Floor_1-Objects-Furniture
 62
45
420
11711154
100
AcDbPolyline
 90
20
 70
0
 43
0.000000
 10
0.747795
 20
-7.585392
 10
0.747918
 20
-7.585573
 10
0.748024
 20
-7.585761
 10
0.748113
 20
-7.585955
 10
0.748184
 20
-7.586153
 10
0.748238
 20
-7.586356
 10
0.748276
 20
-7.586560
 10
0.748296
 20
-7.586766
 10
0.748300
 20
-7.586972
 10
0.748288
 20
-7.587178
 10
0.748259
 20
-7.587381
 10
0.748215
 20
-7.587582
 10
0.748154
 20
-7.587779
 10
0.748077
 20
-7.587970
 10
0.747985
 20
-7.588155
 10
0.747877
 20
-7.588333
 10
0.747754
 20
-7.588503
 10
0.747615
 20
-7.588662
 10
0.747461
 20
-7.588812
 10
0.747293
 20
-7.588949
  0
LWPOLYLINE
  5
531
330
1F
100
AcDbEntity
  8
Polycam-Floor_1-Objects-Furniture
 62
45
420
11711154
100
AcDbPolyline
 90
20
 70
0
 43
0.000000
 10
0.714547
 20
-7.613359
 10
0.714367
 20
-7.613481
 10
0.714180
 20
-7.613586
 10
0.713987
 20
-7.613673
 10
0.713790
 20
-7.613743
 10
0.713588
 20
-7.613795
 10
0.713384
 20
-7.613831
 10
0.713179
 20
-7.613850
 10
0.712973
 20
-7.613852
 10
0.712768
 20
-7.613838
 10
0.712565
 20
-7.613807
 10
0.712364
 20
-7.613760
 10
0.712168
 20
-7.613697
 10
0.711976
 20
-7.613619
 10
0.711791
 20
-7.613524
 10
0.711613
 20
-7.613414
 10
0.711443
 20
-7.613289
 10
0.711283
 20
-7.613149
 10
0.711133
 20
-7.612994
 10
0.710995
 20
-7.612824
  0
LWPOLYLINE
  5
532
330
1F
100
AcDbEntity
  8
Polycam-Floor_1-Objects-Furniture
 62
45
420
11711154
100
AcDbPolyline
 90
20
 70
0
 43
0.000000
 10
0.831864
 20
-7.259133
 10
0.831889
 20
-7.259117
 10
0.831913
 20
-7.259102
 10
0.831938
 20
-7.259086
 10
0.831962
 20
-7.259071
 10
0.831986
 20
-7.259056
 10
0.832011
 20
-7.259040
 10
0.832035
 20
-7.259025
 10
0.832060
 20
-7.259010
 10
0.832084
 20
-7.258995
 10
0.832108
 20
-7.258979
 10
0.832132
 20
-7.258964
 10
0.832157
 20
-7.258949
 10
0.832181
 20
-7.258933
 10
0.832205
 20
-7.258918
 10
0.832229
 20
-7.258902
 10
0.832253
 20
-7.258886
 10
0.832277
 20
-7.258870
 10
0.832301
 20
-7.258854
 10
0.832325
 20
-7.258837
  0
LWPOLYLINE
  5
533
330
1F
100
AcDbEntity
  8
Polycam-Floor_1-Objects-Furniture
 62
45
420
11711154
100
AcDbPolyline
 90
20
 70
0
 43
0.000000
 10
0.831339
 20
-7.259428
 10
0.831364
 20
-7.259415
 10
0.831388
 20
-7.259402
 10
0.831412
 20
-7.259389
 10
0.831435
 20
-7.259376
 10
0.831459
 20
-7.259363
 10
0.831483
 20
-7.259349
 10
0.831507
 20
-7.259336
 10
0.831530
 20
-7.259323
 10
0.831554
 20
-7.259309
 10
0.831577
 20
-7.259296
 10
0.831601
 20
-7.259283
 10
0.831624
 20
-7.259269
 10
0.831647
 20
-7.259256
 10
0.831671
 20
-7.259242
 10
0.831694
 20
-7.259229
 10
0.831717
 20
-7.259216
 10
0.831740
 20
-7.259202
 10
0.831762
 20
-7.259189
 10
0.831785
 20
-7.259176
  0
LWPOLYLINE
  5
534
330
1F
100
AcDbEntity
  8
Polycam-Floor_1-Objects-Furniture
 62
45
420
11711154
100
AcDbPolyline
 90
20
 70
0
 43
0.000000
 10
0.830537
 20
-7.259851
 10
0.830568
 20
-7.259835
 10
0.830599
 20
-7.259820
 10
0.830630
 20
-7.259804
 10
0.830661
 20
-7.259789
 10
0.830692
 20
-7.259773
 10
0.830723
 20
-7.259758
 10
0.830754
 20
-7.259742
 10
0.830785
 20
-7.259726
 10
0.830815
 20
-7.259711
 10
0.830846
 20
-7.259695
 10
0.830877
 20
-7.259679
 10
0.830908
 20
-7.259663
 10
0.830939
 20
-7.259648
 10
0.830969
 20
-7.259632
 10
0.831000
 20
-7.259616
 10
0.831030
 20
-7.259600
 10
0.831061
 20
-7.259583
 10
0.831091
 20
-7.259567
 10
0.831122
 20
-7.259551
  0
LWPOLYLINE
  5
535
330
1F
100
AcDbEntity
  8
Polycam-Floor_1-Objects-Furniture
 62
45
420
11711154
100
AcDbPolyline
 90
20
 70
0
 43
0.000000
 10
0.829206
 20
-7.260468
 10
0.829241
 20
-7.260454
 10
0.829275
 20
-7.260439
 10
0.829309
 20
-7.260425
 10
0.829343
 20
-7.260410
 10
0.829378
 20
-7.260396
 10
0.829412
 20
-7.260381
 10
0.829446
 20
-7.260366
 10
0.829479
 20
-7.260351
 10
0.829513
 20
-7.260336
 10
0.829547
 20
-7.260321
 10
0.829581
 20
-7.260306
 10
0.829614
 20
-7.260290
 10
0.829648
 20
-7.260275
 10
0.829682
 20
-7.260260
 10
0.829715
 20
-7.260244
 10
0.829748
 20
-7.260228
 10
0.829782
 20
-7.260213
 10
0.829815
 20
-7.260197
 10
0.829848
 20
-7.260181
  0
LWPOLYLINE
  5
536
330
1F
100
AcDbEntity
  8
Polycam-Floor_1-Objects-Furniture
 62
45
420
11711154
100
AcDbPolyline
 90
20
 70
0
 43
0.000000
 10
0.829075
 20
-7.260526
 10
0.829012
 20
-7.260553
 10
0.828948
 20
-7.260580
 10
0.828884
 20
-7.260607
 10
0.828821
 20
-7.260633
 10
0.828757
 20
-7.260659
 10
0.828693
 20
-7.260686
 10
0.828630
 20
-7.260712
 10
0.828566
 20
-7.260738
 10
0.828502
 20
-7.260763
 10
0.828439
 20
-7.260789
 10
0.828375
 20
-7.260815
 10
0.828311
 20
-7.260841
 10
0.828248
 20
-7.260866
 10
0.828184
 20
-7.260892
 10
0.828121
 20
-7.260917
 10
0.828057
 20
-7.260943
 10
0.827994
 20
-7.260969
 10
0.827930
 20
-7.260994
 10
0.827867
 20
-7.261020
  0
LWPOLYLINE
  5
537
330
1F
100
AcDbEntity
  8
Polycam-Floor_1-Objects-Furniture
 62
45
420
11711154
100
AcDbPolyline
 90
20
 70
0
 43
0.000000
 10
0.827863
 20
-7.261015
 10
0.827927
 20
-7.260990
 10
0.827991
 20
-7.260965
 10
0.828054
 20
-7.260940
 10
0.828118
 20
-7.260914
 10
0.828182
 20
-7.260889
 10
0.828246
 20
-7.260863
 10
0.828309
 20
-7.260838
 10
0.828373
 20
-7.260812
 10
0.828437
 20
-7.260787
 10
0.828500
 20
-7.260761
 10
0.828564
 20
-7.260735
 10
0.828628
 20
-7.260709
 10
0.828692
 20
-7.260683
 10
0.828755
 20
-7.260657
 10
0.828819
 20
-7.260631
 10
0.828883
 20
-7.260605
 10
0.828947
 20
-7.260579
 10
0.829011
 20
-7.260552
 10
0.829075
 20
-7.260526
  0
LWPOLYLINE
  5
538
330
1F
100
AcDbEntity
  8
Polycam-Floor_1-Objects-Furniture
 62
45
420
11711154
100
AcDbPolyline
 90
20
 70
0
 43
0.000000
 10
0.829075
 20
-7.260526
 10
0.829082
 20
-7.260523
 10
0.829088
 20
-7.260519
 10
0.829095
 20
-7.260516
 10
0.829101
 20
-7.260513
 10
0.829108
 20
-7.260509
 10
0.829115
 20
-7.260506
 10
0.829122
 20
-7.260503
 10
0.829129
 20
-7.260500
 10
0.829136
 20
-7.260497
 10
0.829143
 20
-7.260494
 10
0.829150
 20
-7.260491
 10
0.829157
 20
-7.260488
 10
0.829164
 20
-7.260485
 10
0.829171
 20
-7.260482
 10
0.829179
 20
-7.260479
 10
0.829186
 20
-7.260476
 10
0.829193
 20
-7.260473
 10
0.829200
 20
-7.260471
 10
0.829206
 20
-7.260468
  0
LWPOLYLINE
  5
539
330
1F
100
AcDbEntity
  8
Polycam-Floor_1-Objects-Furniture
 62
45
420
11711154
100
AcDbPolyline
 90
20
 70
0
 43
0.000000
 10
0.829206
 20
-7.260468
 10
0.829240
 20
-7.260453
 10
0.829274
 20
-7.260438
 10
0.829308
 20
-7.260423
 10
0.829342
 20
-7.260408
 10
0.829375
 20
-7.260393
 10
0.829409
 20
-7.260377
 10
0.829443
 20
-7.260362
 10
0.829477
 20
-7.260347
 10
0.829510
 20
-7.260332
 10
0.829544
 20
-7.260317
 10
0.829578
 20
-7.260302
 10
0.829612
 20
-7.260287
 10
0.829646
 20
-7.260272
 10
0.829679
 20
-7.260257
 10
0.829713
 20
-7.260241
 10
0.829747
 20
-7.260226
 10
0.829781
 20
-7.260211
 10
0.829814
 20
-7.260196
 10
0.829848
 20
-7.260181
  0
LWPOLYLINE
  5
53a
330
1F
100
AcDbEntity
  8
Polycam-Floor_1-Objects-Furniture
 62
45
420
11711154
100
AcDbPolyline
 90
20
 70
0
 43
0.000000
 10
0.829848
 20
-7.260181
 10
0.829884
 20
-7.260164
 10
0.829921
 20
-7.260147
 10
0.829957
 20
-7.260130
 10
0.829994
 20
-7.260113
 10
0.830030
 20
-7.260096
 10
0.830066
 20
-7.260079
 10
0.830103
 20
-7.260061
 10
0.830139
 20
-7.260044
 10
0.830176
 20
-7.260027
 10
0.830212
 20
-7.260009
 10
0.830249
 20
-7.259992
 10
0.830285
 20
-7.259974
 10
0.830321
 20
-7.259957
 10
0.830358
 20
-7.259939
 10
0.830394
 20
-7.259922
 10
0.830430
 20
-7.259904
 10
0.830466
 20
-7.259886
 10
0.830502
 20
-7.259869
 10
0.830537
 20
-7.259851
  0
LWPOLYLINE
  5
53b
330
1F
100
AcDbEntity
  8
Polycam-Floor_1-Objects-Furniture
 62
45
420
11711154
100
AcDbPolyline
 90
20
 70
0
 43
0.000000
 10
0.830537
 20
-7.259851
 10
0.830568
 20
-7.259835
 10
0.830599
 20
-7.259820
 10
0.830630
 20
-7.259804
 10
0.830661
 20
-7.259789
 10
0.830692
 20
-7.259773
 10
0.830723
 20
-7.259758
 10
0.830754
 20
-7.259742
 10
0.830785
 20
-7.259726
 10
0.830815
 20
-7.259711
 10
0.830846
 20
-7.259695
 10
0.830877
 20
-7.259679
 10
0.830908
 20
-7.259663
 10
0.830939
 20
-7.259648
 10
0.830969
 20
-7.259632
 10
0.831000
 20
-7.259616
 10
0.831030
 20
-7.259600
 10
0.831061
 20
-7.259583
 10
0.831091
 20
-7.259567
 10
0.831122
 20
-7.259551
  0
LWPOLYLINE
  5
53c
330
1F
100
AcDbEntity
  8
Polycam-Floor_1-Objects-Furniture
 62
45
420
11711154
100
AcDbPolyline
 90
20
 70
0
 43
0.000000
 10
0.831122
 20
-7.259551
 10
0.831133
 20
-7.259545
 10
0.831145
 20
-7.259539
 10
0.831157
 20
-7.259532
 10
0.831168
 20
-7.259526
 10
0.831180
 20
-7.259520
 10
0.831192
 20
-7.259514
 10
0.831203
 20
-7.259507
 10
0.831215
 20
-7.259501
 10
0.831226
 20
-7.259495
 10
0.831238
 20
-7.259488
 10
0.831249
 20
-7.259482
 10
0.831261
 20
-7.259475
 10
0.831272
 20
-7.259469
 10
0.831283
 20
-7.259462
 10
0.831295
 20
-7.259456
 10
0.831306
 20
-7.259449
 10
0.831317
 20
-7.259442
 10
0.831328
 20
-7.259435
 10
0.831339
 20
-7.259428
  0
LWPOLYLINE
  5
53d
330
1F
100
AcDbEntity
  8
Polycam-Floor_1-Objects-Furniture
 62
45
420
11711154
100
AcDbPolyline
 90
20
 70
0
 43
0.000000
 10
0.831339
 20
-7.259428
 10
0.831363
 20
-7.259416
 10
0.831386
 20
-7.259403
 10
0.831410
 20
-7.259391
 10
0.831433
 20
-7.259378
 10
0.831456
 20
-7.259365
 10
0.831480
 20
-7.259352
 10
0.831503
 20
-7.259339
 10
0.831527
 20
-7.259326
 10
0.831550
 20
-7.259312
 10
0.831574
 20
-7.259299
 10
0.831597
 20
-7.259285
 10
0.831621
 20
-7.259272
 10
0.831644
 20
-7.259258
 10
0.831668
 20
-7.259245
 10
0.831691
 20
-7.259231
 10
0.831715
 20
-7.259217
 10
0.831738
 20
-7.259203
 10
0.831762
 20
-7.259190
 10
0.831785
 20
-7.259176
  0
LWPOLYLINE
  5
53e
330
1F
100
AcDbEntity
  8
Polycam-Floor_1-Objects-Furniture
 62
45
420
11711154
100
AcDbPolyline
 90
20
 70
0
 43
0.000000
 10
0.831785
 20
-7.259176
 10
0.831788
 20
-7.259174
 10
0.831792
 20
-7.259171
 10
0.831795
 20
-7.259169
 10
0.831799
 20
-7.259166
 10
0.831802
 20
-7.259163
 10
0.831806
 20
-7.259161
 10
0.831810
 20
-7.259158
 10
0.831814
 20
-7.259156
 10
0.831818
 20
-7.259153
 10
0.831822
 20
-7.259151
 10
0.831826
 20
-7.259148
 10
0.831831
 20
-7.259146
 10
0.831835
 20
-7.259144
 10
0.831840
 20
-7.259142
 10
0.831844
 20
-7.259140
 10
0.831849
 20
-7.259138
 10
0.831854
 20
-7.259136
 10
0.831859
 20
-7.259135
 10
0.831864
 20
-7.259133
  0
LWPOLYLINE
  5
53f
330
1F
100
AcDbEntity
  8
Polycam-Floor_1-Objects-Furniture
 62
45
420
11711154
100
AcDbPolyline
 90
20
 70
0
 43
0.000000
 10
0.831864
 20
-7.259133
 10
0.831889
 20
-7.259117
 10
0.831913
 20
-7.259102
 10
0.831938
 20
-7.259086
 10
0.831962
 20
-7.259071
 10
0.831986
 20
-7.259056
 10
0.832011
 20
-7.259040
 10
0.832035
 20
-7.259025
 10
0.832060
 20
-7.259010
 10
0.832084
 20
-7.258995
 10
0.832108
 20
-7.258979
 10
0.832132
 20
-7.258964
 10
0.832157
 20
-7.258949
 10
0.832181
 20
-7.258933
 10
0.832205
 20
-7.258918
 10
0.832229
 20
-7.258902
 10
0.832253
 20
-7.258886
 10
0.832277
 20
-7.258870
 10
0.832301
 20
-7.258854
 10
0.832325
 20
-7.258837
  0
LWPOLYLINE
  5
540
330
1F
100
AcDbEntity
  8
Polycam-Floor_1-Objects-Furniture
 62
45
420
11711154
100
AcDbPolyline
 90
20
 70
0
 43
0.000000
 10
0.832325
 20
-7.258837
 10
0.832508
 20
-7.258717
 10
0.832688
 20
-7.258593
 10
0.832866
 20
-7.258468
 10
0.833042
 20
-7.258339
 10
0.833215
 20
-7.258207
 10
0.833385
 20
-7.258073
 10
0.833552
 20
-7.257936
 10
0.833717
 20
-7.257795
 10
0.833878
 20
-7.257652
 10
0.834036
 20
-7.257505
 10
0.834190
 20
-7.257355
 10
0.834342
 20
-7.257202
 10
0.834489
 20
-7.257045
 10
0.834633
 20
-7.256884
 10
0.834773
 20
-7.256720
 10
0.834910
 20
-7.256553
 10
0.835042
 20
-7.256381
 10
0.835170
 20
-7.256206
 10
0.835293
 20
-7.256027
  0
LWPOLYLINE
  5
541
330
1F
100
AcDbEntity
  8
Polycam-Floor_1-Objects-Furniture
 62
45
420
11711154
100
AcDbPolyline
 90
20
 70
0
 43
0.000000
 10
0.835293
 20
-7.256027
 10
0.836529
 20
-7.254059
 10
0.837569
 20
-7.252134
 10
0.838414
 20
-7.250256
 10
0.839065
 20
-7.248424
 10
0.839524
 20
-7.246643
 10
0.839792
 20
-7.244913
 10
0.839871
 20
-7.243238
 10
0.839761
 20
-7.241618
 10
0.839465
 20
-7.240057
 10
0.838983
 20
-7.238555
 10
0.838318
 20
-7.237116
 10
0.837469
 20
-7.235741
 10
0.836440
 20
-7.234433
 10
0.835230
 20
-7.233194
 10
0.833842
 20
-7.232025
 10
0.832277
 20
-7.230928
 10
0.830537
 20
-7.229907
 10
0.828621
 20
-7.228962
 10
0.826533
 20
-7.228097
  0
LWPOLYLINE
  5
542
330
1F
100
AcDbEntity
  8
Polycam-Floor_1-Objects-Furniture
 62
45
420
11711154
100
AcDbPolyline
 90
20
 70
0
 43
0.000000
 10
0.826533
 20
-7.228097
 10
0.826406
 20
-7.228050
 10
0.826279
 20
-7.228005
 10
0.826151
 20
-7.227962
 10
0.826023
 20
-7.227920
 10
0.825894
 20
-7.227880
 10
0.825765
 20
-7.227842
 10
0.825635
 20
-7.227805
 10
0.825506
 20
-7.227770
 10
0.825376
 20
-7.227737
 10
0.825245
 20
-7.227706
 10
0.825114
 20
-7.227676
 10
0.824983
 20
-7.227648
 10
0.824852
 20
-7.227621
 10
0.824720
 20
-7.227596
 10
0.824588
 20
-7.227573
 10
0.824455
 20
-7.227551
 10
0.824322
 20
-7.227530
 10
0.824189
 20
-7.227512
 10
0.824056
 20
-7.227495
  0
LWPOLYLINE
  5
543
330
1F
100
AcDbEntity
  8
Polycam-Floor_1-Objects-Furniture
 62
45
420
11711154
100
AcDbPolyline
 90
20
 70
0
 43
0.000000
 10
0.824056
 20
-7.227495
 10
0.824045
 20
-7.227493
 10
0.824033
 20
-7.227491
 10
0.824022
 20
-7.227490
 10
0.824011
 20
-7.227488
 10
0.824000
 20
-7.227486
 10
0.823988
 20
-7.227485
 10
0.823977
 20
-7.227483
 10
0.823966
 20
-7.227482
 10
0.823955
 20
-7.227480
 10
0.823943
 20
-7.227479
 10
0.823932
 20
-7.227478
 10
0.823921
 20
-7.227477
 10
0.823909
 20
-7.227476
 10
0.823898
 20
-7.227475
 10
0.823886
 20
-7.227474
 10
0.823875
 20
-7.227473
 10
0.823864
 20
-7.227472
 10
0.823852
 20
-7.227472
 10
0.823841
 20
-7.227472
  0
LWPOLYLINE
  5
544
330
1F
100
AcDbEntity
  8
Polycam-Floor_1-Objects-Furniture
 62
45
420
11711154
100
AcDbPolyline
 90
20
 70
0
 43
0.000000
 10
0.823841
 20
-7.227472
 10
0.823713
 20
-7.227457
 10
0.823585
 20
-7.227444
 10
0.823456
 20
-7.227432
 10
0.823328
 20
-7.227422
 10
0.823200
 20
-7.227413
 10
0.823071
 20
-7.227406
 10
0.822942
 20
-7.227399
 10
0.822813
 20
-7.227395
 10
0.822684
 20
-7.227391
 10
0.822555
 20
-7.227389
 10
0.822426
 20
-7.227387
 10
0.822297
 20
-7.227387
 10
0.822168
 20
-7.227389
 10
0.822038
 20
-7.227391
 10
0.821909
 20
-7.227394
 10
0.821779
 20
-7.227398
 10
0.821650
 20
-7.227403
 10
0.821520
 20
-7.227409
 10
0.821390
 20
-7.227416
  0
LWPOLYLINE
  5
545
330
1F
100
AcDbEntity
  8
Polycam-Floor_1-Objects-Furniture
 62
45
420
11711154
100
AcDbPolyline
 90
20
 70
0
 43
0.000000
 10
0.821390
 20
-7.227416
 10
0.821371
 20
-7.227417
 10
0.821353
 20
-7.227419
 10
0.821334
 20
-7.227420
 10
0.821315
 20
-7.227422
 10
0.821296
 20
-7.227423
 10
0.821277
 20
-7.227425
 10
0.821258
 20
-7.227426
 10
0.821239
 20
-7.227428
 10
0.821220
 20
-7.227429
 10
0.821201
 20
-7.227431
 10
0.821182
 20
-7.227432
 10
0.821163
 20
-7.227434
 10
0.821145
 20
-7.227435
 10
0.821126
 20
-7.227437
 10
0.821107
 20
-7.227438
 10
0.821088
 20
-7.227440
 10
0.821069
 20
-7.227441
 10
0.821050
 20
-7.227443
 10
0.821031
 20
-7.227444
  0
LWPOLYLINE
  5
546
330
1F
100
AcDbEntity
  8
Polycam-Floor_1-Objects-Furniture
 62
45
420
11711154
100
AcDbPolyline
 90
20
 70
0
 43
0.000000
 10
0.821031
 20
-7.227444
 10
0.821004
 20
-7.227446
 10
0.820976
 20
-7.227448
 10
0.820948
 20
-7.227450
 10
0.820921
 20
-7.227452
 10
0.820893
 20
-7.227454
 10
0.820866
 20
-7.227457
 10
0.820838
 20
-7.227459
 10
0.820810
 20
-7.227462
 10
0.820783
 20
-7.227465
 10
0.820755
 20
-7.227468
 10
0.820728
 20
-7.227471
 10
0.820700
 20
-7.227474
 10
0.820673
 20
-7.227477
 10
0.820645
 20
-7.227480
 10
0.820618
 20
-7.227484
 10
0.820591
 20
-7.227487
 10
0.820563
 20
-7.227491
 10
0.820536
 20
-7.227495
 10
0.820509
 20
-7.227498
  0
LWPOLYLINE
  5
547
330
1F
100
AcDbEntity
  8
Polycam-Floor_1-Objects-Furniture
 62
45
420
11711154
100
AcDbPolyline
 90
20
 70
0
 43
0.000000
 10
0.820509
 20
-7.227498
 10
0.820478
 20
-7.227501
 10
0.820448
 20
-7.227504
 10
0.820417
 20
-7.227507
 10
0.820387
 20
-7.227510
 10
0.820356
 20
-7.227513
 10
0.820325
 20
-7.227517
 10
0.820295
 20
-7.227520
 10
0.820264
 20
-7.227524
 10
0.820233
 20
-7.227527
 10
0.820202
 20
-7.227531
 10
0.820172
 20
-7.227535
 10
0.820141
 20
-7.227538
 10
0.820110
 20
-7.227542
 10
0.820080
 20
-7.227546
 10
0.820049
 20
-7.227550
 10
0.820018
 20
-7.227554
 10
0.819987
 20
-7.227558
 10
0.819956
 20
-7.227562
 10
0.819926
 20
-7.227566
  0
LWPOLYLINE
  5
548
330
1F
100
AcDbEntity
  8
Polycam-Floor_1-Objects-Furniture
 62
45
420
11711154
100
AcDbPolyline
 90
20
 70
0
 43
0.000000
 10
0.819926
 20
-7.227566
 10
0.819769
 20
-7.227589
 10
0.819613
 20
-7.227612
 10
0.819457
 20
-7.227637
 10
0.819301
 20
-7.227663
 10
0.819145
 20
-7.227689
 10
0.818989
 20
-7.227717
 10
0.818833
 20
-7.227745
 10
0.818678
 20
-7.227775
 10
0.818522
 20
-7.227805
 10
0.818367
 20
-7.227837
 10
0.818212
 20
-7.227869
 10
0.818057
 20
-7.227902
 10
0.817903
 20
-7.227936
 10
0.817748
 20
-7.227971
 10
0.817595
 20
-7.228006
 10
0.817441
 20
-7.228043
 10
0.817288
 20
-7.228080
 10
0.817135
 20
-7.228118
 10
0.816983
 20
-7.228157
  0
LWPOLYLINE
  5
549
330
1F
100
AcDbEntity
  8
Polycam-Floor_1-Objects-Furniture
 62
45
420
11711154
100
AcDbPolyline
 90
20
 70
0
 43
0.000000
 10
0.816983
 20
-7.228157
 10
0.816950
 20
-7.228165
 10
0.816917
 20
-7.228173
 10
0.816884
 20
-7.228181
 10
0.816851
 20
-7.228189
 10
0.816819
 20
-7.228197
 10
0.816786
 20
-7.228206
 10
0.816753
 20
-7.228214
 10
0.816720
 20
-7.228222
 10
0.816687
 20
-7.228230
 10
0.816655
 20
-7.228239
 10
0.816622
 20
-7.228247
 10
0.816589
 20
-7.228256
 10
0.816556
 20
-7.228265
 10
0.816523
 20
-7.228273
 10
0.816490
 20
-7.228282
 10
0.816457
 20
-7.228291
 10
0.816424
 20
-7.228300
 10
0.816391
 20
-7.228310
 10
0.816359
 20
-7.228319
  0
LWPOLYLINE
  5
54a
330
1F
100
AcDbEntity
  8
Polycam-Floor_1-Objects-Furniture
 62
45
420
11711154
100
AcDbPolyline
 90
20
 70
0
 43
0.000000
 10
0.786620
 20
-7.234557
 10
0.786558
 20
-7.234347
 10
0.786515
 20
-7.234135
 10
0.786491
 20
-7.233923
 10
0.786484
 20
-7.233712
 10
0.786494
 20
-7.233504
 10
0.786522
 20
-7.233298
 10
0.786566
 20
-7.233096
 10
0.786626
 20
-7.232899
 10
0.786701
 20
-7.232708
 10
0.786792
 20
-7.232524
 10
0.786897
 20
-7.232347
 10
0.787015
 20
-7.232180
 10
0.787148
 20
-7.232022
 10
0.787293
 20
-7.231876
 10
0.787451
 20
-7.231741
 10
0.787621
 20
-7.231619
 10
0.787803
 20
-7.231510
 10
0.787995
 20
-7.231417
 10
0.788198
 20
-7.231339
  0
LWPOLYLINE
  5
54b
330
1F
100
AcDbEntity
  8
Polycam-Floor_1-Objects-Furniture
 62
45
420
11711154
100
AcDbPolyline
 90
20
 70
0
 43
0.000000
 10
0.832619
 20
-7.216405
 10
0.832828
 20
-7.216344
 10
0.833038
 20
-7.216302
 10
0.833248
 20
-7.216279
 10
0.833458
 20
-7.216274
 10
0.833666
 20
-7.216286
 10
0.833871
 20
-7.216315
 10
0.834072
 20
-7.216361
 10
0.834269
 20
-7.216423
 10
0.834460
 20
-7.216500
 10
0.834645
 20
-7.216592
 10
0.834821
 20
-7.216698
 10
0.834989
 20
-7.216819
 10
0.835147
 20
-7.216953
 10
0.835295
 20
-7.217100
 10
0.835431
 20
-7.217259
 10
0.835554
 20
-7.217430
 10
0.835663
 20
-7.217613
 10
0.835758
 20
-7.217807
 10
0.835837
 20
-7.218011
  0
LWPOLYLINE
  5
54c
330
1F
100
AcDbEntity
  8
Polycam-Floor_1-Objects-Furniture
 62
45
420
11711154
100
AcDbPolyline
 90
20
 70
0
 43
0.000000
 10
0.849085
 20
-7.256905
 10
0.849147
 20
-7.257115
 10
0.849189
 20
-7.257326
 10
0.849213
 20
-7.257537
 10
0.849220
 20
-7.257747
 10
0.849209
 20
-7.257956
 10
0.849181
 20
-7.258161
 10
0.849136
 20
-7.258363
 10
0.849076
 20
-7.258559
 10
0.849001
 20
-7.258750
 10
0.848910
 20
-7.258934
 10
0.848805
 20
-7.259110
 10
0.848686
 20
-7.259278
 10
0.848554
 20
-7.259435
 10
0.848408
 20
-7.259582
 10
0.848250
 20
-7.259717
 10
0.848080
 20
-7.259839
 10
0.847899
 20
-7.259947
 10
0.847706
 20
-7.260041
 10
0.847503
 20
-7.260118
  0
LWPOLYLINE
  5
54d
330
1F
100
AcDbEntity
  8
Polycam-Floor_1-Objects-Furniture
 62
45
420
11711154
100
AcDbPolyline
 90
20
 70
0
 43
0.000000
 10
0.803087
 20
-7.275048
 10
0.802878
 20
-7.275110
 10
0.802667
 20
-7.275152
 10
0.802456
 20
-7.275176
 10
0.802246
 20
-7.275182
 10
0.802038
 20
-7.275170
 10
0.801833
 20
-7.275142
 10
0.801631
 20
-7.275097
 10
0.801434
 20
-7.275036
 10
0.801243
 20
-7.274959
 10
0.801059
 20
-7.274867
 10
0.800882
 20
-7.274761
 10
0.800714
 20
-7.274641
 10
0.800556
 20
-7.274507
 10
0.800408
 20
-7.274360
 10
0.800272
 20
-7.274200
 10
0.800149
 20
-7.274029
 10
0.800039
 20
-7.273846
 10
0.799944
 20
-7.273651
 10
0.799864
 20
-7.273446
  0
LWPOLYLINE
  5
54e
330
1F
100
AcDbEntity
  8
Polycam-Floor_1-Objects-Furniture
 62
45
420
11711154
100
AcDbPolyline
 90
20
 70
0
 43
0.000000
 10
0.345422
 20
-7.584362
 10
0.345435
 20
-7.584066
 10
0.345458
 20
-7.583771
 10
0.345491
 20
-7.583477
 10
0.345533
 20
-7.583184
 10
0.345584
 20
-7.582893
 10
0.345644
 20
-7.582603
 10
0.345712
 20
-7.582314
 10
0.345787
 20
-7.582027
 10
0.345871
 20
-7.581741
 10
0.345961
 20
-7.581457
 10
0.346058
 20
-7.581174
 10
0.346162
 20
-7.580892
 10
0.346272
 20
-7.580613
 10
0.346387
 20
-7.580335
 10
0.346508
 20
-7.580058
 10
0.346634
 20
-7.579784
 10
0.346764
 20
-7.579511
 10
0.346899
 20
-7.579240
 10
0.347037
 20
-7.578970
  0
LWPOLYLINE
  5
54f
330
1F
100
AcDbEntity
  8
Polycam-Floor_1-Objects-Furniture
 62
45
420
11711154
100
AcDbPolyline
 90
20
 70
0
 43
0.000000
 10
0.347037
 20
-7.578970
 10
0.346899
 20
-7.579240
 10
0.346765
 20
-7.579512
 10
0.346636
 20
-7.579785
 10
0.346510
 20
-7.580060
 10
0.346390
 20
-7.580337
 10
0.346275
 20
-7.580615
 10
0.346166
 20
-7.580895
 10
0.346063
 20
-7.581176
 10
0.345966
 20
-7.581459
 10
0.345876
 20
-7.581743
 10
0.345792
 20
-7.582029
 10
0.345716
 20
-7.582316
 10
0.345648
 20
-7.582604
 10
0.345588
 20
-7.582894
 10
0.345537
 20
-7.583185
 10
0.345494
 20
-7.583478
 10
0.345461
 20
-7.583771
 10
0.345437
 20
-7.584066
 10
0.345422
 20
-7.584362
  0
LWPOLYLINE
  5
550
330
1F
100
AcDbEntity
  8
Polycam-Floor_1-Objects-Furniture
 62
45
420
11711154
100
AcDbPolyline
 90
20
 70
0
 43
0.000000
 10
0.360220
 20
-7.550502
 10
0.360354
 20
-7.550330
 10
0.360499
 20
-7.550173
 10
0.360655
 20
-7.550030
 10
0.360821
 20
-7.549903
 10
0.360996
 20
-7.549790
 10
0.361178
 20
-7.549693
 10
0.361367
 20
-7.549612
 10
0.361562
 20
-7.549546
 10
0.361760
 20
-7.549496
 10
0.361963
 20
-7.549462
 10
0.362167
 20
-7.549444
 10
0.362373
 20
-7.549443
 10
0.362579
 20
-7.549458
 10
0.362784
 20
-7.549490
 10
0.362987
 20
-7.549539
 10
0.363186
 20
-7.549605
 10
0.363382
 20
-7.549689
 10
0.363572
 20
-7.549790
 10
0.363756
 20
-7.549908
  0
LWPOLYLINE
  5
551
330
1F
100
AcDbEntity
  8
Polycam-Floor_1-Objects-Furniture
 62
45
420
11711154
100
AcDbPolyline
 90
20
 70
0
 43
0.000000
 10
0.348487
 20
-7.576494
 10
0.348455
 20
-7.576544
 10
0.348423
 20
-7.576595
 10
0.348391
 20
-7.576645
 10
0.348359
 20
-7.576696
 10
0.348327
 20
-7.576747
 10
0.348295
 20
-7.576798
 10
0.348264
 20
-7.576849
 10
0.348232
 20
-7.576899
 10
0.348201
 20
-7.576950
 10
0.348169
 20
-7.577002
 10
0.348138
 20
-7.577053
 10
0.348107
 20
-7.577104
 10
0.348076
 20
-7.577155
 10
0.348044
 20
-7.577207
 10
0.348013
 20
-7.577258
 10
0.347982
 20
-7.577310
 10
0.347951
 20
-7.577362
 10
0.347920
 20
-7.577414
 10
0.347889
 20
-7.577466
  0
LWPOLYLINE
  5
552
330
1F
100
AcDbEntity
  8
Polycam-Floor_1-Objects-Furniture
 62
45
420
11711154
100
AcDbPolyline
 90
20
 70
0
 43
0.000000
 10
0.347889
 20
-7.577466
 10
0.347858
 20
-7.577518
 10
0.347827
 20
-7.577570
 10
0.347796
 20
-7.577622
 10
0.347765
 20
-7.577675
 10
0.347734
 20
-7.577727
 10
0.347703
 20
-7.577779
 10
0.347673
 20
-7.577831
 10
0.347642
 20
-7.577883
 10
0.347612
 20
-7.577935
 10
0.347581
 20
-7.577987
 10
0.347551
 20
-7.578040
 10
0.347520
 20
-7.578092
 10
0.347490
 20
-7.578145
 10
0.347460
 20
-7.578198
 10
0.347430
 20
-7.578251
 10
0.347400
 20
-7.578304
 10
0.347370
 20
-7.578357
 10
0.347340
 20
-7.578411
 10
0.347310
 20
-7.578464
  0
LWPOLYLINE
  5
553
330
1F
100
AcDbEntity
  8
Polycam-Floor_1-Objects-Furniture
 62
45
420
11711154
100
AcDbPolyline
 90
20
 70
0
 43
0.000000
 10
0.347310
 20
-7.578464
 10
0.347296
 20
-7.578491
 10
0.347282
 20
-7.578517
 10
0.347268
 20
-7.578544
 10
0.347254
 20
-7.578570
 10
0.347239
 20
-7.578597
 10
0.347225
 20
-7.578623
 10
0.347211
 20
-7.578650
 10
0.347197
 20
-7.578676
 10
0.347182
 20
-7.578703
 10
0.347168
 20
-7.578729
 10
0.347154
 20
-7.578756
 10
0.347139
 20
-7.578782
 10
0.347125
 20
-7.578809
 10
0.347110
 20
-7.578835
 10
0.347096
 20
-7.578862
 10
0.347081
 20
-7.578889
 10
0.347066
 20
-7.578916
 10
0.347052
 20
-7.578943
 10
0.347037
 20
-7.578970
  0
LWPOLYLINE
  5
554
330
1F
100
AcDbEntity
  8
Polycam-Floor_1-Objects-Furniture
 62
45
420
11711154
100
AcDbPolyline
 90
20
 70
0
 43
0.000000
 10
0.347037
 20
-7.578970
 10
0.346899
 20
-7.579240
 10
0.346765
 20
-7.579512
 10
0.346636
 20
-7.579785
 10
0.346510
 20
-7.580060
 10
0.346390
 20
-7.580337
 10
0.346275
 20
-7.580615
 10
0.346166
 20
-7.580895
 10
0.346063
 20
-7.581176
 10
0.345966
 20
-7.581459
 10
0.345876
 20
-7.581743
 10
0.345792
 20
-7.582029
 10
0.345716
 20
-7.582316
 10
0.345648
 20
-7.582604
 10
0.345588
 20
-7.582894
 10
0.345537
 20
-7.583185
 10
0.345494
 20
-7.583478
 10
0.345461
 20
-7.583771
 10
0.345437
 20
-7.584066
 10
0.345422
 20
-7.584362
  0
LWPOLYLINE
  5
555
330
1F
100
AcDbEntity
  8
Polycam-Floor_1-Objects-Furniture
 62
45
420
11711154
100
AcDbPolyline
 90
20
 70
0
 43
0.000000
 10
0.345422
 20
-7.584362
 10
0.345422
 20
-7.584391
 10
0.345421
 20
-7.584421
 10
0.345421
 20
-7.584450
 10
0.345421
 20
-7.584480
 10
0.345420
 20
-7.584510
 10
0.345420
 20
-7.584540
 10
0.345420
 20
-7.584569
 10
0.345420
 20
-7.584599
 10
0.345420
 20
-7.584629
 10
0.345420
 20
-7.584659
 10
0.345420
 20
-7.584689
 10
0.345420
 20
-7.584719
 10
0.345420
 20
-7.584749
 10
0.345421
 20
-7.584778
 10
0.345421
 20
-7.584808
 10
0.345422
 20
-7.584838
 10
0.345422
 20
-7.584868
 10
0.345423
 20
-7.584898
 10
0.345424
 20
-7.584927
  0
LWPOLYLINE
  5
556
330
1F
100
AcDbEntity
  8
Polycam-Floor_1-Objects-Furniture
 62
45
420
11711154
100
AcDbPolyline
 90
20
 70
0
 43
0.000000
 10
0.345424
 20
-7.584927
 10
0.345581
 20
-7.587254
 10
0.345872
 20
-7.589431
 10
0.346292
 20
-7.591455
 10
0.346841
 20
-7.593327
 10
0.347516
 20
-7.595046
 10
0.348314
 20
-7.596610
 10
0.349232
 20
-7.598018
 10
0.350270
 20
-7.599271
 10
0.351424
 20
-7.600366
 10
0.352692
 20
-7.601303
 10
0.354072
 20
-7.602081
 10
0.355561
 20
-7.602700
 10
0.357158
 20
-7.603158
 10
0.358859
 20
-7.603454
 10
0.360663
 20
-7.603587
 10
0.362566
 20
-7.603557
 10
0.364568
 20
-7.603363
 10
0.366665
 20
-7.603004
 10
0.368855
 20
-7.602478
  0
LWPOLYLINE
  5
557
330
1F
100
AcDbEntity
  8
Polycam-Floor_1-Objects-Furniture
 62
45
420
11711154
100
AcDbPolyline
 90
20
 70
0
 43
0.000000
 10
0.368855
 20
-7.602478
 10
0.368911
 20
-7.602463
 10
0.368967
 20
-7.602447
 10
0.369023
 20
-7.602431
 10
0.369079
 20
-7.602414
 10
0.369134
 20
-7.602398
 10
0.369190
 20
-7.602381
 10
0.369245
 20
-7.602363
 10
0.369300
 20
-7.602346
 10
0.369355
 20
-7.602328
 10
0.369410
 20
-7.602309
 10
0.369465
 20
-7.602291
 10
0.369520
 20
-7.602272
 10
0.369574
 20
-7.602253
 10
0.369628
 20
-7.602234
 10
0.369682
 20
-7.602214
 10
0.369736
 20
-7.602194
 10
0.369790
 20
-7.602174
 10
0.369844
 20
-7.602153
 10
0.369897
 20
-7.602133
  0
LWPOLYLINE
  5
558
330
1F
100
AcDbEntity
  8
Polycam-Floor_1-Objects-Furniture
 62
45
420
11711154
100
AcDbPolyline
 90
20
 70
0
 43
0.000000
 10
0.369897
 20
-7.602133
 10
0.369978
 20
-7.602101
 10
0.370058
 20
-7.602069
 10
0.370138
 20
-7.602036
 10
0.370217
 20
-7.602002
 10
0.370297
 20
-7.601968
 10
0.370376
 20
-7.601933
 10
0.370454
 20
-7.601898
 10
0.370533
 20
-7.601861
 10
0.370611
 20
-7.601825
 10
0.370689
 20
-7.601787
 10
0.370766
 20
-7.601749
 10
0.370843
 20
-7.601710
 10
0.370920
 20
-7.601671
 10
0.370996
 20
-7.601631
 10
0.371072
 20
-7.601591
 10
0.371148
 20
-7.601550
 10
0.371224
 20
-7.601508
 10
0.371298
 20
-7.601466
 10
0.371373
 20
-7.601423
  0
LWPOLYLINE
  5
559
330
1F
100
AcDbEntity
  8
Polycam-Floor_1-Objects-Furniture
 62
45
420
11711154
100
AcDbPolyline
 90
20
 70
0
 43
0.000000
 10
0.371373
 20
-7.601423
 10
0.371423
 20
-7.601395
 10
0.371473
 20
-7.601366
 10
0.371522
 20
-7.601337
 10
0.371572
 20
-7.601307
 10
0.371621
 20
-7.601278
 10
0.371670
 20
-7.601248
 10
0.371719
 20
-7.601218
 10
0.371768
 20
-7.601187
 10
0.371817
 20
-7.601157
 10
0.371865
 20
-7.601126
 10
0.371914
 20
-7.601095
 10
0.371962
 20
-7.601063
 10
0.372011
 20
-7.601032
 10
0.372059
 20
-7.601000
 10
0.372107
 20
-7.600968
 10
0.372155
 20
-7.600935
 10
0.372203
 20
-7.600903
 10
0.372251
 20
-7.600870
 10
0.372299
 20
-7.600837
  0
LWPOLYLINE
  5
55a
330
1F
100
AcDbEntity
  8
Polycam-Floor_1-Objects-Furniture
 62
45
420
11711154
100
AcDbPolyline
 90
20
 70
0
 43
0.000000
 10
0.372299
 20
-7.600837
 10
0.372354
 20
-7.600799
 10
0.372410
 20
-7.600761
 10
0.372465
 20
-7.600722
 10
0.372520
 20
-7.600683
 10
0.372575
 20
-7.600643
 10
0.372630
 20
-7.600604
 10
0.372685
 20
-7.600564
 10
0.372739
 20
-7.600523
 10
0.372793
 20
-7.600482
 10
0.372848
 20
-7.600441
 10
0.372902
 20
-7.600400
 10
0.372956
 20
-7.600359
 10
0.373009
 20
-7.600317
 10
0.373063
 20
-7.600275
 10
0.373116
 20
-7.600232
 10
0.373170
 20
-7.600190
 10
0.373223
 20
-7.600147
 10
0.373276
 20
-7.600104
 10
0.373329
 20
-7.600061
  0
LWPOLYLINE
  5
55b
330
1F
100
AcDbEntity
  8
Polycam-Floor_1-Objects-Furniture
 62
45
420
11711154
100
AcDbPolyline
 90
20
 70
0
 43
0.000000
 10
0.373329
 20
-7.600061
 10
0.373386
 20
-7.600015
 10
0.373443
 20
-7.599968
 10
0.373499
 20
-7.599921
 10
0.373556
 20
-7.599874
 10
0.373612
 20
-7.599826
 10
0.373668
 20
-7.599778
 10
0.373724
 20
-7.599730
 10
0.373780
 20
-7.599681
 10
0.373836
 20
-7.599632
 10
0.373891
 20
-7.599583
 10
0.373947
 20
-7.599533
 10
0.374002
 20
-7.599483
 10
0.374057
 20
-7.599433
 10
0.374112
 20
-7.599383
 10
0.374166
 20
-7.599332
 10
0.374220
 20
-7.599280
 10
0.374275
 20
-7.599229
 10
0.374328
 20
-7.599177
 10
0.374382
 20
-7.599125
  0
LWPOLYLINE
  5
55c
330
1F
100
AcDbEntity
  8
Polycam-Floor_1-Objects-Furniture
 62
45
420
11711154
100
AcDbPolyline
 90
20
 70
0
 43
0.000000
 10
0.374382
 20
-7.599125
 10
0.374389
 20
-7.599118
 10
0.374397
 20
-7.599111
 10
0.374404
 20
-7.599104
 10
0.374411
 20
-7.599098
 10
0.374418
 20
-7.599091
 10
0.374425
 20
-7.599085
 10
0.374432
 20
-7.599078
 10
0.374439
 20
-7.599072
 10
0.374446
 20
-7.599065
 10
0.374453
 20
-7.599059
 10
0.374460
 20
-7.599053
 10
0.374466
 20
-7.599046
 10
0.374473
 20
-7.599040
 10
0.374480
 20
-7.599034
 10
0.374487
 20
-7.599028
 10
0.374493
 20
-7.599021
 10
0.374500
 20
-7.599015
 10
0.374506
 20
-7.599009
 10
0.374513
 20
-7.599003
  0
LWPOLYLINE
  5
55d
330
1F
100
AcDbEntity
  8
Polycam-Floor_1-Objects-Furniture
 62
45
420
11711154
100
AcDbPolyline
 90
20
 70
0
 43
0.000000
 10
0.374513
 20
-7.599003
 10
0.374649
 20
-7.598870
 10
0.374784
 20
-7.598736
 10
0.374918
 20
-7.598600
 10
0.375051
 20
-7.598463
 10
0.375183
 20
-7.598326
 10
0.375314
 20
-7.598187
 10
0.375444
 20
-7.598047
 10
0.375573
 20
-7.597906
 10
0.375700
 20
-7.597764
 10
0.375827
 20
-7.597621
 10
0.375953
 20
-7.597478
 10
0.376078
 20
-7.597334
 10
0.376201
 20
-7.597189
 10
0.376324
 20
-7.597044
 10
0.376445
 20
-7.596899
 10
0.376566
 20
-7.596753
 10
0.376686
 20
-7.596607
 10
0.376804
 20
-7.596460
 10
0.376922
 20
-7.596314
  0
LWPOLYLINE
  5
55e
330
1F
100
AcDbEntity
  8
Polycam-Floor_1-Objects-Furniture
 62
45
420
11711154
100
AcDbPolyline
 90
20
 70
0
 43
0.000000
 10
0.397228
 20
-7.573743
 10
0.397400
 20
-7.573878
 10
0.397558
 20
-7.574024
 10
0.397701
 20
-7.574181
 10
0.397829
 20
-7.574349
 10
0.397942
 20
-7.574524
 10
0.398040
 20
-7.574708
 10
0.398123
 20
-7.574898
 10
0.398190
 20
-7.575093
 10
0.398241
 20
-7.575293
 10
0.398276
 20
-7.575496
 10
0.398295
 20
-7.575701
 10
0.398297
 20
-7.575908
 10
0.398283
 20
-7.576114
 10
0.398252
 20
-7.576319
 10
0.398204
 20
-7.576523
 10
0.398138
 20
-7.576723
 10
0.398056
 20
-7.576919
 10
0.397955
 20
-7.577109
 10
0.397837
 20
-7.577293
  0
LWPOLYLINE
  5
55f
330
1F
100
AcDbEntity
  8
Polycam-Floor_1-Objects-Furniture
 62
45
420
11711154
100
AcDbPolyline
 90
20
 70
0
 43
0.000000
 10
0.370806
 20
-7.615566
 10
0.370674
 20
-7.615738
 10
0.370529
 20
-7.615896
 10
0.370373
 20
-7.616039
 10
0.370207
 20
-7.616167
 10
0.370033
 20
-7.616279
 10
0.369850
 20
-7.616376
 10
0.369661
 20
-7.616458
 10
0.369467
 20
-7.616524
 10
0.369268
 20
-7.616574
 10
0.369065
 20
-7.616607
 10
0.368860
 20
-7.616625
 10
0.368654
 20
-7.616626
 10
0.368448
 20
-7.616611
 10
0.368243
 20
-7.616578
 10
0.368040
 20
-7.616529
 10
0.367840
 20
-7.616463
 10
0.367645
 20
-7.616379
 10
0.367455
 20
-7.616278
 10
0.367271
 20
-7.616159
  0
LWPOLYLINE
  5
560
330
1F
100
AcDbEntity
  8
Polycam-Floor_1-Objects-Furniture
 62
45
420
11711154
100
AcDbPolyline
 90
20
 70
0
 43
0.000000
 10
0.333799
 20
-7.592324
 10
0.333627
 20
-7.592190
 10
0.333469
 20
-7.592043
 10
0.333326
 20
-7.591886
 10
0.333198
 20
-7.591719
 10
0.333084
 20
-7.591543
 10
0.332986
 20
-7.591360
 10
0.332904
 20
-7.591170
 10
0.332837
 20
-7.590975
 10
0.332786
 20
-7.590775
 10
0.332751
 20
-7.590572
 10
0.332733
 20
-7.590367
 10
0.332731
 20
-7.590161
 10
0.332745
 20
-7.589955
 10
0.332776
 20
-7.589750
 10
0.332825
 20
-7.589547
 10
0.332890
 20
-7.589348
 10
0.332974
 20
-7.589153
 10
0.333074
 20
-7.588963
 10
0.333193
 20
-7.588780
  0
LWPOLYLINE
  5
561
330
1F
100
AcDbEntity
  8
Polycam-Floor_1-Objects-Furniture
 62
45
420
11711154
100
AcDbPolyline
 90
20
 70
0
 43
0.000000
 10
0.514942
 20
-7.038357
 10
0.514970
 20
-7.037811
 10
0.515006
 20
-7.037263
 10
0.515052
 20
-7.036714
 10
0.515107
 20
-7.036165
 10
0.515174
 20
-7.035617
 10
0.515253
 20
-7.035071
 10
0.515344
 20
-7.034528
 10
0.515450
 20
-7.033989
 10
0.515571
 20
-7.033454
 10
0.515708
 20
-7.032926
 10
0.515861
 20
-7.032404
 10
0.516033
 20
-7.031890
 10
0.516224
 20
-7.031385
 10
0.516435
 20
-7.030889
 10
0.516666
 20
-7.030405
 10
0.516920
 20
-7.029932
 10
0.517196
 20
-7.029471
 10
0.517496
 20
-7.029025
 10
0.517822
 20
-7.028592
  0
LWPOLYLINE
  5
562
330
1F
100
AcDbEntity
  8
Polycam-Floor_1-Objects-Furniture
 62
45
420
11711154
100
AcDbPolyline
 90
20
 70
0
 43
0.000000
 10
0.517822
 20
-7.028592
 10
0.519277
 20
-7.026876
 10
0.520755
 20
-7.025349
 10
0.522253
 20
-7.024012
 10
0.523769
 20
-7.022867
 10
0.525299
 20
-7.021914
 10
0.526843
 20
-7.021153
 10
0.528397
 20
-7.020585
 10
0.529960
 20
-7.020210
 10
0.531527
 20
-7.020031
 10
0.533099
 20
-7.020046
 10
0.534670
 20
-7.020257
 10
0.536241
 20
-7.020664
 10
0.537807
 20
-7.021268
 10
0.539367
 20
-7.022070
 10
0.540918
 20
-7.023071
 10
0.542458
 20
-7.024270
 10
0.543984
 20
-7.025669
 10
0.545494
 20
-7.027268
 10
0.546986
 20
-7.029068
  0
LWPOLYLINE
  5
563
330
1F
100
AcDbEntity
  8
Polycam-Floor_1-Objects-Furniture
 62
45
420
11711154
100
AcDbPolyline
 90
20
 70
0
 43
0.000000
 10
0.546986
 20
-7.029068
 10
0.547270
 20
-7.029452
 10
0.547530
 20
-7.029850
 10
0.547768
 20
-7.030261
 10
0.547985
 20
-7.030682
 10
0.548182
 20
-7.031114
 10
0.548360
 20
-7.031555
 10
0.548520
 20
-7.032005
 10
0.548664
 20
-7.032462
 10
0.548792
 20
-7.032926
 10
0.548906
 20
-7.033396
 10
0.549006
 20
-7.033871
 10
0.549095
 20
-7.034349
 10
0.549172
 20
-7.034830
 10
0.549239
 20
-7.035313
 10
0.549297
 20
-7.035798
 10
0.549347
 20
-7.036282
 10
0.549391
 20
-7.036766
 10
0.549429
 20
-7.037247
 10
0.549463
 20
-7.037726
  0
LWPOLYLINE
  5
564
330
1F
100
AcDbEntity
  8
Polycam-Floor_1-Objects-Furniture
 62
45
420
11711154
100
AcDbPolyline
 90
20
 70
0
 43
0.000000
 10
0.555257
 20
-7.065769
 10
0.555250
 20
-7.065988
 10
0.555226
 20
-7.066202
 10
0.555184
 20
-7.066410
 10
0.555125
 20
-7.066611
 10
0.555050
 20
-7.066806
 10
0.554959
 20
-7.066992
 10
0.554855
 20
-7.067170
 10
0.554737
 20
-7.067338
 10
0.554605
 20
-7.067496
 10
0.554462
 20
-7.067643
 10
0.554308
 20
-7.067777
 10
0.554142
 20
-7.067900
 10
0.553967
 20
-7.068008
 10
0.553784
 20
-7.068103
 10
0.553591
 20
-7.068183
 10
0.553392
 20
-7.068246
 10
0.553186
 20
-7.068294
 10
0.552973
 20
-7.068324
 10
0.552756
 20
-7.068335
  0
LWPOLYLINE
  5
565
330
1F
100
AcDbEntity
  8
Polycam-Floor_1-Objects-Furniture
 62
45
420
11711154
100
AcDbPolyline
 90
20
 70
0
 43
0.000000
 10
0.549471
 20
-7.037737
 10
0.549437
 20
-7.037258
 10
0.549399
 20
-7.036776
 10
0.549355
 20
-7.036292
 10
0.549304
 20
-7.035808
 10
0.549246
 20
-7.035324
 10
0.549178
 20
-7.034841
 10
0.549101
 20
-7.034360
 10
0.549012
 20
-7.033882
 10
0.548912
 20
-7.033408
 10
0.548798
 20
-7.032938
 10
0.548670
 20
-7.032474
 10
0.548526
 20
-7.032017
 10
0.548365
 20
-7.031567
 10
0.548187
 20
-7.031126
 10
0.547991
 20
-7.030694
 10
0.547774
 20
-7.030272
 10
0.547536
 20
-7.029862
 10
0.547277
 20
-7.029463
 10
0.546994
 20
-7.029078
  0
LWPOLYLINE
  5
566
330
1F
100
AcDbEntity
  8
Polycam-Floor_1-Objects-Furniture
 62
45
420
11711154
100
AcDbPolyline
 90
20
 70
0
 43
0.000000
 10
0.546994
 20
-7.029078
 10
0.545502
 20
-7.027279
 10
0.543992
 20
-7.025681
 10
0.542465
 20
-7.024283
 10
0.540925
 20
-7.023084
 10
0.539374
 20
-7.022085
 10
0.537814
 20
-7.021283
 10
0.536248
 20
-7.020678
 10
0.534678
 20
-7.020271
 10
0.533106
 20
-7.020060
 10
0.531535
 20
-7.020044
 10
0.529967
 20
-7.020223
 10
0.528405
 20
-7.020597
 10
0.526851
 20
-7.021165
 10
0.525307
 20
-7.021925
 10
0.523776
 20
-7.022878
 10
0.522260
 20
-7.024023
 10
0.520763
 20
-7.025359
 10
0.519285
 20
-7.026886
 10
0.517829
 20
-7.028603
  0
LWPOLYLINE
  5
567
330
1F
100
AcDbEntity
  8
Polycam-Floor_1-Objects-Furniture
 62
45
420
11711154
100
AcDbPolyline
 90
20
 70
0
 43
0.000000
 10
0.517829
 20
-7.028603
 10
0.517504
 20
-7.029035
 10
0.517204
 20
-7.029482
 10
0.516927
 20
-7.029942
 10
0.516674
 20
-7.030415
 10
0.516442
 20
-7.030900
 10
0.516232
 20
-7.031395
 10
0.516041
 20
-7.031900
 10
0.515869
 20
-7.032414
 10
0.515715
 20
-7.032936
 10
0.515578
 20
-7.033465
 10
0.515458
 20
-7.033999
 10
0.515352
 20
-7.034538
 10
0.515260
 20
-7.035081
 10
0.515182
 20
-7.035627
 10
0.515115
 20
-7.036175
 10
0.515059
 20
-7.036724
 10
0.515014
 20
-7.037273
 10
0.514978
 20
-7.037821
 10
0.514950
 20
-7.038367
  0
LWPOLYLINE
  5
568
330
1F
100
AcDbEntity
  8
Polycam-Floor_1-Objects-Furniture
 62
45
420
11711154
100
AcDbPolyline
 90
20
 70
0
 43
0.000000
 10
0.511827
 20
-7.068661
 10
0.511609
 20
-7.068653
 10
0.511396
 20
-7.068627
 10
0.511188
 20
-7.068584
 10
0.510986
 20
-7.068523
 10
0.510792
 20
-7.068447
 10
0.510605
 20
-7.068355
 10
0.510427
 20
-7.068249
 10
0.510258
 20
-7.068130
 10
0.510100
 20
-7.067997
 10
0.509953
 20
-7.067853
 10
0.509817
 20
-7.067697
 10
0.509694
 20
-7.067531
 10
0.509584
 20
-7.067355
 10
0.509489
 20
-7.067170
 10
0.509408
 20
-7.066977
 10
0.509343
 20
-7.066777
 10
0.509294
 20
-7.066570
 10
0.509263
 20
-7.066357
 10
0.509250
 20
-7.066139
  0
LWPOLYLINE
  5
569
330
1F
100
AcDbEntity
  8
Polycam-Floor_1-Objects-Furniture
 62
45
420
11711154
100
AcDbPolyline
 90
20
 70
0
 43
0.000000
 10
0.508574
 20
-7.019110
 10
0.508580
 20
-7.018891
 10
0.508605
 20
-7.018678
 10
0.508647
 20
-7.018470
 10
0.508706
 20
-7.018268
 10
0.508781
 20
-7.018074
 10
0.508871
 20
-7.017887
 10
0.508976
 20
-7.017709
 10
0.509094
 20
-7.017541
 10
0.509225
 20
-7.017383
 10
0.509368
 20
-7.017237
 10
0.509523
 20
-7.017102
 10
0.509688
 20
-7.016980
 10
0.509863
 20
-7.016871
 10
0.510047
 20
-7.016776
 10
0.510239
 20
-7.016697
 10
0.510439
 20
-7.016633
 10
0.510645
 20
-7.016585
 10
0.510857
 20
-7.016555
 10
0.511075
 20
-7.016544
  0
LWPOLYLINE
  5
56a
330
1F
100
AcDbEntity
  8
Polycam-Floor_1-Objects-Furniture
 62
45
420
11711154
100
AcDbPolyline
 90
20
 70
0
 43
0.000000
 10
0.552008
 20
-7.016214
 10
0.552227
 20
-7.016222
 10
0.552440
 20
-7.016248
 10
0.552648
 20
-7.016292
 10
0.552849
 20
-7.016352
 10
0.553044
 20
-7.016429
 10
0.553231
 20
-7.016520
 10
0.553409
 20
-7.016626
 10
0.553577
 20
-7.016746
 10
0.553736
 20
-7.016878
 10
0.553883
 20
-7.017022
 10
0.554019
 20
-7.017178
 10
0.554142
 20
-7.017344
 10
0.554252
 20
-7.017520
 10
0.554347
 20
-7.017705
 10
0.554428
 20
-7.017898
 10
0.554493
 20
-7.018099
 10
0.554541
 20
-7.018306
 10
0.554573
 20
-7.018518
 10
0.554586
 20
-7.018736
  0
LWPOLYLINE
  5
56b
330
1F
100
AcDbEntity
  8
Polycam-Floor_1-Objects-Furniture
 62
45
420
11711154
100
AcDbPolyline
 90
20
 70
0
 43
0.000000
 10
0.243370
 20
-7.266105
 10
0.242859
 20
-7.265910
 10
0.242348
 20
-7.265706
 10
0.241839
 20
-7.265494
 10
0.241333
 20
-7.265272
 10
0.240832
 20
-7.265039
 10
0.240335
 20
-7.264796
 10
0.239846
 20
-7.264540
 10
0.239364
 20
-7.264273
 10
0.238891
 20
-7.263993
 10
0.238429
 20
-7.263699
 10
0.237978
 20
-7.263391
 10
0.237540
 20
-7.263068
 10
0.237116
 20
-7.262730
 10
0.236707
 20
-7.262375
 10
0.236314
 20
-7.262005
 10
0.235939
 20
-7.261617
 10
0.235583
 20
-7.261211
 10
0.235246
 20
-7.260786
 10
0.234931
 20
-7.260343
  0
LWPOLYLINE
  5
56c
330
1F
100
AcDbEntity
  8
Polycam-Floor_1-Objects-Furniture
 62
45
420
11711154
100
AcDbPolyline
 90
20
 70
0
 43
0.000000
 10
0.234931
 20
-7.260343
 10
0.233729
 20
-7.258423
 10
0.232715
 20
-7.256540
 10
0.231888
 20
-7.254697
 10
0.231248
 20
-7.252896
 10
0.230794
 20
-7.251140
 10
0.230528
 20
-7.249431
 10
0.230449
 20
-7.247772
 10
0.230556
 20
-7.246164
 10
0.230850
 20
-7.244612
 10
0.231330
 20
-7.243116
 10
0.231997
 20
-7.241680
 10
0.232850
 20
-7.240306
 10
0.233889
 20
-7.238997
 10
0.235114
 20
-7.237755
 10
0.236525
 20
-7.236583
 10
0.238122
 20
-7.235483
 10
0.239904
 20
-7.234457
 10
0.241872
 20
-7.233509
 10
0.244026
 20
-7.232640
  0
LWPOLYLINE
  5
56d
330
1F
100
AcDbEntity
  8
Polycam-Floor_1-Objects-Furniture
 62
45
420
11711154
100
AcDbPolyline
 90
20
 70
0
 43
0.000000
 10
0.244026
 20
-7.232640
 10
0.244477
 20
-7.232488
 10
0.244933
 20
-7.232363
 10
0.245394
 20
-7.232263
 10
0.245859
 20
-7.232186
 10
0.246329
 20
-7.232131
 10
0.246801
 20
-7.232097
 10
0.247277
 20
-7.232082
 10
0.247754
 20
-7.232086
 10
0.248234
 20
-7.232106
 10
0.248714
 20
-7.232142
 10
0.249195
 20
-7.232192
 10
0.249676
 20
-7.232256
 10
0.250156
 20
-7.232330
 10
0.250636
 20
-7.232415
 10
0.251113
 20
-7.232509
 10
0.251589
 20
-7.232611
 10
0.252061
 20
-7.232719
 10
0.252531
 20
-7.232832
 10
0.252996
 20
-7.232949
  0
LWPOLYLINE
  5
56e
330
1F
100
AcDbEntity
  8
Polycam-Floor_1-Objects-Furniture
 62
45
420
11711154
100
AcDbPolyline
 90
20
 70
0
 43
0.000000
 10
0.281394
 20
-7.236062
 10
0.281599
 20
-7.236135
 10
0.281795
 20
-7.236224
 10
0.281981
 20
-7.236328
 10
0.282155
 20
-7.236446
 10
0.282317
 20
-7.236577
 10
0.282468
 20
-7.236721
 10
0.282606
 20
-7.236875
 10
0.282731
 20
-7.237040
 10
0.282842
 20
-7.237214
 10
0.282939
 20
-7.237396
 10
0.283021
 20
-7.237585
 10
0.283088
 20
-7.237781
 10
0.283139
 20
-7.237981
 10
0.283175
 20
-7.238186
 10
0.283193
 20
-7.238395
 10
0.283194
 20
-7.238605
 10
0.283178
 20
-7.238817
 10
0.283143
 20
-7.239029
 10
0.283090
 20
-7.239240
  0
LWPOLYLINE
  5
56f
330
1F
100
AcDbEntity
  8
Polycam-Floor_1-Objects-Furniture
 62
45
420
11711154
100
AcDbPolyline
 90
20
 70
0
 43
0.000000
 10
0.253006
 20
-7.232941
 10
0.252540
 20
-7.232825
 10
0.252070
 20
-7.232713
 10
0.251597
 20
-7.232605
 10
0.251121
 20
-7.232504
 10
0.250643
 20
-7.232410
 10
0.250163
 20
-7.232325
 10
0.249682
 20
-7.232251
 10
0.249201
 20
-7.232188
 10
0.248720
 20
-7.232138
 10
0.248240
 20
-7.232103
 10
0.247760
 20
-7.232082
 10
0.247283
 20
-7.232079
 10
0.246808
 20
-7.232094
 10
0.246335
 20
-7.232129
 10
0.245866
 20
-7.232184
 10
0.245401
 20
-7.232262
 10
0.244941
 20
-7.232363
 10
0.244485
 20
-7.232489
 10
0.244035
 20
-7.232641
  0
LWPOLYLINE
  5
570
330
1F
100
AcDbEntity
  8
Polycam-Floor_1-Objects-Furniture
 62
45
420
11711154
100
AcDbPolyline
 90
20
 70
0
 43
0.000000
 10
0.244035
 20
-7.232641
 10
0.241881
 20
-7.233511
 10
0.239913
 20
-7.234461
 10
0.238130
 20
-7.235487
 10
0.236533
 20
-7.236588
 10
0.235122
 20
-7.237760
 10
0.233897
 20
-7.239003
 10
0.232858
 20
-7.240312
 10
0.232005
 20
-7.241685
 10
0.231339
 20
-7.243121
 10
0.230858
 20
-7.244616
 10
0.230565
 20
-7.246168
 10
0.230457
 20
-7.247775
 10
0.230537
 20
-7.249434
 10
0.230803
 20
-7.251143
 10
0.231256
 20
-7.252899
 10
0.231897
 20
-7.254699
 10
0.232724
 20
-7.256542
 10
0.233738
 20
-7.258424
 10
0.234940
 20
-7.260344
  0
LWPOLYLINE
  5
571
330
1F
100
AcDbEntity
  8
Polycam-Floor_1-Objects-Furniture
 62
45
420
11711154
100
AcDbPolyline
 90
20
 70
0
 43
0.000000
 10
0.234940
 20
-7.260344
 10
0.235254
 20
-7.260788
 10
0.235590
 20
-7.261213
 10
0.235946
 20
-7.261619
 10
0.236321
 20
-7.262008
 10
0.236713
 20
-7.262378
 10
0.237122
 20
-7.262733
 10
0.237546
 20
-7.263071
 10
0.237985
 20
-7.263394
 10
0.238435
 20
-7.263702
 10
0.238898
 20
-7.263996
 10
0.239370
 20
-7.264276
 10
0.239852
 20
-7.264544
 10
0.240342
 20
-7.264799
 10
0.240838
 20
-7.265043
 10
0.241339
 20
-7.265275
 10
0.241845
 20
-7.265498
 10
0.242353
 20
-7.265711
 10
0.242863
 20
-7.265914
 10
0.243374
 20
-7.266110
  0
LWPOLYLINE
  5
572
330
1F
100
AcDbEntity
  8
Polycam-Floor_1-Objects-Furniture
 62
45
420
11711154
100
AcDbPolyline
 90
20
 70
0
 43
0.000000
 10
0.271273
 20
-7.278440
 10
0.271202
 20
-7.278646
 10
0.271114
 20
-7.278842
 10
0.271012
 20
-7.279027
 10
0.270895
 20
-7.279200
 10
0.270765
 20
-7.279362
 10
0.270623
 20
-7.279512
 10
0.270469
 20
-7.279649
 10
0.270306
 20
-7.279773
 10
0.270133
 20
-7.279884
 10
0.269952
 20
-7.279980
 10
0.269763
 20
-7.280061
 10
0.269568
 20
-7.280127
 10
0.269368
 20
-7.280177
 10
0.269164
 20
-7.280211
 10
0.268956
 20
-7.280228
 10
0.268746
 20
-7.280228
 10
0.268535
 20
-7.280210
 10
0.268323
 20
-7.280174
 10
0.268111
 20
-7.280119
  0
LWPOLYLINE
  5
573
330
1F
100
AcDbEntity
  8
Polycam-Floor_1-Objects-Furniture
 62
45
420
11711154
100
AcDbPolyline
 90
20
 70
0
 43
0.000000
 10
0.223172
 20
-7.266252
 10
0.222966
 20
-7.266179
 10
0.222770
 20
-7.266090
 10
0.222585
 20
-7.265986
 10
0.222411
 20
-7.265868
 10
0.222248
 20
-7.265737
 10
0.222098
 20
-7.265593
 10
0.221960
 20
-7.265439
 10
0.221835
 20
-7.265274
 10
0.221724
 20
-7.265100
 10
0.221627
 20
-7.264918
 10
0.221545
 20
-7.264729
 10
0.221477
 20
-7.264533
 10
0.221426
 20
-7.264333
 10
0.221391
 20
-7.264128
 10
0.221372
 20
-7.263919
 10
0.221371
 20
-7.263709
 10
0.221388
 20
-7.263497
 10
0.221422
 20
-7.263285
 10
0.221476
 20
-7.263074
  0
LWPOLYLINE
  5
574
330
1F
100
AcDbEntity
  8
Polycam-Floor_1-Objects-Furniture
 62
45
420
11711154
100
AcDbPolyline
 90
20
 70
0
 43
0.000000
 10
0.233296
 20
-7.223879
 10
0.233367
 20
-7.223673
 10
0.233455
 20
-7.223478
 10
0.233558
 20
-7.223293
 10
0.233675
 20
-7.223119
 10
0.233805
 20
-7.222957
 10
0.233947
 20
-7.222807
 10
0.234100
 20
-7.222670
 10
0.234264
 20
-7.222546
 10
0.234437
 20
-7.222436
 10
0.234618
 20
-7.222340
 10
0.234806
 20
-7.222258
 10
0.235001
 20
-7.222192
 10
0.235201
 20
-7.222142
 10
0.235405
 20
-7.222108
 10
0.235613
 20
-7.222091
 10
0.235823
 20
-7.222091
 10
0.236035
 20
-7.222109
 10
0.236247
 20
-7.222145
 10
0.236458
 20
-7.222200
  0
LWPOLYLINE
  5
575
330
1F
100
AcDbEntity
  8
Polycam-Floor_1-Objects-Furniture
 62
45
420
11711154
100
AcDbPolyline
 90
20
 70
0
 43
0.000000
 10
0.462358
 20
-7.602567
 10
0.462330
 20
-7.602427
 10
0.462254
 20
-7.602025
 10
0.462146
 20
-7.601393
 10
0.462017
 20
-7.600560
 10
0.461884
 20
-7.599558
 10
0.461758
 20
-7.598417
 10
0.461655
 20
-7.597167
 10
0.461588
 20
-7.595838
 10
0.461571
 20
-7.594462
 10
0.461618
 20
-7.593068
 10
0.461743
 20
-7.591687
 10
0.461959
 20
-7.590350
 10
0.462281
 20
-7.589086
 10
0.462722
 20
-7.587927
 10
0.463297
 20
-7.586903
 10
0.464019
 20
-7.586044
 10
0.464902
 20
-7.585380
 10
0.465960
 20
-7.584943
 10
0.467207
 20
-7.584762
  0
LWPOLYLINE
  5
576
330
1F
100
AcDbEntity
  8
Polycam-Floor_1-Objects-Furniture
 62
45
420
11711154
100
AcDbPolyline
 90
20
 70
0
 43
0.000000
 10
0.467207
 20
-7.584762
 10
0.481088
 20
-7.584164
 10
0.494363
 20
-7.583281
 10
0.507059
 20
-7.582122
 10
0.519201
 20
-7.580694
 10
0.530815
 20
-7.579005
 10
0.541927
 20
-7.577063
 10
0.552564
 20
-7.574876
 10
0.562751
 20
-7.572452
 10
0.572514
 20
-7.569798
 10
0.581880
 20
-7.566924
 10
0.590873
 20
-7.563836
 10
0.599521
 20
-7.560543
 10
0.607849
 20
-7.557052
 10
0.615884
 20
-7.553371
 10
0.623650
 20
-7.549509
 10
0.631175
 20
-7.545473
 10
0.638484
 20
-7.541271
 10
0.645603
 20
-7.536911
 10
0.652559
 20
-7.532401
  0
LWPOLYLINE
  5
577
330
1F
100
AcDbEntity
  8
Polycam-Floor_1-Objects-Furniture
 62
45
420
11711154
100
AcDbPolyline
 90
20
 70
0
 43
0.000000
 10
0.652559
 20
-7.532401
 10
0.653506
 20
-7.531769
 10
0.654450
 20
-7.531134
 10
0.655392
 20
-7.530496
 10
0.656332
 20
-7.529855
 10
0.657269
 20
-7.529212
 10
0.658204
 20
-7.528566
 10
0.659137
 20
-7.527917
 10
0.660067
 20
-7.527266
 10
0.660996
 20
-7.526613
 10
0.661923
 20
-7.525957
 10
0.662847
 20
-7.525298
 10
0.663770
 20
-7.524637
 10
0.664691
 20
-7.523974
 10
0.665610
 20
-7.523308
 10
0.666527
 20
-7.522640
 10
0.667443
 20
-7.521969
 10
0.668357
 20
-7.521296
 10
0.669270
 20
-7.520621
 10
0.670181
 20
-7.519943
  0
LWPOLYLINE
  5
578
330
1F
100
AcDbEntity
  8
Polycam-Floor_1-Objects-Furniture
 62
45
420
11711154
100
AcDbPolyline
 90
20
 70
0
 43
0.000000
 10
0.670181
 20
-7.519943
 10
0.671091
 20
-7.519263
 10
0.672001
 20
-7.518580
 10
0.672910
 20
-7.517894
 10
0.673818
 20
-7.517204
 10
0.674726
 20
-7.516512
 10
0.675633
 20
-7.515817
 10
0.676538
 20
-7.515118
 10
0.677443
 20
-7.514417
 10
0.678346
 20
-7.513713
 10
0.679247
 20
-7.513005
 10
0.680147
 20
-7.512295
 10
0.681045
 20
-7.511582
 10
0.681942
 20
-7.510866
 10
0.682836
 20
-7.510147
 10
0.683728
 20
-7.509425
 10
0.684618
 20
-7.508700
 10
0.685506
 20
-7.507972
 10
0.686391
 20
-7.507242
 10
0.687273
 20
-7.506508
  0
LWPOLYLINE
  5
579
330
1F
100
AcDbEntity
  8
Polycam-Floor_1-Objects-Furniture
 62
45
420
11711154
100
AcDbPolyline
 90
20
 70
0
 43
0.000000
 10
0.687273
 20
-7.506508
 10
0.693579
 20
-7.501130
 10
0.699790
 20
-7.495551
 10
0.705904
 20
-7.489744
 10
0.711922
 20
-7.483682
 10
0.717843
 20
-7.477339
 10
0.723668
 20
-7.470687
 10
0.729394
 20
-7.463699
 10
0.735023
 20
-7.456349
 10
0.740554
 20
-7.448609
 10
0.745987
 20
-7.440452
 10
0.751321
 20
-7.431851
 10
0.756556
 20
-7.422781
 10
0.761692
 20
-7.413212
 10
0.766728
 20
-7.403119
 10
0.771665
 20
-7.392474
 10
0.776501
 20
-7.381251
 10
0.781237
 20
-7.369422
 10
0.785872
 20
-7.356961
 10
0.790406
 20
-7.343840
  0
LWPOLYLINE
  5
57a
330
1F
100
AcDbEntity
  8
Polycam-Floor_1-Objects-Furniture
 62
45
420
11711154
100
AcDbPolyline
 90
20
 70
0
 43
0.000000
 10
0.790406
 20
-7.343840
 10
0.790936
 20
-7.342697
 10
0.791657
 20
-7.341808
 10
0.792545
 20
-7.341151
 10
0.793574
 20
-7.340705
 10
0.794720
 20
-7.340446
 10
0.795957
 20
-7.340355
 10
0.797260
 20
-7.340407
 10
0.798604
 20
-7.340582
 10
0.799962
 20
-7.340856
 10
0.801312
 20
-7.341210
 10
0.802626
 20
-7.341619
 10
0.803880
 20
-7.342063
 10
0.805048
 20
-7.342519
 10
0.806106
 20
-7.342965
 10
0.807029
 20
-7.343379
 10
0.807790
 20
-7.343740
 10
0.808365
 20
-7.344024
 10
0.808728
 20
-7.344211
 10
0.808855
 20
-7.344279
  0
LWPOLYLINE
  5
57b
330
1F
100
AcDbEntity
  8
Polycam-Floor_1-Objects-Furniture
 62
45
420
11711154
100
AcDbPolyline
 90
20
 70
0
 43
0.000000
 10
0.824071
 20
-7.364691
 10
0.824811
 20
-7.365670
 10
0.825497
 20
-7.366556
 10
0.826130
 20
-7.367359
 10
0.826709
 20
-7.368090
 10
0.827234
 20
-7.368759
 10
0.827704
 20
-7.369377
 10
0.828121
 20
-7.369953
 10
0.828483
 20
-7.370498
 10
0.828790
 20
-7.371022
 10
0.829043
 20
-7.371535
 10
0.829240
 20
-7.372048
 10
0.829383
 20
-7.372571
 10
0.829470
 20
-7.373114
 10
0.829502
 20
-7.373687
 10
0.829477
 20
-7.374301
 10
0.829398
 20
-7.374966
 10
0.829262
 20
-7.375691
 10
0.829070
 20
-7.376489
 10
0.828821
 20
-7.377367
  0
LWPOLYLINE
  5
57c
330
1F
100
AcDbEntity
  8
Polycam-Floor_1-Objects-Furniture
 62
45
420
11711154
100
AcDbPolyline
 90
20
 70
0
 43
0.000000
 10
0.828821
 20
-7.377367
 10
0.826682
 20
-7.384688
 10
0.824527
 20
-7.392342
 10
0.822295
 20
-7.400313
 10
0.819922
 20
-7.408580
 10
0.817349
 20
-7.417126
 10
0.814512
 20
-7.425932
 10
0.811351
 20
-7.434980
 10
0.807802
 20
-7.444249
 10
0.803805
 20
-7.453723
 10
0.799298
 20
-7.463382
 10
0.794219
 20
-7.473208
 10
0.788505
 20
-7.483181
 10
0.782096
 20
-7.493284
 10
0.774929
 20
-7.503498
 10
0.766943
 20
-7.513804
 10
0.758076
 20
-7.524183
 10
0.748265
 20
-7.534617
 10
0.737450
 20
-7.545088
 10
0.725568
 20
-7.555575
  0
LWPOLYLINE
  5
57d
330
1F
100
AcDbEntity
  8
Polycam-Floor_1-Objects-Furniture
 62
45
420
11711154
100
AcDbPolyline
 90
20
 70
0
 43
0.000000
 10
0.725568
 20
-7.555575
 10
0.725368
 20
-7.555746
 10
0.725167
 20
-7.555917
 10
0.724965
 20
-7.556088
 10
0.724763
 20
-7.556258
 10
0.724561
 20
-7.556429
 10
0.724358
 20
-7.556599
 10
0.724155
 20
-7.556769
 10
0.723951
 20
-7.556940
 10
0.723747
 20
-7.557110
 10
0.723542
 20
-7.557280
 10
0.723338
 20
-7.557450
 10
0.723132
 20
-7.557620
 10
0.722927
 20
-7.557789
 10
0.722721
 20
-7.557959
 10
0.722514
 20
-7.558129
 10
0.722307
 20
-7.558298
 10
0.722100
 20
-7.558467
 10
0.721893
 20
-7.558636
 10
0.721685
 20
-7.558805
  0
LWPOLYLINE
  5
57e
330
1F
100
AcDbEntity
  8
Polycam-Floor_1-Objects-Furniture
 62
45
420
11711154
100
AcDbPolyline
 90
20
 70
0
 43
0.000000
 10
0.721685
 20
-7.558805
 10
0.720964
 20
-7.559397
 10
0.720239
 20
-7.559988
 10
0.719511
 20
-7.560579
 10
0.718779
 20
-7.561170
 10
0.718044
 20
-7.561760
 10
0.717304
 20
-7.562351
 10
0.716561
 20
-7.562941
 10
0.715814
 20
-7.563531
 10
0.715064
 20
-7.564122
 10
0.714309
 20
-7.564712
 10
0.713551
 20
-7.565301
 10
0.712789
 20
-7.565891
 10
0.712024
 20
-7.566481
 10
0.711254
 20
-7.567071
 10
0.710481
 20
-7.567660
 10
0.709704
 20
-7.568250
 10
0.708923
 20
-7.568839
 10
0.708138
 20
-7.569429
 10
0.707349
 20
-7.570018
  0
LWPOLYLINE
  5
57f
330
1F
100
AcDbEntity
  8
Polycam-Floor_1-Objects-Furniture
 62
45
420
11711154
100
AcDbPolyline
 90
20
 70
0
 43
0.000000
 10
0.707349
 20
-7.570018
 10
0.706559
 20
-7.570605
 10
0.705770
 20
-7.571189
 10
0.704981
 20
-7.571770
 10
0.704194
 20
-7.572347
 10
0.703407
 20
-7.572920
 10
0.702621
 20
-7.573490
 10
0.701836
 20
-7.574056
 10
0.701052
 20
-7.574619
 10
0.700269
 20
-7.575178
 10
0.699486
 20
-7.575733
 10
0.698705
 20
-7.576285
 10
0.697924
 20
-7.576834
 10
0.697145
 20
-7.577378
 10
0.696366
 20
-7.577919
 10
0.695589
 20
-7.578456
 10
0.694813
 20
-7.578990
 10
0.694037
 20
-7.579520
 10
0.693263
 20
-7.580046
 10
0.692489
 20
-7.580569
  0
LWPOLYLINE
  5
580
330
1F
100
AcDbEntity
  8
Polycam-Floor_1-Objects-Furniture
 62
45
420
11711154
100
AcDbPolyline
 90
20
 70
0
 43
0.000000
 10
0.692489
 20
-7.580569
 10
0.692294
 20
-7.580701
 10
0.692099
 20
-7.580834
 10
0.691904
 20
-7.580966
 10
0.691709
 20
-7.581097
 10
0.691515
 20
-7.581229
 10
0.691320
 20
-7.581360
 10
0.691125
 20
-7.581491
 10
0.690930
 20
-7.581621
 10
0.690736
 20
-7.581752
 10
0.690541
 20
-7.581882
 10
0.690346
 20
-7.582011
 10
0.690152
 20
-7.582141
 10
0.689957
 20
-7.582270
 10
0.689763
 20
-7.582399
 10
0.689568
 20
-7.582527
 10
0.689374
 20
-7.582655
 10
0.689180
 20
-7.582783
 10
0.688985
 20
-7.582911
 10
0.688791
 20
-7.583038
  0
LWPOLYLINE
  5
581
330
1F
100
AcDbEntity
  8
Polycam-Floor_1-Objects-Furniture
 62
45
420
11711154
100
AcDbPolyline
 90
20
 70
0
 43
0.000000
 10
0.688791
 20
-7.583038
 10
0.675318
 20
-7.591475
 10
0.662171
 20
-7.598885
 10
0.649350
 20
-7.605335
 10
0.636856
 20
-7.610890
 10
0.624687
 20
-7.615615
 10
0.612843
 20
-7.619574
 10
0.601325
 20
-7.622835
 10
0.590131
 20
-7.625460
 10
0.579262
 20
-7.627517
 10
0.568718
 20
-7.629071
 10
0.558497
 20
-7.630185
 10
0.548601
 20
-7.630927
 10
0.539027
 20
-7.631361
 10
0.529777
 20
-7.631552
 10
0.520850
 20
-7.631566
 10
0.512246
 20
-7.631468
 10
0.503963
 20
-7.631322
 10
0.496003
 20
-7.631196
 10
0.488365
 20
-7.631153
  0
LWPOLYLINE
  5
582
330
1F
100
AcDbEntity
  8
Polycam-Floor_1-Objects-Furniture
 62
45
420
11711154
100
AcDbPolyline
 90
20
 70
0
 43
0.000000
 10
0.488365
 20
-7.631153
 10
0.487451
 20
-7.631141
 10
0.486632
 20
-7.631097
 10
0.485897
 20
-7.631021
 10
0.485237
 20
-7.630908
 10
0.484642
 20
-7.630756
 10
0.484102
 20
-7.630562
 10
0.483606
 20
-7.630323
 10
0.483146
 20
-7.630037
 10
0.482711
 20
-7.629701
 10
0.482291
 20
-7.629312
 10
0.481877
 20
-7.628868
 10
0.481459
 20
-7.628365
 10
0.481026
 20
-7.627801
 10
0.480569
 20
-7.627174
 10
0.480077
 20
-7.626479
 10
0.479542
 20
-7.625715
 10
0.478953
 20
-7.624879
 10
0.478301
 20
-7.623969
 10
0.477574
 20
-7.622980
  0
LWPOLYLINE
  5
583
330
1F
100
AcDbEntity
  8
Polycam-Floor_1-Objects-Furniture
 62
45
420
11711154
100
AcDbPolyline
 90
20
 70
0
 43
0.000000
 10
0.253584
 20
-7.411221
 10
0.252531
 20
-7.408725
 10
0.251572
 20
-7.406319
 10
0.250724
 20
-7.403997
 10
0.250001
 20
-7.401747
 10
0.249418
 20
-7.399561
 10
0.248990
 20
-7.397429
 10
0.248732
 20
-7.395342
 10
0.248660
 20
-7.393291
 10
0.248788
 20
-7.391265
 10
0.249132
 20
-7.389256
 10
0.249706
 20
-7.387254
 10
0.250526
 20
-7.385250
 10
0.251607
 20
-7.383235
 10
0.252963
 20
-7.381198
 10
0.254610
 20
-7.379131
 10
0.256563
 20
-7.377024
 10
0.258836
 20
-7.374867
 10
0.261446
 20
-7.372653
 10
0.264406
 20
-7.370370
  0
LWPOLYLINE
  5
584
330
1F
100
AcDbEntity
  8
Polycam-Floor_1-Objects-Furniture
 62
45
420
11711154
100
AcDbPolyline
 90
20
 70
0
 43
0.000000
 10
0.271041
 20
-7.365472
 10
0.271732
 20
-7.364965
 10
0.272416
 20
-7.364472
 10
0.273092
 20
-7.363993
 10
0.273761
 20
-7.363527
 10
0.274422
 20
-7.363074
 10
0.275076
 20
-7.362636
 10
0.275724
 20
-7.362211
 10
0.276365
 20
-7.361800
 10
0.276999
 20
-7.361403
 10
0.277628
 20
-7.361020
 10
0.278250
 20
-7.360651
 10
0.278867
 20
-7.360296
 10
0.279478
 20
-7.359955
 10
0.280084
 20
-7.359628
 10
0.280685
 20
-7.359316
 10
0.281281
 20
-7.359017
 10
0.281872
 20
-7.358733
 10
0.282460
 20
-7.358464
 10
0.283042
 20
-7.358209
  0
LWPOLYLINE
  5
585
330
1F
100
AcDbEntity
  8
Polycam-Floor_1-Objects-Furniture
 62
45
420
11711154
100
AcDbPolyline
 90
20
 70
0
 43
0.000000
 10
0.283042
 20
-7.358209
 10
0.284689
 20
-7.357556
 10
0.286306
 20
-7.357022
 10
0.287900
 20
-7.356609
 10
0.289475
 20
-7.356317
 10
0.291036
 20
-7.356148
 10
0.292588
 20
-7.356103
 10
0.294136
 20
-7.356183
 10
0.295684
 20
-7.356389
 10
0.297238
 20
-7.356722
 10
0.298802
 20
-7.357183
 10
0.300382
 20
-7.357774
 10
0.301982
 20
-7.358495
 10
0.303607
 20
-7.359347
 10
0.305263
 20
-7.360333
 10
0.306953
 20
-7.361452
 10
0.308682
 20
-7.362705
 10
0.310457
 20
-7.364095
 10
0.312281
 20
-7.365622
 10
0.314159
 20
-7.367287
  0
LWPOLYLINE
  5
586
330
1F
100
AcDbEntity
  8
Polycam-Floor_1-Objects-Furniture
 62
45
420
11711154
100
AcDbPolyline
 90
20
 70
0
 43
0.000000
 10
0.314159
 20
-7.367287
 10
0.314694
 20
-7.367779
 10
0.315224
 20
-7.368277
 10
0.315748
 20
-7.368782
 10
0.316267
 20
-7.369295
 10
0.316781
 20
-7.369815
 10
0.317290
 20
-7.370344
 10
0.317794
 20
-7.370882
 10
0.318294
 20
-7.371428
 10
0.318789
 20
-7.371984
 10
0.319281
 20
-7.372550
 10
0.319768
 20
-7.373127
 10
0.320252
 20
-7.373714
 10
0.320732
 20
-7.374312
 10
0.321209
 20
-7.374922
 10
0.321682
 20
-7.375544
 10
0.322152
 20
-7.376178
 10
0.322620
 20
-7.376824
 10
0.323084
 20
-7.377484
 10
0.323546
 20
-7.378158
  0
LWPOLYLINE
  5
587
330
1F
100
AcDbEntity
  8
Polycam-Floor_1-Objects-Furniture
 62
45
420
11711154
100
AcDbPolyline
 90
20
 70
0
 43
0.000000
 10
0.410053
 20
-7.505921
 10
0.410157
 20
-7.506066
 10
0.410256
 20
-7.506212
 10
0.410352
 20
-7.506360
 10
0.410443
 20
-7.506510
 10
0.410531
 20
-7.506661
 10
0.410614
 20
-7.506814
 10
0.410693
 20
-7.506968
 10
0.410768
 20
-7.507124
 10
0.410838
 20
-7.507280
 10
0.410905
 20
-7.507438
 10
0.410967
 20
-7.507597
 10
0.411026
 20
-7.507757
 10
0.411080
 20
-7.507918
 10
0.411131
 20
-7.508080
 10
0.411177
 20
-7.508242
 10
0.411219
 20
-7.508405
 10
0.411258
 20
-7.508569
 10
0.411292
 20
-7.508734
 10
0.411322
 20
-7.508899
  0
LWPOLYLINE
  5
588
330
1F
100
AcDbEntity
  8
Polycam-Floor_1-Objects-Furniture
 62
45
420
11711154
100
AcDbPolyline
 90
20
 70
0
 43
0.000000
 10
0.411322
 20
-7.508899
 10
0.411378
 20
-7.509298
 10
0.411411
 20
-7.509698
 10
0.411422
 20
-7.510099
 10
0.411409
 20
-7.510499
 10
0.411375
 20
-7.510897
 10
0.411318
 20
-7.511292
 10
0.411239
 20
-7.511683
 10
0.411137
 20
-7.512069
 10
0.411014
 20
-7.512450
 10
0.410870
 20
-7.512823
 10
0.410704
 20
-7.513188
 10
0.410516
 20
-7.513544
 10
0.410308
 20
-7.513890
 10
0.410078
 20
-7.514224
 10
0.409827
 20
-7.514546
 10
0.409556
 20
-7.514855
 10
0.409264
 20
-7.515150
 10
0.408952
 20
-7.515429
 10
0.408620
 20
-7.515692
  0
LWPOLYLINE
  5
589
330
1F
100
AcDbEntity
  8
Polycam-Floor_1-Objects-Furniture
 62
45
420
11711154
100
AcDbPolyline
 90
20
 70
0
 43
0.000000
 10
0.369002
 20
-7.544945
 10
0.368950
 20
-7.544983
 10
0.368898
 20
-7.545020
 10
0.368846
 20
-7.545057
 10
0.368794
 20
-7.545093
 10
0.368742
 20
-7.545129
 10
0.368689
 20
-7.545164
 10
0.368636
 20
-7.545198
 10
0.368583
 20
-7.545232
 10
0.368530
 20
-7.545265
 10
0.368476
 20
-7.545298
 10
0.368422
 20
-7.545330
 10
0.368369
 20
-7.545362
 10
0.368314
 20
-7.545393
 10
0.368260
 20
-7.545423
 10
0.368205
 20
-7.545453
 10
0.368150
 20
-7.545482
 10
0.368095
 20
-7.545511
 10
0.368040
 20
-7.545540
 10
0.367984
 20
-7.545568
  0
LWPOLYLINE
  5
58a
330
1F
100
AcDbEntity
  8
Polycam-Floor_1-Objects-Furniture
 62
45
420
11711154
100
AcDbPolyline
 90
20
 70
0
 43
0.000000
 10
0.367984
 20
-7.545568
 10
0.367511
 20
-7.545782
 10
0.367026
 20
-7.545959
 10
0.366534
 20
-7.546098
 10
0.366035
 20
-7.546199
 10
0.365531
 20
-7.546263
 10
0.365026
 20
-7.546291
 10
0.364520
 20
-7.546282
 10
0.364017
 20
-7.546236
 10
0.363518
 20
-7.546155
 10
0.363026
 20
-7.546039
 10
0.362543
 20
-7.545887
 10
0.362070
 20
-7.545700
 10
0.361610
 20
-7.545479
 10
0.361166
 20
-7.545223
 10
0.360738
 20
-7.544934
 10
0.360331
 20
-7.544611
 10
0.359944
 20
-7.544254
 10
0.359582
 20
-7.543865
 10
0.359245
 20
-7.543443
  0
LWPOLYLINE
  5
58b
330
1F
100
AcDbEntity
  8
Polycam-Floor_1-Objects-Furniture
 62
45
420
11711154
100
AcDbPolyline
 90
20
 70
0
 43
0.000000
 10
0.262577
 20
-7.425975
 10
0.262002
 20
-7.425265
 10
0.261437
 20
-7.424548
 10
0.260883
 20
-7.423822
 10
0.260341
 20
-7.423088
 10
0.259809
 20
-7.422346
 10
0.259289
 20
-7.421597
 10
0.258780
 20
-7.420840
 10
0.258282
 20
-7.420076
 10
0.257796
 20
-7.419305
 10
0.257321
 20
-7.418526
 10
0.256858
 20
-7.417741
 10
0.256407
 20
-7.416949
 10
0.255968
 20
-7.416150
 10
0.255540
 20
-7.415344
 10
0.255125
 20
-7.414532
 10
0.254721
 20
-7.413713
 10
0.254330
 20
-7.412889
 10
0.253951
 20
-7.412058
 10
0.253584
 20
-7.411221
  0
LWPOLYLINE
  5
58c
330
1F
100
AcDbEntity
  8
Polycam-Floor_1-Objects-Furniture
 62
45
420
11711154
100
AcDbPolyline
 90
20
 70
0
 43
0.000000
 10
0.345424
 20
-7.584927
 10
0.345423
 20
-7.584898
 10
0.345422
 20
-7.584868
 10
0.345422
 20
-7.584838
 10
0.345421
 20
-7.584808
 10
0.345421
 20
-7.584778
 10
0.345420
 20
-7.584749
 10
0.345420
 20
-7.584719
 10
0.345420
 20
-7.584689
 10
0.345420
 20
-7.584659
 10
0.345420
 20
-7.584629
 10
0.345420
 20
-7.584599
 10
0.345420
 20
-7.584569
 10
0.345420
 20
-7.584540
 10
0.345420
 20
-7.584510
 10
0.345421
 20
-7.584480
 10
0.345421
 20
-7.584450
 10
0.345421
 20
-7.584421
 10
0.345422
 20
-7.584391
 10
0.345422
 20
-7.584362
  0
LWPOLYLINE
  5
58d
330
1F
100
AcDbEntity
  8
Polycam-Floor_1-Objects-Furniture
 62
45
420
11711154
100
AcDbPolyline
 90
20
 70
0
 43
0.000000
 10
0.345422
 20
-7.584362
 10
0.345428
 20
-7.584214
 10
0.345437
 20
-7.584066
 10
0.345448
 20
-7.583918
 10
0.345461
 20
-7.583771
 10
0.345477
 20
-7.583624
 10
0.345495
 20
-7.583478
 10
0.345515
 20
-7.583332
 10
0.345538
 20
-7.583185
 10
0.345563
 20
-7.583040
 10
0.345590
 20
-7.582894
 10
0.345619
 20
-7.582749
 10
0.345650
 20
-7.582604
 10
0.345683
 20
-7.582460
 10
0.345718
 20
-7.582315
 10
0.345755
 20
-7.582171
 10
0.345794
 20
-7.582027
 10
0.345835
 20
-7.581884
 10
0.345877
 20
-7.581740
 10
0.345921
 20
-7.581597
  0
LWPOLYLINE
  5
58e
330
1F
100
AcDbEntity
  8
Polycam-Floor_1-Objects-Furniture
 62
45
420
11711154
100
AcDbPolyline
 90
20
 70
0
 43
0.000000
 10
0.345921
 20
-7.581597
 10
0.345966
 20
-7.581456
 10
0.346014
 20
-7.581315
 10
0.346063
 20
-7.581174
 10
0.346113
 20
-7.581034
 10
0.346166
 20
-7.580894
 10
0.346220
 20
-7.580754
 10
0.346275
 20
-7.580615
 10
0.346332
 20
-7.580476
 10
0.346390
 20
-7.580337
 10
0.346450
 20
-7.580199
 10
0.346511
 20
-7.580061
 10
0.346573
 20
-7.579924
 10
0.346636
 20
-7.579786
 10
0.346700
 20
-7.579650
 10
0.346766
 20
-7.579513
 10
0.346832
 20
-7.579377
 10
0.346900
 20
-7.579241
 10
0.346968
 20
-7.579106
 10
0.347037
 20
-7.578970
  0
LWPOLYLINE
  5
58f
330
1F
100
AcDbEntity
  8
Polycam-Floor_1-Objects-Furniture
 62
45
420
11711154
100
AcDbPolyline
 90
20
 70
0
 43
0.000000
 10
0.347037
 20
-7.578970
 10
0.347052
 20
-7.578943
 10
0.347066
 20
-7.578916
 10
0.347081
 20
-7.578889
 10
0.347096
 20
-7.578862
 10
0.347110
 20
-7.578835
 10
0.347125
 20
-7.578809
 10
0.347139
 20
-7.578782
 10
0.347154
 20
-7.578756
 10
0.347168
 20
-7.578729
 10
0.347182
 20
-7.578703
 10
0.347197
 20
-7.578676
 10
0.347211
 20
-7.578650
 10
0.347225
 20
-7.578623
 10
0.347239
 20
-7.578597
 10
0.347254
 20
-7.578570
 10
0.347268
 20
-7.578544
 10
0.347282
 20
-7.578517
 10
0.347296
 20
-7.578491
 10
0.347310
 20
-7.578464
  0
LWPOLYLINE
  5
590
330
1F
100
AcDbEntity
  8
Polycam-Floor_1-Objects-Furniture
 62
45
420
11711154
100
AcDbPolyline
 90
20
 70
0
 43
0.000000
 10
0.347310
 20
-7.578464
 10
0.347340
 20
-7.578411
 10
0.347370
 20
-7.578357
 10
0.347400
 20
-7.578304
 10
0.347430
 20
-7.578251
 10
0.347460
 20
-7.578198
 10
0.347490
 20
-7.578145
 10
0.347520
 20
-7.578092
 10
0.347551
 20
-7.578040
 10
0.347581
 20
-7.577987
 10
0.347612
 20
-7.577935
 10
0.347642
 20
-7.577883
 10
0.347673
 20
-7.577831
 10
0.347703
 20
-7.577779
 10
0.347734
 20
-7.577727
 10
0.347765
 20
-7.577675
 10
0.347796
 20
-7.577622
 10
0.347827
 20
-7.577570
 10
0.347858
 20
-7.577518
 10
0.347889
 20
-7.577466
  0
LWPOLYLINE
  5
591
330
1F
100
AcDbEntity
  8
Polycam-Floor_1-Objects-Furniture
 62
45
420
11711154
100
AcDbPolyline
 90
20
 70
0
 43
0.000000
 10
0.347889
 20
-7.577466
 10
0.347920
 20
-7.577414
 10
0.347951
 20
-7.577362
 10
0.347982
 20
-7.577310
 10
0.348013
 20
-7.577258
 10
0.348044
 20
-7.577207
 10
0.348076
 20
-7.577155
 10
0.348107
 20
-7.577104
 10
0.348138
 20
-7.577053
 10
0.348169
 20
-7.577002
 10
0.348201
 20
-7.576950
 10
0.348232
 20
-7.576899
 10
0.348264
 20
-7.576849
 10
0.348295
 20
-7.576798
 10
0.348327
 20
-7.576747
 10
0.348359
 20
-7.576696
 10
0.348391
 20
-7.576645
 10
0.348423
 20
-7.576595
 10
0.348455
 20
-7.576544
 10
0.348487
 20
-7.576494
  0
LWPOLYLINE
  5
592
330
1F
100
AcDbEntity
  8
Polycam-Floor_1-Objects-Furniture
 62
45
420
11711154
100
AcDbPolyline
 90
20
 70
0
 43
0.000000
 10
0.367984
 20
-7.545568
 10
0.368040
 20
-7.545540
 10
0.368095
 20
-7.545511
 10
0.368150
 20
-7.545482
 10
0.368205
 20
-7.545453
 10
0.368260
 20
-7.545423
 10
0.368314
 20
-7.545393
 10
0.368369
 20
-7.545362
 10
0.368422
 20
-7.545330
 10
0.368476
 20
-7.545298
 10
0.368530
 20
-7.545265
 10
0.368583
 20
-7.545232
 10
0.368636
 20
-7.545198
 10
0.368689
 20
-7.545164
 10
0.368742
 20
-7.545129
 10
0.368794
 20
-7.545093
 10
0.368846
 20
-7.545057
 10
0.368898
 20
-7.545020
 10
0.368950
 20
-7.544983
 10
0.369002
 20
-7.544945
  0
LWPOLYLINE
  5
593
330
1F
100
AcDbEntity
  8
Polycam-Floor_1-Objects-Furniture
 62
45
420
11711154
100
AcDbPolyline
 90
20
 70
0
 43
0.000000
 10
0.408620
 20
-7.515692
 10
0.408952
 20
-7.515429
 10
0.409264
 20
-7.515150
 10
0.409556
 20
-7.514855
 10
0.409827
 20
-7.514546
 10
0.410078
 20
-7.514224
 10
0.410308
 20
-7.513890
 10
0.410516
 20
-7.513544
 10
0.410704
 20
-7.513188
 10
0.410870
 20
-7.512823
 10
0.411014
 20
-7.512450
 10
0.411137
 20
-7.512069
 10
0.411239
 20
-7.511683
 10
0.411318
 20
-7.511292
 10
0.411375
 20
-7.510897
 10
0.411409
 20
-7.510499
 10
0.411422
 20
-7.510099
 10
0.411411
 20
-7.509698
 10
0.411378
 20
-7.509298
 10
0.411322
 20
-7.508899
  0
LWPOLYLINE
  5
594
330
1F
100
AcDbEntity
  8
Polycam-Floor_1-Objects-Furniture
 62
45
420
11711154
100
AcDbPolyline
 90
20
 70
0
 43
0.000000
 10
0.411322
 20
-7.508899
 10
0.412655
 20
-7.509681
 10
0.413986
 20
-7.510451
 10
0.415315
 20
-7.511210
 10
0.416644
 20
-7.511959
 10
0.417970
 20
-7.512697
 10
0.419295
 20
-7.513424
 10
0.420618
 20
-7.514140
 10
0.421940
 20
-7.514846
 10
0.423260
 20
-7.515541
 10
0.424578
 20
-7.516226
 10
0.425895
 20
-7.516901
 10
0.427210
 20
-7.517565
 10
0.428523
 20
-7.518218
 10
0.429835
 20
-7.518862
 10
0.431145
 20
-7.519496
 10
0.432453
 20
-7.520119
 10
0.433760
 20
-7.520732
 10
0.435064
 20
-7.521336
 10
0.436367
 20
-7.521929
  0
LWPOLYLINE
  5
595
330
1F
100
AcDbEntity
  8
Polycam-Floor_1-Objects-Furniture
 62
45
420
11711154
100
AcDbPolyline
 90
20
 70
0
 43
0.000000
 10
0.436367
 20
-7.521929
 10
0.436986
 20
-7.522208
 10
0.437604
 20
-7.522484
 10
0.438221
 20
-7.522758
 10
0.438838
 20
-7.523030
 10
0.439455
 20
-7.523299
 10
0.440071
 20
-7.523567
 10
0.440687
 20
-7.523832
 10
0.441302
 20
-7.524095
 10
0.441917
 20
-7.524356
 10
0.442531
 20
-7.524615
 10
0.443145
 20
-7.524872
 10
0.443759
 20
-7.525127
 10
0.444372
 20
-7.525380
 10
0.444984
 20
-7.525630
 10
0.445596
 20
-7.525879
 10
0.446208
 20
-7.526125
 10
0.446819
 20
-7.526370
 10
0.447430
 20
-7.526612
 10
0.448040
 20
-7.526852
  0
LWPOLYLINE
  5
596
330
1F
100
AcDbEntity
  8
Polycam-Floor_1-Objects-Furniture
 62
45
420
11711154
100
AcDbPolyline
 90
20
 70
0
 43
0.000000
 10
0.448040
 20
-7.526852
 10
0.450337
 20
-7.527736
 10
0.452627
 20
-7.528590
 10
0.454911
 20
-7.529415
 10
0.457188
 20
-7.530211
 10
0.459459
 20
-7.530978
 10
0.461722
 20
-7.531717
 10
0.463978
 20
-7.532428
 10
0.466227
 20
-7.533111
 10
0.468469
 20
-7.533766
 10
0.470703
 20
-7.534395
 10
0.472930
 20
-7.534996
 10
0.475149
 20
-7.535571
 10
0.477360
 20
-7.536120
 10
0.479564
 20
-7.536643
 10
0.481760
 20
-7.537140
 10
0.483947
 20
-7.537612
 10
0.486126
 20
-7.538059
 10
0.488297
 20
-7.538482
 10
0.490460
 20
-7.538880
  0
LWPOLYLINE
  5
597
330
1F
100
AcDbEntity
  8
Polycam-Floor_1-Objects-Furniture
 62
45
420
11711154
100
AcDbPolyline
 90
20
 70
0
 43
0.000000
 10
0.490460
 20
-7.538880
 10
0.490169
 20
-7.538963
 10
0.489316
 20
-7.539197
 10
0.487928
 20
-7.539564
 10
0.486034
 20
-7.540044
 10
0.483661
 20
-7.540618
 10
0.480838
 20
-7.541266
 10
0.477592
 20
-7.541969
 10
0.473951
 20
-7.542707
 10
0.469944
 20
-7.543461
 10
0.465597
 20
-7.544212
 10
0.460940
 20
-7.544939
 10
0.456000
 20
-7.545624
 10
0.450806
 20
-7.546247
 10
0.445384
 20
-7.546789
 10
0.439764
 20
-7.547231
 10
0.433972
 20
-7.547552
 10
0.428038
 20
-7.547733
 10
0.421989
 20
-7.547756
 10
0.415852
 20
-7.547599
  0
LWPOLYLINE
  5
598
330
1F
100
AcDbEntity
  8
Polycam-Floor_1-Objects-Furniture
 62
45
420
11711154
100
AcDbPolyline
 90
20
 70
0
 43
0.000000
 10
0.376918
 20
-7.596309
 10
0.376800
 20
-7.596456
 10
0.376681
 20
-7.596602
 10
0.376561
 20
-7.596749
 10
0.376440
 20
-7.596895
 10
0.376318
 20
-7.597041
 10
0.376195
 20
-7.597186
 10
0.376072
 20
-7.597331
 10
0.375947
 20
-7.597475
 10
0.375822
 20
-7.597618
 10
0.375695
 20
-7.597761
 10
0.375568
 20
-7.597903
 10
0.375440
 20
-7.598044
 10
0.375311
 20
-7.598184
 10
0.375180
 20
-7.598323
 10
0.375049
 20
-7.598461
 10
0.374917
 20
-7.598598
 10
0.374783
 20
-7.598734
 10
0.374649
 20
-7.598869
 10
0.374513
 20
-7.599003
  0
LWPOLYLINE
  5
599
330
1F
100
AcDbEntity
  8
Polycam-Floor_1-Objects-Furniture
 62
45
420
11711154
100
AcDbPolyline
 90
20
 70
0
 43
0.000000
 10
0.374513
 20
-7.599003
 10
0.374506
 20
-7.599009
 10
0.374500
 20
-7.599015
 10
0.374493
 20
-7.599021
 10
0.374487
 20
-7.599028
 10
0.374480
 20
-7.599034
 10
0.374473
 20
-7.599040
 10
0.374466
 20
-7.599046
 10
0.374460
 20
-7.599053
 10
0.374453
 20
-7.599059
 10
0.374446
 20
-7.599065
 10
0.374439
 20
-7.599072
 10
0.374432
 20
-7.599078
 10
0.374425
 20
-7.599085
 10
0.374418
 20
-7.599091
 10
0.374411
 20
-7.599098
 10
0.374404
 20
-7.599104
 10
0.374397
 20
-7.599111
 10
0.374389
 20
-7.599118
 10
0.374382
 20
-7.599125
  0
LWPOLYLINE
  5
59a
330
1F
100
AcDbEntity
  8
Polycam-Floor_1-Objects-Furniture
 62
45
420
11711154
100
AcDbPolyline
 90
20
 70
0
 43
0.000000
 10
0.374382
 20
-7.599125
 10
0.374328
 20
-7.599176
 10
0.374274
 20
-7.599227
 10
0.374219
 20
-7.599278
 10
0.374165
 20
-7.599329
 10
0.374111
 20
-7.599380
 10
0.374056
 20
-7.599430
 10
0.374001
 20
-7.599480
 10
0.373947
 20
-7.599530
 10
0.373892
 20
-7.599580
 10
0.373836
 20
-7.599629
 10
0.373781
 20
-7.599678
 10
0.373725
 20
-7.599727
 10
0.373670
 20
-7.599775
 10
0.373614
 20
-7.599824
 10
0.373557
 20
-7.599872
 10
0.373501
 20
-7.599919
 10
0.373444
 20
-7.599967
 10
0.373386
 20
-7.600014
 10
0.373329
 20
-7.600061
  0
LWPOLYLINE
  5
59b
330
1F
100
AcDbEntity
  8
Polycam-Floor_1-Objects-Furniture
 62
45
420
11711154
100
AcDbPolyline
 90
20
 70
0
 43
0.000000
 10
0.373329
 20
-7.600061
 10
0.373276
 20
-7.600104
 10
0.373223
 20
-7.600147
 10
0.373170
 20
-7.600190
 10
0.373116
 20
-7.600232
 10
0.373063
 20
-7.600275
 10
0.373009
 20
-7.600317
 10
0.372956
 20
-7.600359
 10
0.372902
 20
-7.600400
 10
0.372848
 20
-7.600441
 10
0.372793
 20
-7.600482
 10
0.372739
 20
-7.600523
 10
0.372685
 20
-7.600564
 10
0.372630
 20
-7.600604
 10
0.372575
 20
-7.600643
 10
0.372520
 20
-7.600683
 10
0.372465
 20
-7.600722
 10
0.372410
 20
-7.600761
 10
0.372354
 20
-7.600799
 10
0.372299
 20
-7.600837
  0
LWPOLYLINE
  5
59c
330
1F
100
AcDbEntity
  8
Polycam-Floor_1-Objects-Furniture
 62
45
420
11711154
100
AcDbPolyline
 90
20
 70
0
 43
0.000000
 10
0.372299
 20
-7.600837
 10
0.372251
 20
-7.600870
 10
0.372203
 20
-7.600903
 10
0.372155
 20
-7.600935
 10
0.372107
 20
-7.600968
 10
0.372059
 20
-7.601000
 10
0.372011
 20
-7.601032
 10
0.371962
 20
-7.601063
 10
0.371914
 20
-7.601095
 10
0.371865
 20
-7.601126
 10
0.371817
 20
-7.601157
 10
0.371768
 20
-7.601187
 10
0.371719
 20
-7.601218
 10
0.371670
 20
-7.601248
 10
0.371621
 20
-7.601278
 10
0.371572
 20
-7.601307
 10
0.371522
 20
-7.601337
 10
0.371473
 20
-7.601366
 10
0.371423
 20
-7.601395
 10
0.371373
 20
-7.601423
  0
LWPOLYLINE
  5
59d
330
1F
100
AcDbEntity
  8
Polycam-Floor_1-Objects-Furniture
 62
45
420
11711154
100
AcDbPolyline
 90
20
 70
0
 43
0.000000
 10
0.371373
 20
-7.601423
 10
0.371335
 20
-7.601445
 10
0.371298
 20
-7.601466
 10
0.371260
 20
-7.601487
 10
0.371222
 20
-7.601508
 10
0.371185
 20
-7.601529
 10
0.371147
 20
-7.601550
 10
0.371109
 20
-7.601570
 10
0.371071
 20
-7.601590
 10
0.371033
 20
-7.601610
 10
0.370995
 20
-7.601630
 10
0.370957
 20
-7.601650
 10
0.370918
 20
-7.601670
 10
0.370880
 20
-7.601689
 10
0.370842
 20
-7.601708
 10
0.370804
 20
-7.601727
 10
0.370765
 20
-7.601746
 10
0.370727
 20
-7.601765
 10
0.370688
 20
-7.601784
 10
0.370650
 20
-7.601803
  0
LWPOLYLINE
  5
59e
330
1F
100
AcDbEntity
  8
Polycam-Floor_1-Objects-Furniture
 62
45
420
11711154
100
AcDbPolyline
 90
20
 70
0
 43
0.000000
 10
0.370650
 20
-7.601803
 10
0.370611
 20
-7.601821
 10
0.370571
 20
-7.601839
 10
0.370532
 20
-7.601857
 10
0.370493
 20
-7.601874
 10
0.370454
 20
-7.601892
 10
0.370414
 20
-7.601910
 10
0.370375
 20
-7.601928
 10
0.370335
 20
-7.601945
 10
0.370296
 20
-7.601963
 10
0.370257
 20
-7.601980
 10
0.370217
 20
-7.601998
 10
0.370177
 20
-7.602015
 10
0.370138
 20
-7.602032
 10
0.370098
 20
-7.602049
 10
0.370058
 20
-7.602066
 10
0.370018
 20
-7.602083
 10
0.369978
 20
-7.602100
 10
0.369937
 20
-7.602116
 10
0.369897
 20
-7.602133
  0
LWPOLYLINE
  5
59f
330
1F
100
AcDbEntity
  8
Polycam-Floor_1-Objects-Furniture
 62
45
420
11711154
100
AcDbPolyline
 90
20
 70
0
 43
0.000000
 10
0.369897
 20
-7.602133
 10
0.369844
 20
-7.602153
 10
0.369790
 20
-7.602174
 10
0.369736
 20
-7.602194
 10
0.369682
 20
-7.602214
 10
0.369628
 20
-7.602234
 10
0.369574
 20
-7.602253
 10
0.369520
 20
-7.602272
 10
0.369465
 20
-7.602291
 10
0.369410
 20
-7.602309
 10
0.369355
 20
-7.602328
 10
0.369300
 20
-7.602346
 10
0.369245
 20
-7.602363
 10
0.369190
 20
-7.602381
 10
0.369134
 20
-7.602398
 10
0.369079
 20
-7.602414
 10
0.369023
 20
-7.602431
 10
0.368967
 20
-7.602447
 10
0.368911
 20
-7.602463
 10
0.368855
 20
-7.602478
  0
LWPOLYLINE
  5
5a0
330
1F
100
AcDbEntity
  8
Polycam-Floor_1-Objects-Furniture
 62
45
420
11711154
100
AcDbPolyline
 90
20
 70
0
 43
0.000000
 10
0.368855
 20
-7.602478
 10
0.366665
 20
-7.603004
 10
0.364568
 20
-7.603363
 10
0.362566
 20
-7.603557
 10
0.360663
 20
-7.603587
 10
0.358859
 20
-7.603454
 10
0.357158
 20
-7.603158
 10
0.355561
 20
-7.602700
 10
0.354072
 20
-7.602081
 10
0.352692
 20
-7.601303
 10
0.351424
 20
-7.600366
 10
0.350270
 20
-7.599271
 10
0.349232
 20
-7.598018
 10
0.348314
 20
-7.596610
 10
0.347516
 20
-7.595046
 10
0.346841
 20
-7.593327
 10
0.346292
 20
-7.591455
 10
0.345872
 20
-7.589431
 10
0.345581
 20
-7.587254
 10
0.345424
 20
-7.584927
  0
LWPOLYLINE
  5
5a1
330
1F
100
AcDbEntity
  8
Polycam-Floor_1-Objects-Furniture
 62
45
420
11711154
100
AcDbPolyline
 90
20
 70
0
 43
0.000000
 10
0.375105
 20
-7.540674
 10
0.377184
 20
-7.541345
 10
0.379276
 20
-7.541978
 10
0.381381
 20
-7.542572
 10
0.383499
 20
-7.543129
 10
0.385626
 20
-7.543651
 10
0.387763
 20
-7.544136
 10
0.389908
 20
-7.544587
 10
0.392060
 20
-7.545005
 10
0.394218
 20
-7.545389
 10
0.396380
 20
-7.545742
 10
0.398546
 20
-7.546063
 10
0.400714
 20
-7.546353
 10
0.402883
 20
-7.546614
 10
0.405052
 20
-7.546845
 10
0.407219
 20
-7.547049
 10
0.409384
 20
-7.547226
 10
0.411546
 20
-7.547376
 10
0.413702
 20
-7.547500
 10
0.415852
 20
-7.547599
  0
LWPOLYLINE
  5
5a2
330
1F
100
AcDbEntity
  8
Polycam-Floor_1-Objects-Furniture
 62
45
420
11711154
100
AcDbPolyline
 90
20
 70
0
 43
0.000000
 10
0.448044
 20
-7.526857
 10
0.447808
 20
-7.526882
 10
0.447120
 20
-7.526949
 10
0.446010
 20
-7.527049
 10
0.444506
 20
-7.527174
 10
0.442639
 20
-7.527315
 10
0.440438
 20
-7.527464
 10
0.437932
 20
-7.527610
 10
0.435151
 20
-7.527745
 10
0.432124
 20
-7.527861
 10
0.428880
 20
-7.527949
 10
0.425450
 20
-7.527999
 10
0.421862
 20
-7.528002
 10
0.418146
 20
-7.527951
 10
0.414331
 20
-7.527835
 10
0.410448
 20
-7.527646
 10
0.406525
 20
-7.527376
 10
0.402591
 20
-7.527015
 10
0.398677
 20
-7.526554
 10
0.394812
 20
-7.525985
  0
LWPOLYLINE
  5
5a3
330
1F
100
AcDbEntity
  8
Polycam-Floor_1-Objects-Furniture
 62
45
420
11711154
100
AcDbPolyline
 90
20
 70
0
 43
0.000000
 10
0.625323
 20
-7.135337
 10
0.624248
 20
-7.133024
 10
0.623294
 20
-7.130806
 10
0.622461
 20
-7.128677
 10
0.621749
 20
-7.126633
 10
0.621159
 20
-7.124667
 10
0.620691
 20
-7.122775
 10
0.620346
 20
-7.120951
 10
0.620123
 20
-7.119191
 10
0.620024
 20
-7.117488
 10
0.620048
 20
-7.115838
 10
0.620196
 20
-7.114235
 10
0.620468
 20
-7.112674
 10
0.620865
 20
-7.111151
 10
0.621386
 20
-7.109658
 10
0.622033
 20
-7.108192
 10
0.622806
 20
-7.106747
 10
0.623705
 20
-7.105318
 10
0.624730
 20
-7.103900
 10
0.625882
 20
-7.102487
  0
LWPOLYLINE
  5
5a4
330
1F
100
AcDbEntity
  8
Polycam-Floor_1-Objects-Furniture
 62
45
420
11711154
100
AcDbPolyline
 90
20
 70
0
 43
0.000000
 10
0.625882
 20
-7.102487
 10
0.626286
 20
-7.102024
 10
0.626704
 20
-7.101562
 10
0.627135
 20
-7.101099
 10
0.627580
 20
-7.100635
 10
0.628038
 20
-7.100171
 10
0.628510
 20
-7.099706
 10
0.628996
 20
-7.099239
 10
0.629495
 20
-7.098772
 10
0.630009
 20
-7.098303
 10
0.630536
 20
-7.097832
 10
0.631076
 20
-7.097360
 10
0.631631
 20
-7.096886
 10
0.632199
 20
-7.096409
 10
0.632781
 20
-7.095931
 10
0.633377
 20
-7.095449
 10
0.633987
 20
-7.094965
 10
0.634610
 20
-7.094479
 10
0.635248
 20
-7.093989
 10
0.635899
 20
-7.093496
  0
LWPOLYLINE
  5
5a5
330
1F
100
AcDbEntity
  8
Polycam-Floor_1-Objects-Furniture
 62
45
420
11711154
100
AcDbPolyline
 90
20
 70
0
 43
0.000000
 10
0.642488
 20
-7.088537
 10
0.645521
 20
-7.086352
 10
0.648389
 20
-7.084483
 10
0.651105
 20
-7.082920
 10
0.653682
 20
-7.081650
 10
0.656134
 20
-7.080662
 10
0.658474
 20
-7.079944
 10
0.660714
 20
-7.079484
 10
0.662870
 20
-7.079270
 10
0.664952
 20
-7.079292
 10
0.666976
 20
-7.079536
 10
0.668955
 20
-7.079991
 10
0.670901
 20
-7.080646
 10
0.672827
 20
-7.081488
 10
0.674749
 20
-7.082507
 10
0.676677
 20
-7.083690
 10
0.678627
 20
-7.085025
 10
0.680611
 20
-7.086502
 10
0.682642
 20
-7.088107
 10
0.684734
 20
-7.089830
  0
LWPOLYLINE
  5
5a6
330
1F
100
AcDbEntity
  8
Polycam-Floor_1-Objects-Furniture
 62
45
420
11711154
100
AcDbPolyline
 90
20
 70
0
 43
0.000000
 10
0.684734
 20
-7.089830
 10
0.685430
 20
-7.090421
 10
0.686117
 20
-7.091022
 10
0.686795
 20
-7.091633
 10
0.687464
 20
-7.092254
 10
0.688123
 20
-7.092884
 10
0.688773
 20
-7.093524
 10
0.689412
 20
-7.094174
 10
0.690043
 20
-7.094833
 10
0.690663
 20
-7.095501
 10
0.691273
 20
-7.096178
 10
0.691873
 20
-7.096865
 10
0.692463
 20
-7.097560
 10
0.693043
 20
-7.098264
 10
0.693613
 20
-7.098977
 10
0.694171
 20
-7.099698
 10
0.694720
 20
-7.100428
 10
0.695257
 20
-7.101166
 10
0.695784
 20
-7.101912
 10
0.696299
 20
-7.102666
  0
LWPOLYLINE
  5
5a7
330
1F
100
AcDbEntity
  8
Polycam-Floor_1-Objects-Furniture
 62
45
420
11711154
100
AcDbPolyline
 90
20
 70
0
 43
0.000000
 10
0.781268
 20
-7.228855
 10
0.781582
 20
-7.229310
 10
0.781856
 20
-7.229780
 10
0.782090
 20
-7.230265
 10
0.782284
 20
-7.230761
 10
0.782439
 20
-7.231266
 10
0.782554
 20
-7.231778
 10
0.782631
 20
-7.232295
 10
0.782669
 20
-7.232814
 10
0.782669
 20
-7.233333
 10
0.782631
 20
-7.233850
 10
0.782555
 20
-7.234362
 10
0.782442
 20
-7.234867
 10
0.782293
 20
-7.235362
 10
0.782106
 20
-7.235846
 10
0.781884
 20
-7.236317
 10
0.781625
 20
-7.236770
 10
0.781331
 20
-7.237206
 10
0.781002
 20
-7.237620
 10
0.780637
 20
-7.238012
  0
LWPOLYLINE
  5
5a8
330
1F
100
AcDbEntity
  8
Polycam-Floor_1-Objects-Furniture
 62
45
420
11711154
100
AcDbPolyline
 90
20
 70
0
 43
0.000000
 10
0.780637
 20
-7.238012
 10
0.780602
 20
-7.238047
 10
0.780567
 20
-7.238082
 10
0.780531
 20
-7.238116
 10
0.780494
 20
-7.238150
 10
0.780458
 20
-7.238185
 10
0.780421
 20
-7.238218
 10
0.780384
 20
-7.238252
 10
0.780347
 20
-7.238286
 10
0.780309
 20
-7.238319
 10
0.780271
 20
-7.238352
 10
0.780233
 20
-7.238385
 10
0.780194
 20
-7.238417
 10
0.780156
 20
-7.238449
 10
0.780116
 20
-7.238482
 10
0.780077
 20
-7.238513
 10
0.780037
 20
-7.238545
 10
0.779997
 20
-7.238576
 10
0.779956
 20
-7.238607
 10
0.779915
 20
-7.238638
  0
LWPOLYLINE
  5
5a9
330
1F
100
AcDbEntity
  8
Polycam-Floor_1-Objects-Furniture
 62
45
420
11711154
100
AcDbPolyline
 90
20
 70
0
 43
0.000000
 10
0.740565
 20
-7.268250
 10
0.740251
 20
-7.268472
 10
0.739930
 20
-7.268674
 10
0.739600
 20
-7.268856
 10
0.739265
 20
-7.269019
 10
0.738923
 20
-7.269162
 10
0.738576
 20
-7.269286
 10
0.738224
 20
-7.269390
 10
0.737869
 20
-7.269476
 10
0.737512
 20
-7.269542
 10
0.737152
 20
-7.269590
 10
0.736791
 20
-7.269618
 10
0.736429
 20
-7.269629
 10
0.736068
 20
-7.269620
 10
0.735707
 20
-7.269593
 10
0.735349
 20
-7.269548
 10
0.734993
 20
-7.269484
 10
0.734640
 20
-7.269403
 10
0.734292
 20
-7.269303
 10
0.733949
 20
-7.269186
  0
LWPOLYLINE
  5
5aa
330
1F
100
AcDbEntity
  8
Polycam-Floor_1-Objects-Furniture
 62
45
420
11711154
100
AcDbPolyline
 90
20
 70
0
 43
0.000000
 10
0.733949
 20
-7.269186
 10
0.733758
 20
-7.269112
 10
0.733569
 20
-7.269032
 10
0.733382
 20
-7.268947
 10
0.733197
 20
-7.268856
 10
0.733015
 20
-7.268759
 10
0.732835
 20
-7.268657
 10
0.732658
 20
-7.268549
 10
0.732483
 20
-7.268436
 10
0.732312
 20
-7.268318
 10
0.732144
 20
-7.268193
 10
0.731979
 20
-7.268064
 10
0.731817
 20
-7.267928
 10
0.731659
 20
-7.267788
 10
0.731504
 20
-7.267642
 10
0.731354
 20
-7.267491
 10
0.731207
 20
-7.267334
 10
0.731064
 20
-7.267172
 10
0.730926
 20
-7.267005
 10
0.730792
 20
-7.266832
  0
LWPOLYLINE
  5
5ab
330
1F
100
AcDbEntity
  8
Polycam-Floor_1-Objects-Furniture
 62
45
420
11711154
100
AcDbPolyline
 90
20
 70
0
 43
0.000000
 10
0.633060
 20
-7.147438
 10
0.632546
 20
-7.146802
 10
0.632047
 20
-7.146169
 10
0.631560
 20
-7.145536
 10
0.631087
 20
-7.144904
 10
0.630627
 20
-7.144272
 10
0.630179
 20
-7.143641
 10
0.629743
 20
-7.143010
 10
0.629319
 20
-7.142379
 10
0.628906
 20
-7.141747
 10
0.628504
 20
-7.141114
 10
0.628113
 20
-7.140480
 10
0.627732
 20
-7.139845
 10
0.627361
 20
-7.139208
 10
0.626999
 20
-7.138569
 10
0.626647
 20
-7.137928
 10
0.626303
 20
-7.137285
 10
0.625969
 20
-7.136639
 10
0.625642
 20
-7.135989
 10
0.625323
 20
-7.135337
  0
LWPOLYLINE
  5
5ac
330
1F
100
AcDbEntity
  8
Polycam-Floor_1-Objects-Furniture
 62
45
420
11711154
100
AcDbPolyline
 90
20
 70
0
 43
0.000000
 10
0.739976
 20
-7.352413
 10
0.740208
 20
-7.350215
 10
0.740420
 20
-7.348003
 10
0.740610
 20
-7.345776
 10
0.740778
 20
-7.343534
 10
0.740924
 20
-7.341277
 10
0.741048
 20
-7.339005
 10
0.741148
 20
-7.336719
 10
0.741226
 20
-7.334417
 10
0.741280
 20
-7.332101
 10
0.741310
 20
-7.329770
 10
0.741315
 20
-7.327424
 10
0.741296
 20
-7.325064
 10
0.741252
 20
-7.322689
 10
0.741183
 20
-7.320299
 10
0.741088
 20
-7.317894
 10
0.740967
 20
-7.315475
 10
0.740819
 20
-7.313041
 10
0.740645
 20
-7.310592
 10
0.740443
 20
-7.308129
  0
LWPOLYLINE
  5
5ad
330
1F
100
AcDbEntity
  8
Polycam-Floor_1-Objects-Furniture
 62
45
420
11711154
100
AcDbPolyline
 90
20
 70
0
 43
0.000000
 10
0.740448
 20
-7.308125
 10
0.740597
 20
-7.307751
 10
0.740766
 20
-7.307325
 10
0.740953
 20
-7.306850
 10
0.741158
 20
-7.306325
 10
0.741379
 20
-7.305754
 10
0.741617
 20
-7.305136
 10
0.741869
 20
-7.304473
 10
0.742136
 20
-7.303767
 10
0.742416
 20
-7.303019
 10
0.742708
 20
-7.302229
 10
0.743012
 20
-7.301400
 10
0.743327
 20
-7.300532
 10
0.743652
 20
-7.299627
 10
0.743987
 20
-7.298687
 10
0.744329
 20
-7.297711
 10
0.744679
 20
-7.296702
 10
0.745036
 20
-7.295661
 10
0.745398
 20
-7.294590
 10
0.745765
 20
-7.293489
  0
LWPOLYLINE
  5
5ae
330
1F
100
AcDbEntity
  8
Polycam-Floor_1-Objects-Furniture
 62
45
420
11711154
100
AcDbPolyline
 90
20
 70
0
 43
0.000000
 10
0.739113
 20
-7.296118
 10
0.738920
 20
-7.294739
 10
0.738719
 20
-7.293356
 10
0.738509
 20
-7.291968
 10
0.738291
 20
-7.290576
 10
0.738064
 20
-7.289180
 10
0.737829
 20
-7.287779
 10
0.737585
 20
-7.286374
 10
0.737331
 20
-7.284965
 10
0.737070
 20
-7.283552
 10
0.736799
 20
-7.282135
 10
0.736519
 20
-7.280713
 10
0.736230
 20
-7.279287
 10
0.735932
 20
-7.277857
 10
0.735624
 20
-7.276422
 10
0.735308
 20
-7.274984
 10
0.734982
 20
-7.273541
 10
0.734647
 20
-7.272093
 10
0.734303
 20
-7.270642
 10
0.733949
 20
-7.269186
  0
LWPOLYLINE
  5
5af
330
1F
100
AcDbEntity
  8
Polycam-Floor_1-Objects-Furniture
 62
45
420
11711154
100
AcDbPolyline
 90
20
 70
0
 43
0.000000
 10
0.733949
 20
-7.269186
 10
0.734292
 20
-7.269303
 10
0.734640
 20
-7.269403
 10
0.734993
 20
-7.269484
 10
0.735349
 20
-7.269548
 10
0.735707
 20
-7.269593
 10
0.736068
 20
-7.269620
 10
0.736429
 20
-7.269629
 10
0.736791
 20
-7.269618
 10
0.737152
 20
-7.269590
 10
0.737512
 20
-7.269542
 10
0.737869
 20
-7.269476
 10
0.738224
 20
-7.269390
 10
0.738576
 20
-7.269286
 10
0.738923
 20
-7.269162
 10
0.739265
 20
-7.269019
 10
0.739600
 20
-7.268856
 10
0.739930
 20
-7.268674
 10
0.740251
 20
-7.268472
 10
0.740565
 20
-7.268250
  0
LWPOLYLINE
  5
5b0
330
1F
100
AcDbEntity
  8
Polycam-Floor_1-Objects-Furniture
 62
45
420
11711154
100
AcDbPolyline
 90
20
 70
0
 43
0.000000
 10
0.779915
 20
-7.238638
 10
0.779956
 20
-7.238607
 10
0.779997
 20
-7.238576
 10
0.780037
 20
-7.238545
 10
0.780077
 20
-7.238513
 10
0.780116
 20
-7.238482
 10
0.780156
 20
-7.238449
 10
0.780194
 20
-7.238417
 10
0.780233
 20
-7.238385
 10
0.780271
 20
-7.238352
 10
0.780309
 20
-7.238319
 10
0.780347
 20
-7.238286
 10
0.780384
 20
-7.238252
 10
0.780421
 20
-7.238218
 10
0.780458
 20
-7.238185
 10
0.780494
 20
-7.238150
 10
0.780531
 20
-7.238116
 10
0.780567
 20
-7.238082
 10
0.780602
 20
-7.238047
 10
0.780637
 20
-7.238012
  0
LWPOLYLINE
  5
5b1
330
1F
100
AcDbEntity
  8
Polycam-Floor_1-Objects-Furniture
 62
45
420
11711154
100
AcDbPolyline
 90
20
 70
0
 43
0.000000
 10
0.816357
 20
-7.228328
 10
0.816389
 20
-7.228319
 10
0.816422
 20
-7.228310
 10
0.816454
 20
-7.228301
 10
0.816487
 20
-7.228292
 10
0.816519
 20
-7.228283
 10
0.816552
 20
-7.228274
 10
0.816584
 20
-7.228265
 10
0.816617
 20
-7.228256
 10
0.816650
 20
-7.228246
 10
0.816683
 20
-7.228237
 10
0.816716
 20
-7.228228
 10
0.816749
 20
-7.228219
 10
0.816782
 20
-7.228210
 10
0.816815
 20
-7.228201
 10
0.816849
 20
-7.228192
 10
0.816882
 20
-7.228183
 10
0.816915
 20
-7.228174
 10
0.816949
 20
-7.228166
 10
0.816983
 20
-7.228157
  0
LWPOLYLINE
  5
5b2
330
1F
100
AcDbEntity
  8
Polycam-Floor_1-Objects-Furniture
 62
45
420
11711154
100
AcDbPolyline
 90
20
 70
0
 43
0.000000
 10
0.816983
 20
-7.228157
 10
0.817135
 20
-7.228118
 10
0.817288
 20
-7.228080
 10
0.817441
 20
-7.228043
 10
0.817595
 20
-7.228006
 10
0.817748
 20
-7.227971
 10
0.817903
 20
-7.227936
 10
0.818057
 20
-7.227902
 10
0.818212
 20
-7.227869
 10
0.818367
 20
-7.227837
 10
0.818522
 20
-7.227805
 10
0.818678
 20
-7.227775
 10
0.818833
 20
-7.227745
 10
0.818989
 20
-7.227717
 10
0.819145
 20
-7.227689
 10
0.819301
 20
-7.227663
 10
0.819457
 20
-7.227637
 10
0.819613
 20
-7.227612
 10
0.819769
 20
-7.227589
 10
0.819926
 20
-7.227566
  0
LWPOLYLINE
  5
5b3
330
1F
100
AcDbEntity
  8
Polycam-Floor_1-Objects-Furniture
 62
45
420
11711154
100
AcDbPolyline
 90
20
 70
0
 43
0.000000
 10
0.819926
 20
-7.227566
 10
0.819956
 20
-7.227562
 10
0.819987
 20
-7.227558
 10
0.820018
 20
-7.227554
 10
0.820049
 20
-7.227550
 10
0.820080
 20
-7.227546
 10
0.820110
 20
-7.227542
 10
0.820141
 20
-7.227538
 10
0.820172
 20
-7.227535
 10
0.820202
 20
-7.227531
 10
0.820233
 20
-7.227527
 10
0.820264
 20
-7.227524
 10
0.820295
 20
-7.227520
 10
0.820325
 20
-7.227517
 10
0.820356
 20
-7.227513
 10
0.820387
 20
-7.227510
 10
0.820417
 20
-7.227507
 10
0.820448
 20
-7.227504
 10
0.820478
 20
-7.227501
 10
0.820509
 20
-7.227498
  0
LWPOLYLINE
  5
5b4
330
1F
100
AcDbEntity
  8
Polycam-Floor_1-Objects-Furniture
 62
45
420
11711154
100
AcDbPolyline
 90
20
 70
0
 43
0.000000
 10
0.820509
 20
-7.227498
 10
0.820536
 20
-7.227495
 10
0.820564
 20
-7.227491
 10
0.820591
 20
-7.227488
 10
0.820618
 20
-7.227484
 10
0.820646
 20
-7.227481
 10
0.820674
 20
-7.227478
 10
0.820701
 20
-7.227475
 10
0.820729
 20
-7.227472
 10
0.820757
 20
-7.227469
 10
0.820784
 20
-7.227467
 10
0.820812
 20
-7.227464
 10
0.820840
 20
-7.227461
 10
0.820867
 20
-7.227459
 10
0.820895
 20
-7.227456
 10
0.820922
 20
-7.227454
 10
0.820950
 20
-7.227452
 10
0.820977
 20
-7.227449
 10
0.821004
 20
-7.227447
 10
0.821031
 20
-7.227444
  0
LWPOLYLINE
  5
5b5
330
1F
100
AcDbEntity
  8
Polycam-Floor_1-Objects-Furniture
 62
45
420
11711154
100
AcDbPolyline
 90
20
 70
0
 43
0.000000
 10
0.821031
 20
-7.227444
 10
0.821050
 20
-7.227443
 10
0.821069
 20
-7.227441
 10
0.821088
 20
-7.227440
 10
0.821107
 20
-7.227438
 10
0.821126
 20
-7.227437
 10
0.821145
 20
-7.227435
 10
0.821163
 20
-7.227434
 10
0.821182
 20
-7.227432
 10
0.821201
 20
-7.227431
 10
0.821220
 20
-7.227429
 10
0.821239
 20
-7.227428
 10
0.821258
 20
-7.227426
 10
0.821277
 20
-7.227425
 10
0.821296
 20
-7.227423
 10
0.821315
 20
-7.227422
 10
0.821334
 20
-7.227420
 10
0.821353
 20
-7.227419
 10
0.821371
 20
-7.227417
 10
0.821390
 20
-7.227416
  0
LWPOLYLINE
  5
5b6
330
1F
100
AcDbEntity
  8
Polycam-Floor_1-Objects-Furniture
 62
45
420
11711154
100
AcDbPolyline
 90
20
 70
0
 43
0.000000
 10
0.821390
 20
-7.227416
 10
0.821520
 20
-7.227409
 10
0.821650
 20
-7.227403
 10
0.821779
 20
-7.227398
 10
0.821909
 20
-7.227394
 10
0.822038
 20
-7.227391
 10
0.822168
 20
-7.227389
 10
0.822297
 20
-7.227387
 10
0.822426
 20
-7.227387
 10
0.822555
 20
-7.227389
 10
0.822684
 20
-7.227391
 10
0.822813
 20
-7.227395
 10
0.822942
 20
-7.227399
 10
0.823071
 20
-7.227406
 10
0.823200
 20
-7.227413
 10
0.823328
 20
-7.227422
 10
0.823456
 20
-7.227432
 10
0.823585
 20
-7.227444
 10
0.823713
 20
-7.227457
 10
0.823841
 20
-7.227472
  0
LWPOLYLINE
  5
5b7
330
1F
100
AcDbEntity
  8
Polycam-Floor_1-Objects-Furniture
 62
45
420
11711154
100
AcDbPolyline
 90
20
 70
0
 43
0.000000
 10
0.823841
 20
-7.227472
 10
0.823852
 20
-7.227472
 10
0.823864
 20
-7.227472
 10
0.823875
 20
-7.227473
 10
0.823886
 20
-7.227474
 10
0.823898
 20
-7.227475
 10
0.823909
 20
-7.227476
 10
0.823921
 20
-7.227477
 10
0.823932
 20
-7.227478
 10
0.823943
 20
-7.227479
 10
0.823955
 20
-7.227480
 10
0.823966
 20
-7.227482
 10
0.823977
 20
-7.227483
 10
0.823988
 20
-7.227485
 10
0.824000
 20
-7.227486
 10
0.824011
 20
-7.227488
 10
0.824022
 20
-7.227490
 10
0.824033
 20
-7.227491
 10
0.824045
 20
-7.227493
 10
0.824056
 20
-7.227495
  0
LWPOLYLINE
  5
5b8
330
1F
100
AcDbEntity
  8
Polycam-Floor_1-Objects-Furniture
 62
45
420
11711154
100
AcDbPolyline
 90
20
 70
0
 43
0.000000
 10
0.824056
 20
-7.227495
 10
0.824189
 20
-7.227512
 10
0.824322
 20
-7.227530
 10
0.824455
 20
-7.227551
 10
0.824588
 20
-7.227573
 10
0.824720
 20
-7.227596
 10
0.824852
 20
-7.227621
 10
0.824983
 20
-7.227648
 10
0.825114
 20
-7.227676
 10
0.825245
 20
-7.227706
 10
0.825376
 20
-7.227737
 10
0.825506
 20
-7.227770
 10
0.825635
 20
-7.227805
 10
0.825765
 20
-7.227842
 10
0.825894
 20
-7.227880
 10
0.826023
 20
-7.227920
 10
0.826151
 20
-7.227962
 10
0.826279
 20
-7.228005
 10
0.826406
 20
-7.228050
 10
0.826533
 20
-7.228097
  0
LWPOLYLINE
  5
5b9
330
1F
100
AcDbEntity
  8
Polycam-Floor_1-Objects-Furniture
 62
45
420
11711154
100
AcDbPolyline
 90
20
 70
0
 43
0.000000
 10
0.826533
 20
-7.228097
 10
0.828621
 20
-7.228962
 10
0.830537
 20
-7.229907
 10
0.832277
 20
-7.230928
 10
0.833842
 20
-7.232025
 10
0.835230
 20
-7.233194
 10
0.836440
 20
-7.234433
 10
0.837469
 20
-7.235741
 10
0.838318
 20
-7.237116
 10
0.838983
 20
-7.238555
 10
0.839465
 20
-7.240057
 10
0.839761
 20
-7.241618
 10
0.839871
 20
-7.243238
 10
0.839792
 20
-7.244913
 10
0.839524
 20
-7.246643
 10
0.839065
 20
-7.248424
 10
0.838414
 20
-7.250256
 10
0.837569
 20
-7.252134
 10
0.836529
 20
-7.254059
 10
0.835293
 20
-7.256027
  0
LWPOLYLINE
  5
5ba
330
1F
100
AcDbEntity
  8
Polycam-Floor_1-Objects-Furniture
 62
45
420
11711154
100
AcDbPolyline
 90
20
 70
0
 43
0.000000
 10
0.835293
 20
-7.256027
 10
0.835170
 20
-7.256206
 10
0.835042
 20
-7.256381
 10
0.834910
 20
-7.256553
 10
0.834773
 20
-7.256720
 10
0.834633
 20
-7.256884
 10
0.834489
 20
-7.257045
 10
0.834342
 20
-7.257202
 10
0.834190
 20
-7.257355
 10
0.834036
 20
-7.257505
 10
0.833878
 20
-7.257652
 10
0.833717
 20
-7.257795
 10
0.833552
 20
-7.257936
 10
0.833385
 20
-7.258073
 10
0.833215
 20
-7.258207
 10
0.833042
 20
-7.258339
 10
0.832866
 20
-7.258468
 10
0.832688
 20
-7.258593
 10
0.832508
 20
-7.258717
 10
0.832325
 20
-7.258837
  0
LWPOLYLINE
  5
5bb
330
1F
100
AcDbEntity
  8
Polycam-Floor_1-Objects-Furniture
 62
45
420
11711154
100
AcDbPolyline
 90
20
 70
0
 43
0.000000
 10
0.832325
 20
-7.258837
 10
0.832301
 20
-7.258854
 10
0.832277
 20
-7.258870
 10
0.832253
 20
-7.258886
 10
0.832229
 20
-7.258902
 10
0.832205
 20
-7.258918
 10
0.832181
 20
-7.258933
 10
0.832157
 20
-7.258949
 10
0.832132
 20
-7.258964
 10
0.832108
 20
-7.258979
 10
0.832084
 20
-7.258995
 10
0.832060
 20
-7.259010
 10
0.832035
 20
-7.259025
 10
0.832011
 20
-7.259040
 10
0.831986
 20
-7.259056
 10
0.831962
 20
-7.259071
 10
0.831938
 20
-7.259086
 10
0.831913
 20
-7.259102
 10
0.831889
 20
-7.259117
 10
0.831864
 20
-7.259133
  0
LWPOLYLINE
  5
5bc
330
1F
100
AcDbEntity
  8
Polycam-Floor_1-Objects-Furniture
 62
45
420
11711154
100
AcDbPolyline
 90
20
 70
0
 43
0.000000
 10
0.831864
 20
-7.259133
 10
0.831860
 20
-7.259135
 10
0.831855
 20
-7.259138
 10
0.831851
 20
-7.259140
 10
0.831846
 20
-7.259142
 10
0.831842
 20
-7.259145
 10
0.831837
 20
-7.259147
 10
0.831833
 20
-7.259150
 10
0.831829
 20
-7.259152
 10
0.831825
 20
-7.259155
 10
0.831821
 20
-7.259157
 10
0.831817
 20
-7.259160
 10
0.831813
 20
-7.259162
 10
0.831809
 20
-7.259164
 10
0.831805
 20
-7.259166
 10
0.831801
 20
-7.259169
 10
0.831797
 20
-7.259171
 10
0.831793
 20
-7.259173
 10
0.831789
 20
-7.259174
 10
0.831785
 20
-7.259176
  0
LWPOLYLINE
  5
5bd
330
1F
100
AcDbEntity
  8
Polycam-Floor_1-Objects-Furniture
 62
45
420
11711154
100
AcDbPolyline
 90
20
 70
0
 43
0.000000
 10
0.831785
 20
-7.259176
 10
0.831762
 20
-7.259190
 10
0.831738
 20
-7.259203
 10
0.831715
 20
-7.259217
 10
0.831691
 20
-7.259231
 10
0.831668
 20
-7.259245
 10
0.831644
 20
-7.259258
 10
0.831621
 20
-7.259272
 10
0.831597
 20
-7.259285
 10
0.831574
 20
-7.259299
 10
0.831550
 20
-7.259312
 10
0.831527
 20
-7.259326
 10
0.831503
 20
-7.259339
 10
0.831480
 20
-7.259352
 10
0.831456
 20
-7.259365
 10
0.831433
 20
-7.259378
 10
0.831410
 20
-7.259391
 10
0.831386
 20
-7.259403
 10
0.831363
 20
-7.259416
 10
0.831339
 20
-7.259428
  0
LWPOLYLINE
  5
5be
330
1F
100
AcDbEntity
  8
Polycam-Floor_1-Objects-Furniture
 62
45
420
11711154
100
AcDbPolyline
 90
20
 70
0
 43
0.000000
 10
0.831339
 20
-7.259428
 10
0.831328
 20
-7.259435
 10
0.831317
 20
-7.259442
 10
0.831306
 20
-7.259449
 10
0.831295
 20
-7.259456
 10
0.831283
 20
-7.259462
 10
0.831272
 20
-7.259469
 10
0.831261
 20
-7.259475
 10
0.831249
 20
-7.259482
 10
0.831238
 20
-7.259488
 10
0.831226
 20
-7.259495
 10
0.831215
 20
-7.259501
 10
0.831203
 20
-7.259507
 10
0.831192
 20
-7.259514
 10
0.831180
 20
-7.259520
 10
0.831168
 20
-7.259526
 10
0.831157
 20
-7.259532
 10
0.831145
 20
-7.259539
 10
0.831133
 20
-7.259545
 10
0.831122
 20
-7.259551
  0
LWPOLYLINE
  5
5bf
330
1F
100
AcDbEntity
  8
Polycam-Floor_1-Objects-Furniture
 62
45
420
11711154
100
AcDbPolyline
 90
20
 70
0
 43
0.000000
 10
0.831122
 20
-7.259551
 10
0.831091
 20
-7.259567
 10
0.831061
 20
-7.259583
 10
0.831030
 20
-7.259600
 10
0.831000
 20
-7.259616
 10
0.830969
 20
-7.259632
 10
0.830939
 20
-7.259648
 10
0.830908
 20
-7.259663
 10
0.830877
 20
-7.259679
 10
0.830846
 20
-7.259695
 10
0.830815
 20
-7.259711
 10
0.830785
 20
-7.259726
 10
0.830754
 20
-7.259742
 10
0.830723
 20
-7.259758
 10
0.830692
 20
-7.259773
 10
0.830661
 20
-7.259789
 10
0.830630
 20
-7.259804
 10
0.830599
 20
-7.259820
 10
0.830568
 20
-7.259835
 10
0.830537
 20
-7.259851
  0
LWPOLYLINE
  5
5c0
330
1F
100
AcDbEntity
  8
Polycam-Floor_1-Objects-Furniture
 62
45
420
11711154
100
AcDbPolyline
 90
20
 70
0
 43
0.000000
 10
0.830537
 20
-7.259851
 10
0.830502
 20
-7.259869
 10
0.830466
 20
-7.259886
 10
0.830430
 20
-7.259904
 10
0.830394
 20
-7.259922
 10
0.830358
 20
-7.259939
 10
0.830321
 20
-7.259957
 10
0.830285
 20
-7.259974
 10
0.830249
 20
-7.259992
 10
0.830212
 20
-7.260009
 10
0.830176
 20
-7.260027
 10
0.830139
 20
-7.260044
 10
0.830103
 20
-7.260061
 10
0.830066
 20
-7.260079
 10
0.830030
 20
-7.260096
 10
0.829994
 20
-7.260113
 10
0.829957
 20
-7.260130
 10
0.829921
 20
-7.260147
 10
0.829884
 20
-7.260164
 10
0.829848
 20
-7.260181
  0
LWPOLYLINE
  5
5c1
330
1F
100
AcDbEntity
  8
Polycam-Floor_1-Objects-Furniture
 62
45
420
11711154
100
AcDbPolyline
 90
20
 70
0
 43
0.000000
 10
0.829848
 20
-7.260181
 10
0.829814
 20
-7.260196
 10
0.829781
 20
-7.260211
 10
0.829747
 20
-7.260226
 10
0.829713
 20
-7.260241
 10
0.829679
 20
-7.260257
 10
0.829646
 20
-7.260272
 10
0.829612
 20
-7.260287
 10
0.829578
 20
-7.260302
 10
0.829544
 20
-7.260317
 10
0.829510
 20
-7.260332
 10
0.829477
 20
-7.260347
 10
0.829443
 20
-7.260362
 10
0.829409
 20
-7.260377
 10
0.829375
 20
-7.260393
 10
0.829342
 20
-7.260408
 10
0.829308
 20
-7.260423
 10
0.829274
 20
-7.260438
 10
0.829240
 20
-7.260453
 10
0.829206
 20
-7.260468
  0
LWPOLYLINE
  5
5c2
330
1F
100
AcDbEntity
  8
Polycam-Floor_1-Objects-Furniture
 62
45
420
11711154
100
AcDbPolyline
 90
20
 70
0
 43
0.000000
 10
0.829206
 20
-7.260468
 10
0.829200
 20
-7.260471
 10
0.829193
 20
-7.260473
 10
0.829186
 20
-7.260476
 10
0.829179
 20
-7.260479
 10
0.829171
 20
-7.260482
 10
0.829164
 20
-7.260485
 10
0.829157
 20
-7.260488
 10
0.829150
 20
-7.260491
 10
0.829143
 20
-7.260494
 10
0.829136
 20
-7.260497
 10
0.829129
 20
-7.260500
 10
0.829122
 20
-7.260503
 10
0.829115
 20
-7.260506
 10
0.829108
 20
-7.260509
 10
0.829101
 20
-7.260513
 10
0.829095
 20
-7.260516
 10
0.829088
 20
-7.260519
 10
0.829082
 20
-7.260523
 10
0.829075
 20
-7.260526
  0
LWPOLYLINE
  5
5c3
330
1F
100
AcDbEntity
  8
Polycam-Floor_1-Objects-Furniture
 62
45
420
11711154
100
AcDbPolyline
 90
20
 70
0
 43
0.000000
 10
0.829075
 20
-7.260526
 10
0.829011
 20
-7.260552
 10
0.828947
 20
-7.260579
 10
0.828883
 20
-7.260605
 10
0.828819
 20
-7.260631
 10
0.828755
 20
-7.260657
 10
0.828692
 20
-7.260683
 10
0.828628
 20
-7.260709
 10
0.828564
 20
-7.260735
 10
0.828500
 20
-7.260761
 10
0.828437
 20
-7.260787
 10
0.828373
 20
-7.260812
 10
0.828309
 20
-7.260838
 10
0.828246
 20
-7.260863
 10
0.828182
 20
-7.260889
 10
0.828118
 20
-7.260914
 10
0.828054
 20
-7.260940
 10
0.827991
 20
-7.260965
 10
0.827927
 20
-7.260990
 10
0.827863
 20
-7.261015
  0
LWPOLYLINE
  5
5c4
330
1F
100
AcDbEntity
  8
Polycam-Floor_1-Objects-Furniture
 62
45
420
11711154
100
AcDbPolyline
 90
20
 70
0
 43
0.000000
 10
0.769087
 20
-7.284264
 10
0.769087
 20
-7.284264
 10
0.769087
 20
-7.284265
 10
0.769087
 20
-7.284265
 10
0.769087
 20
-7.284265
 10
0.769087
 20
-7.284265
 10
0.769087
 20
-7.284266
 10
0.769087
 20
-7.284266
 10
0.769087
 20
-7.284266
 10
0.769087
 20
-7.284267
 10
0.769087
 20
-7.284267
 10
0.769087
 20
-7.284267
 10
0.769087
 20
-7.284268
 10
0.769087
 20
-7.284268
 10
0.769086
 20
-7.284268
 10
0.769086
 20
-7.284268
 10
0.769085
 20
-7.284268
 10
0.769084
 20
-7.284268
 10
0.769083
 20
-7.284268
 10
0.769081
 20
-7.284268
  0
LWPOLYLINE
  5
5c5
330
1F
100
AcDbEntity
  8
Polycam-Floor_1-Objects-Furniture
 62
45
420
11711154
100
AcDbPolyline
 90
20
 70
0
 43
0.000000
 10
0.769081
 20
-7.284268
 10
0.767644
 20
-7.289617
 10
0.766086
 20
-7.294858
 10
0.764426
 20
-7.299975
 10
0.762684
 20
-7.304954
 10
0.760879
 20
-7.309779
 10
0.759032
 20
-7.314434
 10
0.757161
 20
-7.318903
 10
0.755286
 20
-7.323172
 10
0.753427
 20
-7.327224
 10
0.751602
 20
-7.331044
 10
0.749832
 20
-7.334616
 10
0.748137
 20
-7.337926
 10
0.746534
 20
-7.340956
 10
0.745045
 20
-7.343692
 10
0.743688
 20
-7.346118
 10
0.742483
 20
-7.348219
 10
0.741450
 20
-7.349979
 10
0.740608
 20
-7.351382
 10
0.739976
 20
-7.352413
  0
LWPOLYLINE
  5
5c6
330
1F
100
AcDbEntity
  8
Polycam-Floor_1-Objects-Furniture
 62
45
420
11711154
100
AcDbPolyline
 90
20
 70
0
 43
0.000000
 10
0.769087
 20
-7.284264
 10
0.769605
 20
-7.282176
 10
0.770101
 20
-7.280075
 10
0.770574
 20
-7.277962
 10
0.771023
 20
-7.275838
 10
0.771446
 20
-7.273703
 10
0.771843
 20
-7.271560
 10
0.772213
 20
-7.269408
 10
0.772553
 20
-7.267249
 10
0.772864
 20
-7.265084
 10
0.773144
 20
-7.262913
 10
0.773391
 20
-7.260737
 10
0.773606
 20
-7.258557
 10
0.773786
 20
-7.256375
 10
0.773930
 20
-7.254190
 10
0.774038
 20
-7.252004
 10
0.774108
 20
-7.249818
 10
0.774139
 20
-7.247633
 10
0.774130
 20
-7.245449
 10
0.774080
 20
-7.243267
  0
LWPOLYLINE
  5
5c7
330
1F
100
AcDbEntity
  8
Polycam-Floor_1-Objects-Furniture
 62
45
420
11711154
100
AcDbPolyline
 90
20
 70
0
 43
0.000000
 10
0.739417
 20
-7.353300
 10
0.739419
 20
-7.353298
 10
0.739423
 20
-7.353290
 10
0.739431
 20
-7.353277
 10
0.739443
 20
-7.353260
 10
0.739457
 20
-7.353237
 10
0.739474
 20
-7.353210
 10
0.739495
 20
-7.353178
 10
0.739518
 20
-7.353140
 10
0.739545
 20
-7.353098
 10
0.739575
 20
-7.353051
 10
0.739607
 20
-7.352999
 10
0.739643
 20
-7.352943
 10
0.739682
 20
-7.352881
 10
0.739724
 20
-7.352815
 10
0.739768
 20
-7.352744
 10
0.739816
 20
-7.352668
 10
0.739866
 20
-7.352588
 10
0.739920
 20
-7.352503
 10
0.739976
 20
-7.352413
  0
LWPOLYLINE
  5
5c8
330
1F
100
AcDbEntity
  8
Polycam-Floor_1-Objects-Furniture
 62
45
420
11711154
100
AcDbPolyline
 90
20
 70
0
 43
0.000000
 10
0.754378
 20
-7.257953
 10
0.754107
 20
-7.259933
 10
0.753802
 20
-7.261921
 10
0.753467
 20
-7.263913
 10
0.753103
 20
-7.265905
 10
0.752712
 20
-7.267894
 10
0.752298
 20
-7.269877
 10
0.751862
 20
-7.271850
 10
0.751406
 20
-7.273809
 10
0.750934
 20
-7.275752
 10
0.750446
 20
-7.277674
 10
0.749946
 20
-7.279573
 10
0.749435
 20
-7.281444
 10
0.748917
 20
-7.283285
 10
0.748392
 20
-7.285091
 10
0.747865
 20
-7.286860
 10
0.747336
 20
-7.288587
 10
0.746808
 20
-7.290270
 10
0.746284
 20
-7.291905
 10
0.745765
 20
-7.293489
  0
LWPOLYLINE
  5
5c9
330
1F
100
AcDbEntity
  8
Polycam-Floor_1-Objects-Furniture
 62
45
420
11711154
100
AcDbPolyline
 90
20
 70
0
 43
0.000000
 10
0.740001
 20
-7.309216
 10
0.740003
 20
-7.309213
 10
0.740007
 20
-7.309203
 10
0.740013
 20
-7.309188
 10
0.740022
 20
-7.309166
 10
0.740034
 20
-7.309138
 10
0.740048
 20
-7.309104
 10
0.740064
 20
-7.309063
 10
0.740083
 20
-7.309017
 10
0.740105
 20
-7.308965
 10
0.740128
 20
-7.308907
 10
0.740154
 20
-7.308843
 10
0.740183
 20
-7.308774
 10
0.740213
 20
-7.308698
 10
0.740246
 20
-7.308617
 10
0.740281
 20
-7.308531
 10
0.740318
 20
-7.308439
 10
0.740358
 20
-7.308341
 10
0.740399
 20
-7.308238
 10
0.740443
 20
-7.308129
  0
LWPOLYLINE
  5
5ca
330
1F
100
AcDbEntity
  8
Polycam-Floor_1-Objects-Furniture
 62
45
420
11711154
100
AcDbPolyline
 90
2
 70
0
 43
0.000000
 10
0.677321
 20
0.030334
 10
0.683216
 20
0.032847
  0
LWPOLYLINE
  5
5cb
330
1F
100
AcDbEntity
  8
Polycam-Floor_1-Objects-Furniture
 62
45
420
11711154
100
AcDbPolyline
 90
2
 70
0
 43
0.000000
 10
0.683216
 20
0.032847
 10
0.732307
 20
0.053785
  0
LWPOLYLINE
  5
5cc
330
1F
100
AcDbEntity
  8
Polycam-Floor_1-Objects-Furniture
 62
45
420
11711154
100
AcDbPolyline
 90
2
 70
0
 43
0.000000
 10
0.732307
 20
0.053785
 10
0.754885
 20
0.063414
  0
LWPOLYLINE
  5
5cd
330
1F
100
AcDbEntity
  8
Polycam-Floor_1-Objects-Furniture
 62
45
420
11711154
100
AcDbPolyline
 90
2
 70
0
 43
0.000000
 10
0.754885
 20
0.063414
 10
0.763870
 20
0.067248
  0
LWPOLYLINE
  5
5ce
330
1F
100
AcDbEntity
  8
Polycam-Floor_1-Objects-Furniture
 62
45
420
11711154
100
AcDbPolyline
 90
2
 70
0
 43
0.000000
 10
0.772363
 20
0.047791
 10
0.762143
 20
0.043432
  0
LWPOLYLINE
  5
5cf
330
1F
100
AcDbEntity
  8
Polycam-Floor_1-Objects-Furniture
 62
45
420
11711154
100
AcDbPolyline
 90
2
 70
0
 43
0.000000
 10
0.762143
 20
0.043432
 10
0.737408
 20
0.032880
  0
LWPOLYLINE
  5
5d0
330
1F
100
AcDbEntity
  8
Polycam-Floor_1-Objects-Furniture
 62
45
420
11711154
100
AcDbPolyline
 90
2
 70
0
 43
0.000000
 10
0.737408
 20
0.032880
 10
0.737324
 20
0.032847
  0
LWPOLYLINE
  5
5d1
330
1F
100
AcDbEntity
  8
Polycam-Floor_1-Objects-Furniture
 62
45
420
11711154
100
AcDbPolyline
 90
2
 70
0
 43
0.000000
 10
0.737324
 20
0.032847
 10
0.693262
 20
0.014053
  0
LWPOLYLINE
  5
5d2
330
1F
100
AcDbEntity
  8
Polycam-Floor_1-Objects-Furniture
 62
45
420
11711154
100
AcDbPolyline
 90
2
 70
0
 43
0.000000
 10
0.693262
 20
0.014053
 10
0.693262
 20
0.014053
  0
LWPOLYLINE
  5
5d3
330
1F
100
AcDbEntity
  8
Polycam-Floor_1-Objects-Furniture
 62
45
420
11711154
100
AcDbPolyline
 90
2
 70
0
 43
0.000000
 10
0.762143
 20
0.043432
 10
0.772363
 20
0.047791
  0
LWPOLYLINE
  5
5d4
330
1F
100
AcDbEntity
  8
Polycam-Floor_1-Objects-Furniture
 62
45
420
11711154
100
AcDbPolyline
 90
2
 70
0
 43
0.000000
 10
0.763870
 20
0.067248
 10
0.754885
 20
0.063414
  0
LWPOLYLINE
  5
5d5
330
1F
100
AcDbEntity
  8
Polycam-Floor_1-Objects-Furniture
 62
45
420
11711154
100
AcDbPolyline
 90
2
 70
0
 43
0.000000
 10
0.769301
 20
0.041725
 10
0.769301
 20
0.041725
  0
LWPOLYLINE
  5
5d6
330
1F
100
AcDbEntity
  8
Polycam-Floor_1-Objects-Furniture
 62
45
420
11711154
100
AcDbPolyline
 90
2
 70
0
 43
0.000000
 10
0.763440
 20
-0.295230
 10
0.753544
 20
-0.290186
  0
LWPOLYLINE
  5
5d7
330
1F
100
AcDbEntity
  8
Polycam-Floor_1-Objects-Furniture
 62
45
420
11711154
100
AcDbPolyline
 90
2
 70
0
 43
0.000000
 10
0.753544
 20
-0.290186
 10
0.733642
 20
-0.280032
  0
LWPOLYLINE
  5
5d8
330
1F
100
AcDbEntity
  8
Polycam-Floor_1-Objects-Furniture
 62
45
420
11711154
100
AcDbPolyline
 90
2
 70
0
 43
0.000000
 10
0.733642
 20
-0.280032
 10
0.692597
 20
-0.259094
  0
LWPOLYLINE
  5
5d9
330
1F
100
AcDbEntity
  8
Polycam-Floor_1-Objects-Furniture
 62
45
420
11711154
100
AcDbPolyline
 90
2
 70
0
 43
0.000000
 10
0.692597
 20
-0.259094
 10
0.678975
 20
-0.252145
  0
LWPOLYLINE
  5
5da
330
1F
100
AcDbEntity
  8
Polycam-Floor_1-Objects-Furniture
 62
45
420
11711154
100
AcDbPolyline
 90
2
 70
0
 43
0.000000
 10
0.694553
 20
-0.236251
 10
0.764563
 20
-0.271961
  0
LWPOLYLINE
  5
5db
330
1F
100
AcDbEntity
  8
Polycam-Floor_1-Objects-Furniture
 62
45
420
11711154
100
AcDbPolyline
 90
2
 70
0
 43
0.000000
 10
0.764563
 20
-0.271961
 10
0.773262
 20
-0.276397
  0
LWPOLYLINE
  5
5dc
330
1F
100
AcDbEntity
  8
Polycam-Floor_1-Objects-Furniture
 62
45
420
11711154
100
AcDbPolyline
 90
2
 70
0
 43
0.000000
 10
0.763440
 20
-0.295230
 10
0.763440
 20
-0.295230
  0
LWPOLYLINE
  5
5dd
330
1F
100
AcDbEntity
  8
Polycam-Floor_1-Objects-Furniture
 62
45
420
11711154
100
AcDbPolyline
 90
2
 70
0
 43
0.000000
 10
0.753544
 20
-0.290186
 10
0.763440
 20
-0.295230
  0
LWPOLYLINE
  5
5de
330
1F
100
AcDbEntity
  8
Polycam-Floor_1-Objects-Furniture
 62
45
420
11711154
100
AcDbPolyline
 90
2
 70
0
 43
0.000000
 10
0.773262
 20
-0.276397
 10
0.764563
 20
-0.271961
  0
LWPOLYLINE
  5
5df
330
1F
100
AcDbEntity
  8
Polycam-Floor_1-Objects-Furniture
 62
45
420
11711154
100
AcDbPolyline
 90
2
 70
0
 43
0.000000
 10
0.756752
 20
-0.296738
 10
0.756752
 20
-0.296738
  0
LWPOLYLINE
  5
5e0
330
1F
100
AcDbEntity
  8
Polycam-Floor_1-Objects-Furniture
 62
45
420
11711154
100
AcDbPolyline
 90
2
 70
0
 43
0.000000
 10
0.364773
 20
-0.278159
 10
0.373115
 20
-0.270878
  0
LWPOLYLINE
  5
5e1
330
1F
100
AcDbEntity
  8
Polycam-Floor_1-Objects-Furniture
 62
45
420
11711154
100
AcDbPolyline
 90
2
 70
0
 43
0.000000
 10
0.373115
 20
-0.270878
 10
0.376629
 20
-0.267812
  0
LWPOLYLINE
  5
5e2
330
1F
100
AcDbEntity
  8
Polycam-Floor_1-Objects-Furniture
 62
45
420
11711154
100
AcDbPolyline
 90
2
 70
0
 43
0.000000
 10
0.391799
 20
-0.282844
 10
0.386295
 20
-0.287645
  0
LWPOLYLINE
  5
5e3
330
1F
100
AcDbEntity
  8
Polycam-Floor_1-Objects-Furniture
 62
45
420
11711154
100
AcDbPolyline
 90
2
 70
0
 43
0.000000
 10
0.386295
 20
-0.287645
 10
0.378959
 20
-0.294048
  0
LWPOLYLINE
  5
5e4
330
1F
100
AcDbEntity
  8
Polycam-Floor_1-Objects-Furniture
 62
45
420
11711154
100
AcDbPolyline
 90
2
 70
0
 43
0.000000
 10
0.363828
 20
-0.293120
 10
0.363828
 20
-0.293120
  0
LWPOLYLINE
  5
5e5
330
1F
100
AcDbEntity
  8
Polycam-Floor_1-Objects-Furniture
 62
45
420
11711154
100
AcDbPolyline
 90
2
 70
0
 43
0.000000
 10
0.373120
 20
-0.270878
 10
0.364778
 20
-0.278159
  0
LWPOLYLINE
  5
5e6
330
1F
100
AcDbEntity
  8
Polycam-Floor_1-Objects-Furniture
 62
45
420
11711154
100
AcDbPolyline
 90
2
 70
0
 43
0.000000
 10
0.378965
 20
-0.294042
 10
0.386301
 20
-0.287639
  0
LWPOLYLINE
  5
5e7
330
1F
100
AcDbEntity
  8
Polycam-Floor_1-Objects-Furniture
 62
45
420
11711154
100
AcDbPolyline
 90
2
 70
0
 43
0.000000
 10
0.365784
 20
-0.271447
 10
0.365778
 20
-0.271453
  0
LWPOLYLINE
  5
5e8
330
1F
100
AcDbEntity
  8
Polycam-Floor_1-Objects-Furniture
 62
45
420
11711154
100
AcDbPolyline
 90
2
 70
0
 43
0.000000
 10
0.365778
 20
-0.271453
 10
0.365778
 20
-0.271453
  0
LWPOLYLINE
  5
5e9
330
1F
100
AcDbEntity
  8
Polycam-Floor_1-Objects-Furniture
 62
45
420
11711154
100
AcDbPolyline
 90
2
 70
0
 43
0.000000
 10
0.371282
 20
0.038891
 10
0.367142
 20
0.042963
  0
LWPOLYLINE
  5
5ea
330
1F
100
AcDbEntity
  8
Polycam-Floor_1-Objects-Furniture
 62
45
420
11711154
100
AcDbPolyline
 90
2
 70
0
 43
0.000000
 10
0.367142
 20
0.042963
 10
0.360202
 20
0.049785
  0
LWPOLYLINE
  5
5eb
330
1F
100
AcDbEntity
  8
Polycam-Floor_1-Objects-Furniture
 62
45
420
11711154
100
AcDbPolyline
 90
2
 70
0
 43
0.000000
 10
0.375310
 20
0.064812
 10
0.383200
 20
0.057056
  0
LWPOLYLINE
  5
5ec
330
1F
100
AcDbEntity
  8
Polycam-Floor_1-Objects-Furniture
 62
45
420
11711154
100
AcDbPolyline
 90
2
 70
0
 43
0.000000
 10
0.383200
 20
0.057056
 10
0.385647
 20
0.054652
  0
LWPOLYLINE
  5
5ed
330
1F
100
AcDbEntity
  8
Polycam-Floor_1-Objects-Furniture
 62
45
420
11711154
100
AcDbPolyline
 90
2
 70
0
 43
0.000000
 10
0.371282
 20
0.038891
 10
0.371282
 20
0.038891
  0
LWPOLYLINE
  5
5ee
330
1F
100
AcDbEntity
  8
Polycam-Floor_1-Objects-Furniture
 62
45
420
11711154
100
AcDbPolyline
 90
2
 70
0
 43
0.000000
 10
0.383200
 20
0.057056
 10
0.375310
 20
0.064817
  0
LWPOLYLINE
  5
5ef
330
1F
100
AcDbEntity
  8
Polycam-Floor_1-Objects-Furniture
 62
45
420
11711154
100
AcDbPolyline
 90
2
 70
0
 43
0.000000
 10
0.360202
 20
0.049791
 10
0.367142
 20
0.042968
  0
LWPOLYLINE
  5
5f0
330
1F
100
AcDbEntity
  8
Polycam-Floor_1-Objects-Furniture
 62
45
420
11711154
100
AcDbPolyline
 90
2
 70
0
 43
0.000000
 10
0.382144
 20
0.064265
 10
0.382144
 20
0.064259
  0
LWPOLYLINE
  5
5f1
330
1F
100
AcDbEntity
  8
Polycam-Floor_1-Objects-Furniture
 62
45
420
11711154
100
AcDbPolyline
 90
2
 70
0
 43
0.000000
 10
0.382144
 20
0.064259
 10
0.382144
 20
0.064259
  0
LWPOLYLINE
  5
5f2
330
1F
100
AcDbEntity
  8
Polycam-Floor_1-Objects-Furniture
 62
45
420
11711154
100
AcDbPolyline
 90
2
 70
0
 43
0.000000
 10
0.336271
 20
-0.161598
 10
0.336271
 20
-0.060970
  0
LWPOLYLINE
  5
5f3
330
1F
100
AcDbEntity
  8
Polycam-Floor_1-Objects-Furniture
 62
45
420
11711154
100
AcDbPolyline
 90
2
 70
0
 43
0.000000
 10
0.499446
 20
0.100368
 10
0.518214
 20
0.100776
  0
LWPOLYLINE
  5
5f4
330
1F
100
AcDbEntity
  8
Polycam-Floor_1-Objects-Furniture
 62
45
420
11711154
100
AcDbPolyline
 90
2
 70
0
 43
0.000000
 10
0.518214
 20
-0.322521
 10
0.499446
 20
-0.322930
  0
LWPOLYLINE
  5
5f5
330
1F
100
AcDbEntity
  8
Polycam-Floor_1-Objects-Furniture
 62
45
420
11711154
100
AcDbPolyline
 90
2
 70
0
 43
0.000000
 10
0.499446
 20
-0.322930
 10
0.499446
 20
-0.322930
  0
LWPOLYLINE
  5
5f6
330
1F
100
AcDbEntity
  8
Polycam-Floor_1-Objects-Furniture
 62
45
420
11711154
100
AcDbPolyline
 90
2
 70
0
 43
0.000000
 10
0.733642
 20
-0.280032
 10
0.643763
 20
-0.280032
  0
LWPOLYLINE
  5
5f7
330
1F
100
AcDbEntity
  8
Polycam-Floor_1-Objects-Furniture
 62
45
420
11711154
100
AcDbPolyline
 90
2
 70
0
 43
0.000000
 10
0.671248
 20
-0.259094
 10
0.692597
 20
-0.259094
  0
LWPOLYLINE
  5
5f8
330
1F
100
AcDbEntity
  8
Polycam-Floor_1-Objects-Furniture
 62
45
420
11711154
100
AcDbPolyline
 90
2
 70
0
 43
0.000000
 10
0.692597
 20
-0.259094
 10
0.733642
 20
-0.280032
  0
LWPOLYLINE
  5
5f9
330
1F
100
AcDbEntity
  8
Polycam-Floor_1-Objects-Furniture
 62
45
420
11711154
100
AcDbPolyline
 90
2
 70
0
 43
0.000000
 10
0.733642
 20
-0.280032
 10
0.733642
 20
-0.280032
  0
LWPOLYLINE
  5
5fa
330
1F
100
AcDbEntity
  8
Polycam-Floor_1-Objects-Furniture
 62
45
420
11711154
100
AcDbPolyline
 90
2
 70
0
 43
0.000000
 10
0.732307
 20
0.053785
 10
0.683216
 20
0.032847
  0
LWPOLYLINE
  5
5fb
330
1F
100
AcDbEntity
  8
Polycam-Floor_1-Objects-Furniture
 62
45
420
11711154
100
AcDbPolyline
 90
2
 70
0
 43
0.000000
 10
0.683216
 20
0.032847
 10
0.674600
 20
0.032847
  0
LWPOLYLINE
  5
5fc
330
1F
100
AcDbEntity
  8
Polycam-Floor_1-Objects-Furniture
 62
45
420
11711154
100
AcDbPolyline
 90
2
 70
0
 43
0.000000
 10
0.648658
 20
0.053785
 10
0.732307
 20
0.053785
  0
LWPOLYLINE
  5
5fd
330
1F
100
AcDbEntity
  8
Polycam-Floor_1-Objects-Furniture
 62
45
420
11711154
100
AcDbPolyline
 90
2
 70
0
 43
0.000000
 10
0.732307
 20
0.053785
 10
0.732307
 20
0.053785
  0
LWPOLYLINE
  5
5fe
330
1F
100
AcDbEntity
  8
Polycam-Floor_1-Objects-Furniture
 62
45
420
11711154
100
AcDbPolyline
 90
20
 70
0
 43
0.000000
 10
0.693262
 20
0.014053
 10
0.692461
 20
0.014943
 10
0.691656
 20
0.015829
 10
0.690846
 20
0.016712
 10
0.690032
 20
0.017591
 10
0.689214
 20
0.018466
 10
0.688391
 20
0.019338
 10
0.687564
 20
0.020206
 10
0.686733
 20
0.021071
 10
0.685897
 20
0.021932
 10
0.685058
 20
0.022789
 10
0.684214
 20
0.023643
 10
0.683366
 20
0.024492
 10
0.682514
 20
0.025338
 10
0.681658
 20
0.026181
 10
0.680799
 20
0.027019
 10
0.679935
 20
0.027853
 10
0.679067
 20
0.028684
 10
0.678196
 20
0.029511
 10
0.677321
 20
0.030334
  0
LWPOLYLINE
  5
5ff
330
1F
100
AcDbEntity
  8
Polycam-Floor_1-Objects-Furniture
 62
45
420
11711154
100
AcDbPolyline
 90
20
 70
0
 43
0.000000
 10
0.763870
 20
0.067248
 10
0.764089
 20
0.067339
 10
0.764309
 20
0.067424
 10
0.764530
 20
0.067505
 10
0.764751
 20
0.067580
 10
0.764973
 20
0.067650
 10
0.765196
 20
0.067715
 10
0.765419
 20
0.067775
 10
0.765642
 20
0.067830
 10
0.765866
 20
0.067880
 10
0.766090
 20
0.067926
 10
0.766314
 20
0.067966
 10
0.766539
 20
0.068001
 10
0.766763
 20
0.068032
 10
0.766988
 20
0.068057
 10
0.767213
 20
0.068078
 10
0.767438
 20
0.068095
 10
0.767662
 20
0.068106
 10
0.767887
 20
0.068113
 10
0.768111
 20
0.068116
  0
LWPOLYLINE
  5
600
330
1F
100
AcDbEntity
  8
Polycam-Floor_1-Objects-Furniture
 62
45
420
11711154
100
AcDbPolyline
 90
20
 70
0
 43
0.000000
 10
0.768111
 20
0.068116
 10
0.768764
 20
0.068096
 10
0.769413
 20
0.068037
 10
0.770054
 20
0.067940
 10
0.770687
 20
0.067805
 10
0.771310
 20
0.067633
 10
0.771920
 20
0.067424
 10
0.772517
 20
0.067180
 10
0.773098
 20
0.066901
 10
0.773662
 20
0.066588
 10
0.774206
 20
0.066241
 10
0.774730
 20
0.065861
 10
0.775231
 20
0.065449
 10
0.775707
 20
0.065006
 10
0.776158
 20
0.064531
 10
0.776580
 20
0.064026
 10
0.776973
 20
0.063492
 10
0.777334
 20
0.062929
 10
0.777663
 20
0.062337
 10
0.777956
 20
0.061718
  0
LWPOLYLINE
  5
601
330
1F
100
AcDbEntity
  8
Polycam-Floor_1-Objects-Furniture
 62
45
420
11711154
100
AcDbPolyline
 90
20
 70
0
 43
0.000000
 10
0.777956
 20
0.061718
 10
0.778286
 20
0.060863
 10
0.778538
 20
0.059998
 10
0.778712
 20
0.059126
 10
0.778810
 20
0.058253
 10
0.778835
 20
0.057383
 10
0.778787
 20
0.056519
 10
0.778669
 20
0.055665
 10
0.778482
 20
0.054827
 10
0.778228
 20
0.054008
 10
0.777908
 20
0.053212
 10
0.777525
 20
0.052444
 10
0.777079
 20
0.051707
 10
0.776573
 20
0.051007
 10
0.776008
 20
0.050346
 10
0.775386
 20
0.049730
 10
0.774709
 20
0.049162
 10
0.773979
 20
0.048647
 10
0.773196
 20
0.048188
 10
0.772363
 20
0.047791
  0
LWPOLYLINE
  5
602
330
1F
100
AcDbEntity
  8
Polycam-Floor_1-Objects-Furniture
 62
45
420
11711154
100
AcDbPolyline
 90
20
 70
0
 43
0.000000
 10
0.769301
 20
0.041725
 10
0.768895
 20
0.041730
 10
0.768491
 20
0.041745
 10
0.768090
 20
0.041770
 10
0.767692
 20
0.041805
 10
0.767297
 20
0.041850
 10
0.766905
 20
0.041904
 10
0.766516
 20
0.041968
 10
0.766131
 20
0.042041
 10
0.765748
 20
0.042124
 10
0.765370
 20
0.042215
 10
0.764995
 20
0.042316
 10
0.764624
 20
0.042426
 10
0.764257
 20
0.042544
 10
0.763894
 20
0.042671
 10
0.763535
 20
0.042806
 10
0.763181
 20
0.042950
 10
0.762830
 20
0.043103
 10
0.762485
 20
0.043263
 10
0.762143
 20
0.043432
  0
LWPOLYLINE
  5
603
330
1F
100
AcDbEntity
  8
Polycam-Floor_1-Objects-Furniture
 62
45
420
11711154
100
AcDbPolyline
 90
20
 70
0
 43
0.000000
 10
0.772363
 20
0.047791
 10
0.773196
 20
0.048188
 10
0.773979
 20
0.048647
 10
0.774709
 20
0.049162
 10
0.775386
 20
0.049730
 10
0.776008
 20
0.050346
 10
0.776573
 20
0.051007
 10
0.777079
 20
0.051707
 10
0.777525
 20
0.052444
 10
0.777908
 20
0.053212
 10
0.778228
 20
0.054008
 10
0.778482
 20
0.054827
 10
0.778669
 20
0.055665
 10
0.778787
 20
0.056519
 10
0.778835
 20
0.057383
 10
0.778810
 20
0.058253
 10
0.778712
 20
0.059126
 10
0.778538
 20
0.059998
 10
0.778286
 20
0.060863
 10
0.777956
 20
0.061718
  0
LWPOLYLINE
  5
604
330
1F
100
AcDbEntity
  8
Polycam-Floor_1-Objects-Furniture
 62
45
420
11711154
100
AcDbPolyline
 90
20
 70
0
 43
0.000000
 10
0.777956
 20
0.061718
 10
0.777663
 20
0.062337
 10
0.777334
 20
0.062929
 10
0.776973
 20
0.063492
 10
0.776580
 20
0.064026
 10
0.776158
 20
0.064531
 10
0.775707
 20
0.065006
 10
0.775231
 20
0.065449
 10
0.774730
 20
0.065861
 10
0.774206
 20
0.066241
 10
0.773662
 20
0.066588
 10
0.773098
 20
0.066901
 10
0.772517
 20
0.067180
 10
0.771920
 20
0.067424
 10
0.771310
 20
0.067633
 10
0.770687
 20
0.067805
 10
0.770054
 20
0.067940
 10
0.769413
 20
0.068037
 10
0.768764
 20
0.068096
 10
0.768111
 20
0.068116
  0
LWPOLYLINE
  5
605
330
1F
100
AcDbEntity
  8
Polycam-Floor_1-Objects-Furniture
 62
45
420
11711154
100
AcDbPolyline
 90
20
 70
0
 43
0.000000
 10
0.768111
 20
0.068116
 10
0.767887
 20
0.068113
 10
0.767662
 20
0.068106
 10
0.767438
 20
0.068095
 10
0.767213
 20
0.068078
 10
0.766988
 20
0.068057
 10
0.766763
 20
0.068032
 10
0.766539
 20
0.068001
 10
0.766314
 20
0.067966
 10
0.766090
 20
0.067926
 10
0.765866
 20
0.067880
 10
0.765642
 20
0.067830
 10
0.765419
 20
0.067775
 10
0.765196
 20
0.067715
 10
0.764973
 20
0.067650
 10
0.764751
 20
0.067580
 10
0.764530
 20
0.067505
 10
0.764309
 20
0.067424
 10
0.764089
 20
0.067339
 10
0.763870
 20
0.067248
  0
LWPOLYLINE
  5
606
330
1F
100
AcDbEntity
  8
Polycam-Floor_1-Objects-Furniture
 62
45
420
11711154
100
AcDbPolyline
 90
20
 70
0
 43
0.000000
 10
0.754885
 20
0.063414
 10
0.755291
 20
0.064271
 10
0.755748
 20
0.065098
 10
0.756252
 20
0.065893
 10
0.756803
 20
0.066656
 10
0.757398
 20
0.067383
 10
0.758035
 20
0.068072
 10
0.758713
 20
0.068723
 10
0.759429
 20
0.069333
 10
0.760182
 20
0.069900
 10
0.760970
 20
0.070422
 10
0.761791
 20
0.070897
 10
0.762642
 20
0.071324
 10
0.763522
 20
0.071699
 10
0.764429
 20
0.072023
 10
0.765361
 20
0.072292
 10
0.766316
 20
0.072504
 10
0.767293
 20
0.072658
 10
0.768288
 20
0.072752
 10
0.769301
 20
0.072784
  0
LWPOLYLINE
  5
607
330
1F
100
AcDbEntity
  8
Polycam-Floor_1-Objects-Furniture
 62
45
420
11711154
100
AcDbPolyline
 90
20
 70
0
 43
0.000000
 10
0.769301
 20
0.072784
 10
0.770656
 20
0.072727
 10
0.771978
 20
0.072559
 10
0.773265
 20
0.072285
 10
0.774509
 20
0.071909
 10
0.775708
 20
0.071436
 10
0.776855
 20
0.070871
 10
0.777947
 20
0.070218
 10
0.778979
 20
0.069483
 10
0.779946
 20
0.068669
 10
0.780843
 20
0.067782
 10
0.781665
 20
0.066825
 10
0.782409
 20
0.065805
 10
0.783068
 20
0.064725
 10
0.783639
 20
0.063590
 10
0.784117
 20
0.062405
 10
0.784497
 20
0.061174
 10
0.784774
 20
0.059902
 10
0.784944
 20
0.058594
 10
0.785002
 20
0.057254
  0
LWPOLYLINE
  5
608
330
1F
100
AcDbEntity
  8
Polycam-Floor_1-Objects-Furniture
 62
45
420
11711154
100
AcDbPolyline
 90
20
 70
0
 43
0.000000
 10
0.785002
 20
0.057254
 10
0.784944
 20
0.055915
 10
0.784774
 20
0.054607
 10
0.784497
 20
0.053335
 10
0.784117
 20
0.052104
 10
0.783639
 20
0.050919
 10
0.783068
 20
0.049784
 10
0.782409
 20
0.048704
 10
0.781665
 20
0.047683
 10
0.780843
 20
0.046727
 10
0.779946
 20
0.045840
 10
0.778979
 20
0.045026
 10
0.777947
 20
0.044290
 10
0.776855
 20
0.043638
 10
0.775708
 20
0.043073
 10
0.774509
 20
0.042600
 10
0.773265
 20
0.042224
 10
0.771978
 20
0.041950
 10
0.770656
 20
0.041782
 10
0.769301
 20
0.041725
  0
LWPOLYLINE
  5
609
330
1F
100
AcDbEntity
  8
Polycam-Floor_1-Objects-Furniture
 62
45
420
11711154
100
AcDbPolyline
 90
20
 70
0
 43
0.000000
 10
0.678975
 20
-0.252145
 10
0.679831
 20
-0.251341
 10
0.680682
 20
-0.250534
 10
0.681531
 20
-0.249722
 10
0.682375
 20
-0.248907
 10
0.683215
 20
-0.248089
 10
0.684052
 20
-0.247266
 10
0.684884
 20
-0.246440
 10
0.685713
 20
-0.245611
 10
0.686537
 20
-0.244777
 10
0.687358
 20
-0.243940
 10
0.688174
 20
-0.243100
 10
0.688986
 20
-0.242256
 10
0.689794
 20
-0.241408
 10
0.690598
 20
-0.240557
 10
0.691398
 20
-0.239703
 10
0.692193
 20
-0.238845
 10
0.692984
 20
-0.237983
 10
0.693770
 20
-0.237119
 10
0.694553
 20
-0.236251
  0
LWPOLYLINE
  5
60a
330
1F
100
AcDbEntity
  8
Polycam-Floor_1-Objects-Furniture
 62
45
420
11711154
100
AcDbPolyline
 90
20
 70
0
 43
0.000000
 10
0.773262
 20
-0.276397
 10
0.773472
 20
-0.276507
 10
0.773679
 20
-0.276621
 10
0.773882
 20
-0.276739
 10
0.774081
 20
-0.276861
 10
0.774277
 20
-0.276986
 10
0.774469
 20
-0.277115
 10
0.774657
 20
-0.277247
 10
0.774842
 20
-0.277383
 10
0.775023
 20
-0.277522
 10
0.775201
 20
-0.277665
 10
0.775375
 20
-0.277811
 10
0.775545
 20
-0.277960
 10
0.775711
 20
-0.278112
 10
0.775874
 20
-0.278267
 10
0.776033
 20
-0.278426
 10
0.776188
 20
-0.278587
 10
0.776340
 20
-0.278751
 10
0.776488
 20
-0.278918
 10
0.776632
 20
-0.279087
  0
LWPOLYLINE
  5
60b
330
1F
100
AcDbEntity
  8
Polycam-Floor_1-Objects-Furniture
 62
45
420
11711154
100
AcDbPolyline
 90
20
 70
0
 43
0.000000
 10
0.776632
 20
-0.279087
 10
0.777030
 20
-0.279599
 10
0.777396
 20
-0.280132
 10
0.777726
 20
-0.280684
 10
0.778022
 20
-0.281253
 10
0.778283
 20
-0.281838
 10
0.778507
 20
-0.282436
 10
0.778695
 20
-0.283047
 10
0.778845
 20
-0.283668
 10
0.778957
 20
-0.284297
 10
0.779032
 20
-0.284934
 10
0.779067
 20
-0.285575
 10
0.779062
 20
-0.286219
 10
0.779017
 20
-0.286865
 10
0.778932
 20
-0.287511
 10
0.778805
 20
-0.288154
 10
0.778636
 20
-0.288794
 10
0.778425
 20
-0.289428
 10
0.778170
 20
-0.290055
 10
0.777872
 20
-0.290672
  0
LWPOLYLINE
  5
60c
330
1F
100
AcDbEntity
  8
Polycam-Floor_1-Objects-Furniture
 62
45
420
11711154
100
AcDbPolyline
 90
20
 70
0
 43
0.000000
 10
0.777872
 20
-0.290672
 10
0.777414
 20
-0.291467
 10
0.776897
 20
-0.292207
 10
0.776327
 20
-0.292893
 10
0.775707
 20
-0.293521
 10
0.775042
 20
-0.294092
 10
0.774337
 20
-0.294604
 10
0.773595
 20
-0.295055
 10
0.772821
 20
-0.295444
 10
0.772019
 20
-0.295769
 10
0.771194
 20
-0.296030
 10
0.770350
 20
-0.296224
 10
0.769492
 20
-0.296351
 10
0.768623
 20
-0.296408
 10
0.767749
 20
-0.296396
 10
0.766872
 20
-0.296312
 10
0.765999
 20
-0.296154
 10
0.765133
 20
-0.295923
 10
0.764278
 20
-0.295615
 10
0.763440
 20
-0.295230
  0
LWPOLYLINE
  5
60d
330
1F
100
AcDbEntity
  8
Polycam-Floor_1-Objects-Furniture
 62
45
420
11711154
100
AcDbPolyline
 90
20
 70
0
 43
0.000000
 10
0.756752
 20
-0.296738
 10
0.756498
 20
-0.296425
 10
0.756254
 20
-0.296106
 10
0.756019
 20
-0.295784
 10
0.755794
 20
-0.295458
 10
0.755578
 20
-0.295127
 10
0.755372
 20
-0.294793
 10
0.755175
 20
-0.294456
 10
0.754988
 20
-0.294114
 10
0.754810
 20
-0.293770
 10
0.754642
 20
-0.293423
 10
0.754483
 20
-0.293072
 10
0.754333
 20
-0.292719
 10
0.754192
 20
-0.292364
 10
0.754061
 20
-0.292006
 10
0.753939
 20
-0.291646
 10
0.753827
 20
-0.291284
 10
0.753723
 20
-0.290919
 10
0.753629
 20
-0.290554
 10
0.753544
 20
-0.290186
  0
LWPOLYLINE
  5
60e
330
1F
100
AcDbEntity
  8
Polycam-Floor_1-Objects-Furniture
 62
45
420
11711154
100
AcDbPolyline
 90
20
 70
0
 43
0.000000
 10
0.763440
 20
-0.295230
 10
0.764278
 20
-0.295615
 10
0.765133
 20
-0.295923
 10
0.765999
 20
-0.296154
 10
0.766872
 20
-0.296312
 10
0.767749
 20
-0.296396
 10
0.768623
 20
-0.296408
 10
0.769492
 20
-0.296351
 10
0.770350
 20
-0.296224
 10
0.771194
 20
-0.296030
 10
0.772019
 20
-0.295769
 10
0.772821
 20
-0.295444
 10
0.773595
 20
-0.295055
 10
0.774337
 20
-0.294604
 10
0.775042
 20
-0.294092
 10
0.775707
 20
-0.293521
 10
0.776327
 20
-0.292893
 10
0.776897
 20
-0.292207
 10
0.777414
 20
-0.291467
 10
0.777872
 20
-0.290672
  0
LWPOLYLINE
  5
60f
330
1F
100
AcDbEntity
  8
Polycam-Floor_1-Objects-Furniture
 62
45
420
11711154
100
AcDbPolyline
 90
20
 70
0
 43
0.000000
 10
0.777872
 20
-0.290672
 10
0.778170
 20
-0.290055
 10
0.778425
 20
-0.289428
 10
0.778636
 20
-0.288794
 10
0.778805
 20
-0.288154
 10
0.778932
 20
-0.287511
 10
0.779017
 20
-0.286865
 10
0.779062
 20
-0.286219
 10
0.779067
 20
-0.285575
 10
0.779032
 20
-0.284934
 10
0.778957
 20
-0.284297
 10
0.778845
 20
-0.283668
 10
0.778695
 20
-0.283047
 10
0.778507
 20
-0.282436
 10
0.778283
 20
-0.281838
 10
0.778022
 20
-0.281253
 10
0.777726
 20
-0.280684
 10
0.777396
 20
-0.280132
 10
0.777030
 20
-0.279599
 10
0.776632
 20
-0.279087
  0
LWPOLYLINE
  5
610
330
1F
100
AcDbEntity
  8
Polycam-Floor_1-Objects-Furniture
 62
45
420
11711154
100
AcDbPolyline
 90
20
 70
0
 43
0.000000
 10
0.776632
 20
-0.279087
 10
0.776488
 20
-0.278918
 10
0.776340
 20
-0.278751
 10
0.776188
 20
-0.278587
 10
0.776033
 20
-0.278426
 10
0.775874
 20
-0.278267
 10
0.775711
 20
-0.278112
 10
0.775545
 20
-0.277960
 10
0.775375
 20
-0.277811
 10
0.775201
 20
-0.277665
 10
0.775023
 20
-0.277522
 10
0.774842
 20
-0.277383
 10
0.774657
 20
-0.277247
 10
0.774469
 20
-0.277115
 10
0.774277
 20
-0.276986
 10
0.774081
 20
-0.276861
 10
0.773882
 20
-0.276739
 10
0.773679
 20
-0.276621
 10
0.773472
 20
-0.276507
 10
0.773262
 20
-0.276397
  0
LWPOLYLINE
  5
611
330
1F
100
AcDbEntity
  8
Polycam-Floor_1-Objects-Furniture
 62
45
420
11711154
100
AcDbPolyline
 90
20
 70
0
 43
0.000000
 10
0.764563
 20
-0.271961
 10
0.765490
 20
-0.271728
 10
0.766426
 20
-0.271552
 10
0.767368
 20
-0.271432
 10
0.768314
 20
-0.271370
 10
0.769259
 20
-0.271363
 10
0.770203
 20
-0.271413
 10
0.771142
 20
-0.271518
 10
0.772074
 20
-0.271679
 10
0.772995
 20
-0.271894
 10
0.773902
 20
-0.272165
 10
0.774795
 20
-0.272491
 10
0.775668
 20
-0.272871
 10
0.776520
 20
-0.273305
 10
0.777349
 20
-0.273793
 10
0.778150
 20
-0.274335
 10
0.778922
 20
-0.274930
 10
0.779662
 20
-0.275578
 10
0.780367
 20
-0.276279
 10
0.781035
 20
-0.277032
  0
LWPOLYLINE
  5
612
330
1F
100
AcDbEntity
  8
Polycam-Floor_1-Objects-Furniture
 62
45
420
11711154
100
AcDbPolyline
 90
20
 70
0
 43
0.000000
 10
0.781035
 20
-0.277032
 10
0.781850
 20
-0.278104
 10
0.782558
 20
-0.279222
 10
0.783159
 20
-0.280379
 10
0.783655
 20
-0.281569
 10
0.784046
 20
-0.282785
 10
0.784332
 20
-0.284020
 10
0.784514
 20
-0.285269
 10
0.784594
 20
-0.286524
 10
0.784571
 20
-0.287780
 10
0.784446
 20
-0.289028
 10
0.784220
 20
-0.290264
 10
0.783894
 20
-0.291480
 10
0.783468
 20
-0.292669
 10
0.782943
 20
-0.293826
 10
0.782319
 20
-0.294943
 10
0.781598
 20
-0.296014
 10
0.780780
 20
-0.297033
 10
0.779866
 20
-0.297993
 10
0.778855
 20
-0.298887
  0
LWPOLYLINE
  5
613
330
1F
100
AcDbEntity
  8
Polycam-Floor_1-Objects-Furniture
 62
45
420
11711154
100
AcDbPolyline
 90
20
 70
0
 43
0.000000
 10
0.778855
 20
-0.298887
 10
0.777771
 20
-0.299693
 10
0.776639
 20
-0.300394
 10
0.775469
 20
-0.300989
 10
0.774265
 20
-0.301480
 10
0.773035
 20
-0.301866
 10
0.771785
 20
-0.302150
 10
0.770522
 20
-0.302331
 10
0.769253
 20
-0.302410
 10
0.767984
 20
-0.302388
 10
0.766721
 20
-0.302265
 10
0.765472
 20
-0.302043
 10
0.764242
 20
-0.301721
 10
0.763040
 20
-0.301300
 10
0.761870
 20
-0.300781
 10
0.760740
 20
-0.300165
 10
0.759657
 20
-0.299452
 10
0.758627
 20
-0.298642
 10
0.757656
 20
-0.297738
 10
0.756752
 20
-0.296738
  0
LWPOLYLINE
  5
614
330
1F
100
AcDbEntity
  8
Polycam-Floor_1-Objects-Furniture
 62
45
420
11711154
100
AcDbPolyline
 90
20
 70
0
 43
0.000000
 10
0.363828
 20
-0.293120
 10
0.363246
 20
-0.292408
 10
0.362735
 20
-0.291662
 10
0.362296
 20
-0.290887
 10
0.361929
 20
-0.290087
 10
0.361632
 20
-0.289266
 10
0.361406
 20
-0.288430
 10
0.361251
 20
-0.287582
 10
0.361165
 20
-0.286728
 10
0.361150
 20
-0.285871
 10
0.361204
 20
-0.285016
 10
0.361327
 20
-0.284168
 10
0.361519
 20
-0.283330
 10
0.361780
 20
-0.282509
 10
0.362110
 20
-0.281707
 10
0.362507
 20
-0.280931
 10
0.362972
 20
-0.280183
 10
0.363505
 20
-0.279469
 10
0.364105
 20
-0.278793
 10
0.364773
 20
-0.278159
  0
LWPOLYLINE
  5
615
330
1F
100
AcDbEntity
  8
Polycam-Floor_1-Objects-Furniture
 62
45
420
11711154
100
AcDbPolyline
 90
20
 70
0
 43
0.000000
 10
0.376629
 20
-0.267812
 10
0.377376
 20
-0.268651
 10
0.378128
 20
-0.269485
 10
0.378887
 20
-0.270314
 10
0.379652
 20
-0.271138
 10
0.380422
 20
-0.271956
 10
0.381198
 20
-0.272769
 10
0.381980
 20
-0.273577
 10
0.382768
 20
-0.274379
 10
0.383562
 20
-0.275176
 10
0.384361
 20
-0.275968
 10
0.385165
 20
-0.276754
 10
0.385976
 20
-0.277535
 10
0.386791
 20
-0.278310
 10
0.387612
 20
-0.279079
 10
0.388439
 20
-0.279844
 10
0.389271
 20
-0.280602
 10
0.390108
 20
-0.281355
 10
0.390951
 20
-0.282102
 10
0.391799
 20
-0.282844
  0
LWPOLYLINE
  5
616
330
1F
100
AcDbEntity
  8
Polycam-Floor_1-Objects-Furniture
 62
45
420
11711154
100
AcDbPolyline
 90
20
 70
0
 43
0.000000
 10
0.378959
 20
-0.294048
 10
0.378779
 20
-0.294202
 10
0.378596
 20
-0.294351
 10
0.378411
 20
-0.294495
 10
0.378224
 20
-0.294634
 10
0.378035
 20
-0.294769
 10
0.377843
 20
-0.294899
 10
0.377650
 20
-0.295025
 10
0.377455
 20
-0.295146
 10
0.377258
 20
-0.295262
 10
0.377059
 20
-0.295374
 10
0.376858
 20
-0.295481
 10
0.376656
 20
-0.295583
 10
0.376452
 20
-0.295681
 10
0.376246
 20
-0.295775
 10
0.376039
 20
-0.295864
 10
0.375831
 20
-0.295948
 10
0.375622
 20
-0.296028
 10
0.375411
 20
-0.296104
 10
0.375199
 20
-0.296175
  0
LWPOLYLINE
  5
617
330
1F
100
AcDbEntity
  8
Polycam-Floor_1-Objects-Furniture
 62
45
420
11711154
100
AcDbPolyline
 90
20
 70
0
 43
0.000000
 10
0.375199
 20
-0.296175
 10
0.374571
 20
-0.296357
 10
0.373937
 20
-0.296500
 10
0.373296
 20
-0.296605
 10
0.372652
 20
-0.296671
 10
0.372006
 20
-0.296699
 10
0.371361
 20
-0.296689
 10
0.370717
 20
-0.296640
 10
0.370077
 20
-0.296553
 10
0.369442
 20
-0.296429
 10
0.368816
 20
-0.296266
 10
0.368198
 20
-0.296066
 10
0.367592
 20
-0.295828
 10
0.367000
 20
-0.295553
 10
0.366422
 20
-0.295240
 10
0.365862
 20
-0.294890
 10
0.365320
 20
-0.294503
 10
0.364800
 20
-0.294079
 10
0.364302
 20
-0.293618
 10
0.363828
 20
-0.293120
  0
LWPOLYLINE
  5
618
330
1F
100
AcDbEntity
  8
Polycam-Floor_1-Objects-Furniture
 62
45
420
11711154
100
AcDbPolyline
 90
20
 70
0
 43
0.000000
 10
0.365778
 20
-0.271453
 10
0.366166
 20
-0.271333
 10
0.366554
 20
-0.271224
 10
0.366943
 20
-0.271125
 10
0.367333
 20
-0.271036
 10
0.367722
 20
-0.270957
 10
0.368112
 20
-0.270889
 10
0.368501
 20
-0.270830
 10
0.368891
 20
-0.270781
 10
0.369280
 20
-0.270742
 10
0.369669
 20
-0.270713
 10
0.370057
 20
-0.270693
 10
0.370444
 20
-0.270683
 10
0.370830
 20
-0.270683
 10
0.371215
 20
-0.270692
 10
0.371599
 20
-0.270711
 10
0.371982
 20
-0.270739
 10
0.372363
 20
-0.270776
 10
0.372742
 20
-0.270822
 10
0.373120
 20
-0.270878
  0
LWPOLYLINE
  5
619
330
1F
100
AcDbEntity
  8
Polycam-Floor_1-Objects-Furniture
 62
45
420
11711154
100
AcDbPolyline
 90
20
 70
0
 43
0.000000
 10
0.364778
 20
-0.278159
 10
0.364111
 20
-0.278793
 10
0.363511
 20
-0.279469
 10
0.362978
 20
-0.280183
 10
0.362513
 20
-0.280931
 10
0.362115
 20
-0.281707
 10
0.361786
 20
-0.282509
 10
0.361525
 20
-0.283330
 10
0.361333
 20
-0.284167
 10
0.361209
 20
-0.285015
 10
0.361155
 20
-0.285870
 10
0.361171
 20
-0.286727
 10
0.361256
 20
-0.287581
 10
0.361412
 20
-0.288428
 10
0.361638
 20
-0.289264
 10
0.361934
 20
-0.290084
 10
0.362302
 20
-0.290883
 10
0.362741
 20
-0.291658
 10
0.363251
 20
-0.292403
 10
0.363834
 20
-0.293114
  0
LWPOLYLINE
  5
61a
330
1F
100
AcDbEntity
  8
Polycam-Floor_1-Objects-Furniture
 62
45
420
11711154
100
AcDbPolyline
 90
20
 70
0
 43
0.000000
 10
0.363834
 20
-0.293114
 10
0.364307
 20
-0.293612
 10
0.364805
 20
-0.294073
 10
0.365326
 20
-0.294498
 10
0.365867
 20
-0.294885
 10
0.366427
 20
-0.295235
 10
0.367004
 20
-0.295547
 10
0.367597
 20
-0.295823
 10
0.368202
 20
-0.296061
 10
0.368819
 20
-0.296261
 10
0.369446
 20
-0.296423
 10
0.370080
 20
-0.296548
 10
0.370720
 20
-0.296634
 10
0.371364
 20
-0.296683
 10
0.372010
 20
-0.296694
 10
0.372656
 20
-0.296666
 10
0.373300
 20
-0.296599
 10
0.373941
 20
-0.296495
 10
0.374576
 20
-0.296351
 10
0.375204
 20
-0.296169
  0
LWPOLYLINE
  5
61b
330
1F
100
AcDbEntity
  8
Polycam-Floor_1-Objects-Furniture
 62
45
420
11711154
100
AcDbPolyline
 90
20
 70
0
 43
0.000000
 10
0.375204
 20
-0.296169
 10
0.375416
 20
-0.296098
 10
0.375627
 20
-0.296023
 10
0.375837
 20
-0.295943
 10
0.376045
 20
-0.295858
 10
0.376252
 20
-0.295769
 10
0.376457
 20
-0.295676
 10
0.376661
 20
-0.295578
 10
0.376864
 20
-0.295475
 10
0.377064
 20
-0.295368
 10
0.377263
 20
-0.295256
 10
0.377460
 20
-0.295140
 10
0.377656
 20
-0.295019
 10
0.377849
 20
-0.294894
 10
0.378040
 20
-0.294764
 10
0.378230
 20
-0.294629
 10
0.378417
 20
-0.294489
 10
0.378602
 20
-0.294345
 10
0.378784
 20
-0.294196
 10
0.378965
 20
-0.294042
  0
LWPOLYLINE
  5
61c
330
1F
100
AcDbEntity
  8
Polycam-Floor_1-Objects-Furniture
 62
45
420
11711154
100
AcDbPolyline
 90
20
 70
0
 43
0.000000
 10
0.386301
 20
-0.287639
 10
0.386184
 20
-0.288579
 10
0.386010
 20
-0.289505
 10
0.385780
 20
-0.290416
 10
0.385496
 20
-0.291310
 10
0.385159
 20
-0.292184
 10
0.384769
 20
-0.293035
 10
0.384329
 20
-0.293862
 10
0.383840
 20
-0.294662
 10
0.383302
 20
-0.295431
 10
0.382717
 20
-0.296169
 10
0.382087
 20
-0.296873
 10
0.381411
 20
-0.297539
 10
0.380693
 20
-0.298167
 10
0.379932
 20
-0.298752
 10
0.379130
 20
-0.299294
 10
0.378289
 20
-0.299789
 10
0.377409
 20
-0.300235
 10
0.376492
 20
-0.300629
 10
0.375539
 20
-0.300970
  0
LWPOLYLINE
  5
61d
330
1F
100
AcDbEntity
  8
Polycam-Floor_1-Objects-Furniture
 62
45
420
11711154
100
AcDbPolyline
 90
20
 70
0
 43
0.000000
 10
0.375539
 20
-0.300970
 10
0.374234
 20
-0.301332
 10
0.372924
 20
-0.301578
 10
0.371616
 20
-0.301713
 10
0.370315
 20
-0.301738
 10
0.369027
 20
-0.301656
 10
0.367759
 20
-0.301472
 10
0.366516
 20
-0.301187
 10
0.365304
 20
-0.300804
 10
0.364129
 20
-0.300328
 10
0.362998
 20
-0.299760
 10
0.361916
 20
-0.299103
 10
0.360888
 20
-0.298362
 10
0.359922
 20
-0.297538
 10
0.359023
 20
-0.296634
 10
0.358196
 20
-0.295655
 10
0.357448
 20
-0.294601
 10
0.356785
 20
-0.293478
 10
0.356213
 20
-0.292287
 10
0.355738
 20
-0.291031
  0
LWPOLYLINE
  5
61e
330
1F
100
AcDbEntity
  8
Polycam-Floor_1-Objects-Furniture
 62
45
420
11711154
100
AcDbPolyline
 90
20
 70
0
 43
0.000000
 10
0.355738
 20
-0.291031
 10
0.355372
 20
-0.289740
 10
0.355122
 20
-0.288444
 10
0.354986
 20
-0.287149
 10
0.354961
 20
-0.285863
 10
0.355043
 20
-0.284589
 10
0.355229
 20
-0.283335
 10
0.355517
 20
-0.282105
 10
0.355903
 20
-0.280907
 10
0.356385
 20
-0.279745
 10
0.356959
 20
-0.278626
 10
0.357622
 20
-0.277556
 10
0.358372
 20
-0.276540
 10
0.359205
 20
-0.275585
 10
0.360118
 20
-0.274695
 10
0.361109
 20
-0.273878
 10
0.362174
 20
-0.273139
 10
0.363310
 20
-0.272483
 10
0.364514
 20
-0.271917
 10
0.365784
 20
-0.271447
  0
LWPOLYLINE
  5
61f
330
1F
100
AcDbEntity
  8
Polycam-Floor_1-Objects-Furniture
 62
45
420
11711154
100
AcDbPolyline
 90
20
 70
0
 43
0.000000
 10
0.360202
 20
0.049785
 10
0.360035
 20
0.049952
 10
0.359873
 20
0.050122
 10
0.359715
 20
0.050295
 10
0.359562
 20
0.050470
 10
0.359413
 20
0.050647
 10
0.359269
 20
0.050827
 10
0.359130
 20
0.051009
 10
0.358995
 20
0.051194
 10
0.358864
 20
0.051380
 10
0.358739
 20
0.051569
 10
0.358618
 20
0.051760
 10
0.358501
 20
0.051953
 10
0.358389
 20
0.052148
 10
0.358281
 20
0.052345
 10
0.358178
 20
0.052543
 10
0.358080
 20
0.052743
 10
0.357985
 20
0.052945
 10
0.357896
 20
0.053149
 10
0.357811
 20
0.053354
  0
LWPOLYLINE
  5
620
330
1F
100
AcDbEntity
  8
Polycam-Floor_1-Objects-Furniture
 62
45
420
11711154
100
AcDbPolyline
 90
20
 70
0
 43
0.000000
 10
0.357811
 20
0.053354
 10
0.357586
 20
0.053961
 10
0.357399
 20
0.054577
 10
0.357251
 20
0.055202
 10
0.357142
 20
0.055833
 10
0.357072
 20
0.056468
 10
0.357040
 20
0.057106
 10
0.357047
 20
0.057744
 10
0.357093
 20
0.058381
 10
0.357178
 20
0.059015
 10
0.357301
 20
0.059644
 10
0.357463
 20
0.060266
 10
0.357664
 20
0.060879
 10
0.357904
 20
0.061482
 10
0.358182
 20
0.062071
 10
0.358499
 20
0.062647
 10
0.358856
 20
0.063206
 10
0.359251
 20
0.063747
 10
0.359685
 20
0.064269
 10
0.360157
 20
0.064768
  0
LWPOLYLINE
  5
621
330
1F
100
AcDbEntity
  8
Polycam-Floor_1-Objects-Furniture
 62
45
420
11711154
100
AcDbPolyline
 90
20
 70
0
 43
0.000000
 10
0.360157
 20
0.064768
 10
0.360837
 20
0.065389
 10
0.361556
 20
0.065942
 10
0.362309
 20
0.066426
 10
0.363092
 20
0.066841
 10
0.363901
 20
0.067188
 10
0.364730
 20
0.067465
 10
0.365575
 20
0.067674
 10
0.366431
 20
0.067814
 10
0.367295
 20
0.067885
 10
0.368161
 20
0.067888
 10
0.369024
 20
0.067821
 10
0.369881
 20
0.067686
 10
0.370727
 20
0.067482
 10
0.371557
 20
0.067209
 10
0.372367
 20
0.066867
 10
0.373152
 20
0.066457
 10
0.373907
 20
0.065977
 10
0.374628
 20
0.065429
 10
0.375310
 20
0.064812
  0
LWPOLYLINE
  5
622
330
1F
100
AcDbEntity
  8
Polycam-Floor_1-Objects-Furniture
 62
45
420
11711154
100
AcDbPolyline
 90
20
 70
0
 43
0.000000
 10
0.385647
 20
0.054652
 10
0.384840
 20
0.053871
 10
0.384038
 20
0.053084
 10
0.383242
 20
0.052291
 10
0.382452
 20
0.051493
 10
0.381667
 20
0.050689
 10
0.380888
 20
0.049881
 10
0.380114
 20
0.049066
 10
0.379346
 20
0.048247
 10
0.378584
 20
0.047422
 10
0.377827
 20
0.046592
 10
0.377076
 20
0.045757
 10
0.376331
 20
0.044917
 10
0.375592
 20
0.044071
 10
0.374859
 20
0.043220
 10
0.374132
 20
0.042365
 10
0.373410
 20
0.041504
 10
0.372695
 20
0.040638
 10
0.371985
 20
0.039767
 10
0.371282
 20
0.038891
  0
LWPOLYLINE
  5
623
330
1F
100
AcDbEntity
  8
Polycam-Floor_1-Objects-Furniture
 62
45
420
11711154
100
AcDbPolyline
 90
20
 70
0
 43
0.000000
 10
0.382144
 20
0.064259
 10
0.382290
 20
0.063885
 10
0.382426
 20
0.063508
 10
0.382552
 20
0.063131
 10
0.382667
 20
0.062752
 10
0.382772
 20
0.062373
 10
0.382866
 20
0.061993
 10
0.382951
 20
0.061613
 10
0.383025
 20
0.061232
 10
0.383090
 20
0.060850
 10
0.383144
 20
0.060469
 10
0.383189
 20
0.060088
 10
0.383224
 20
0.059706
 10
0.383249
 20
0.059325
 10
0.383264
 20
0.058945
 10
0.383270
 20
0.058565
 10
0.383267
 20
0.058186
 10
0.383254
 20
0.057808
 10
0.383231
 20
0.057431
 10
0.383200
 20
0.057056
  0
LWPOLYLINE
  5
624
330
1F
100
AcDbEntity
  8
Polycam-Floor_1-Objects-Furniture
 62
45
420
11711154
100
AcDbPolyline
 90
20
 70
0
 43
0.000000
 10
0.375310
 20
0.064817
 10
0.374628
 20
0.065435
 10
0.373907
 20
0.065983
 10
0.373152
 20
0.066462
 10
0.372367
 20
0.066873
 10
0.371557
 20
0.067215
 10
0.370727
 20
0.067488
 10
0.369881
 20
0.067692
 10
0.369024
 20
0.067827
 10
0.368161
 20
0.067893
 10
0.367295
 20
0.067891
 10
0.366431
 20
0.067820
 10
0.365575
 20
0.067680
 10
0.364730
 20
0.067471
 10
0.363901
 20
0.067193
 10
0.363092
 20
0.066847
 10
0.362309
 20
0.066432
 10
0.361556
 20
0.065948
 10
0.360837
 20
0.065395
 10
0.360157
 20
0.064773
  0
LWPOLYLINE
  5
625
330
1F
100
AcDbEntity
  8
Polycam-Floor_1-Objects-Furniture
 62
45
420
11711154
100
AcDbPolyline
 90
20
 70
0
 43
0.000000
 10
0.360157
 20
0.064773
 10
0.359685
 20
0.064274
 10
0.359252
 20
0.063753
 10
0.358858
 20
0.063212
 10
0.358502
 20
0.062653
 10
0.358185
 20
0.062078
 10
0.357907
 20
0.061488
 10
0.357668
 20
0.060886
 10
0.357467
 20
0.060273
 10
0.357305
 20
0.059651
 10
0.357182
 20
0.059023
 10
0.357097
 20
0.058389
 10
0.357051
 20
0.057752
 10
0.357044
 20
0.057114
 10
0.357075
 20
0.056476
 10
0.357145
 20
0.055841
 10
0.357254
 20
0.055209
 10
0.357401
 20
0.054584
 10
0.357586
 20
0.053967
 10
0.357811
 20
0.053360
  0
LWPOLYLINE
  5
626
330
1F
100
AcDbEntity
  8
Polycam-Floor_1-Objects-Furniture
 62
45
420
11711154
100
AcDbPolyline
 90
20
 70
0
 43
0.000000
 10
0.357811
 20
0.053360
 10
0.357896
 20
0.053155
 10
0.357985
 20
0.052951
 10
0.358080
 20
0.052749
 10
0.358178
 20
0.052549
 10
0.358281
 20
0.052350
 10
0.358389
 20
0.052153
 10
0.358501
 20
0.051959
 10
0.358618
 20
0.051766
 10
0.358739
 20
0.051575
 10
0.358864
 20
0.051386
 10
0.358995
 20
0.051199
 10
0.359130
 20
0.051015
 10
0.359269
 20
0.050832
 10
0.359413
 20
0.050653
 10
0.359562
 20
0.050475
 10
0.359715
 20
0.050300
 10
0.359873
 20
0.050128
 10
0.360035
 20
0.049958
 10
0.360202
 20
0.049791
  0
LWPOLYLINE
  5
627
330
1F
100
AcDbEntity
  8
Polycam-Floor_1-Objects-Furniture
 62
45
420
11711154
100
AcDbPolyline
 90
20
 70
0
 43
0.000000
 10
0.367142
 20
0.042968
 10
0.366186
 20
0.043022
 10
0.365240
 20
0.043133
 10
0.364306
 20
0.043300
 10
0.363385
 20
0.043522
 10
0.362481
 20
0.043798
 10
0.361597
 20
0.044126
 10
0.360734
 20
0.044506
 10
0.359895
 20
0.044937
 10
0.359083
 20
0.045417
 10
0.358300
 20
0.045946
 10
0.357549
 20
0.046522
 10
0.356832
 20
0.047145
 10
0.356152
 20
0.047813
 10
0.355511
 20
0.048525
 10
0.354912
 20
0.049281
 10
0.354357
 20
0.050078
 10
0.353849
 20
0.050917
 10
0.353390
 20
0.051796
 10
0.352983
 20
0.052713
  0
LWPOLYLINE
  5
628
330
1F
100
AcDbEntity
  8
Polycam-Floor_1-Objects-Furniture
 62
45
420
11711154
100
AcDbPolyline
 90
20
 70
0
 43
0.000000
 10
0.352983
 20
0.052713
 10
0.352533
 20
0.053978
 10
0.352199
 20
0.055255
 10
0.351978
 20
0.056538
 10
0.351868
 20
0.057820
 10
0.351867
 20
0.059096
 10
0.351970
 20
0.060359
 10
0.352177
 20
0.061604
 10
0.352484
 20
0.062825
 10
0.352889
 20
0.064015
 10
0.353389
 20
0.065168
 10
0.353981
 20
0.066279
 10
0.354662
 20
0.067341
 10
0.355431
 20
0.068348
 10
0.356285
 20
0.069294
 10
0.357220
 20
0.070173
 10
0.358235
 20
0.070980
 10
0.359326
 20
0.071707
 10
0.360491
 20
0.072349
 10
0.361727
 20
0.072900
  0
LWPOLYLINE
  5
629
330
1F
100
AcDbEntity
  8
Polycam-Floor_1-Objects-Furniture
 62
45
420
11711154
100
AcDbPolyline
 90
20
 70
0
 43
0.000000
 10
0.361727
 20
0.072900
 10
0.363008
 20
0.073345
 10
0.364299
 20
0.073675
 10
0.365597
 20
0.073894
 10
0.366894
 20
0.074003
 10
0.368185
 20
0.074005
 10
0.369463
 20
0.073902
 10
0.370722
 20
0.073699
 10
0.371956
 20
0.073396
 10
0.373160
 20
0.072996
 10
0.374326
 20
0.072503
 10
0.375449
 20
0.071918
 10
0.376523
 20
0.071245
 10
0.377541
 20
0.070485
 10
0.378498
 20
0.069642
 10
0.379387
 20
0.068718
 10
0.380202
 20
0.067716
 10
0.380937
 20
0.066638
 10
0.381587
 20
0.065487
 10
0.382144
 20
0.064265
  0
LWPOLYLINE
  5
62a
330
1F
100
AcDbEntity
  8
Polycam-Floor_1-Objects-Furniture
 62
45
420
11711154
100
AcDbPolyline
 90
20
 70
0
 43
0.000000
 10
0.499446
 20
-0.322930
 10
0.492964
 20
-0.322805
 10
0.486546
 20
-0.322433
 10
0.480196
 20
-0.321819
 10
0.473921
 20
-0.320967
 10
0.467723
 20
-0.319883
 10
0.461608
 20
-0.318570
 10
0.455581
 20
-0.317034
 10
0.449646
 20
-0.315278
 10
0.443808
 20
-0.313309
 10
0.438072
 20
-0.311129
 10
0.432442
 20
-0.308745
 10
0.426923
 20
-0.306160
 10
0.421520
 20
-0.303379
 10
0.416238
 20
-0.300407
 10
0.411081
 20
-0.297249
 10
0.406054
 20
-0.293909
 10
0.401161
 20
-0.290392
 10
0.396408
 20
-0.286702
 10
0.391799
 20
-0.282844
  0
LWPOLYLINE
  5
62b
330
1F
100
AcDbEntity
  8
Polycam-Floor_1-Objects-Furniture
 62
45
420
11711154
100
AcDbPolyline
 90
20
 70
0
 43
0.000000
 10
0.391799
 20
-0.282844
 10
0.390951
 20
-0.282102
 10
0.390108
 20
-0.281355
 10
0.389271
 20
-0.280602
 10
0.388439
 20
-0.279844
 10
0.387612
 20
-0.279079
 10
0.386791
 20
-0.278310
 10
0.385976
 20
-0.277535
 10
0.385165
 20
-0.276754
 10
0.384361
 20
-0.275968
 10
0.383562
 20
-0.275176
 10
0.382768
 20
-0.274379
 10
0.381980
 20
-0.273577
 10
0.381198
 20
-0.272769
 10
0.380422
 20
-0.271956
 10
0.379652
 20
-0.271138
 10
0.378887
 20
-0.270314
 10
0.378128
 20
-0.269485
 10
0.377376
 20
-0.268651
 10
0.376629
 20
-0.267812
  0
LWPOLYLINE
  5
62c
330
1F
100
AcDbEntity
  8
Polycam-Floor_1-Objects-Furniture
 62
45
420
11711154
100
AcDbPolyline
 90
20
 70
0
 43
0.000000
 10
0.376629
 20
-0.267812
 10
0.372744
 20
-0.263259
 10
0.369028
 20
-0.258564
 10
0.365486
 20
-0.253733
 10
0.362123
 20
-0.248770
 10
0.358943
 20
-0.243679
 10
0.355951
 20
-0.238466
 10
0.353151
 20
-0.233134
 10
0.350549
 20
-0.227688
 10
0.348149
 20
-0.222133
 10
0.345955
 20
-0.216474
 10
0.343972
 20
-0.210715
 10
0.342205
 20
-0.204861
 10
0.340659
 20
-0.198916
 10
0.339337
 20
-0.192884
 10
0.338246
 20
-0.186772
 10
0.337389
 20
-0.180582
 10
0.336771
 20
-0.174320
 10
0.336397
 20
-0.167991
 10
0.336271
 20
-0.161598
  0
LWPOLYLINE
  5
62d
330
1F
100
AcDbEntity
  8
Polycam-Floor_1-Objects-Furniture
 62
45
420
11711154
100
AcDbPolyline
 90
20
 70
0
 43
0.000000
 10
0.336271
 20
-0.060970
 10
0.336379
 20
-0.055041
 10
0.336701
 20
-0.049167
 10
0.337233
 20
-0.043350
 10
0.337971
 20
-0.037594
 10
0.338912
 20
-0.031904
 10
0.340052
 20
-0.026282
 10
0.341387
 20
-0.020732
 10
0.342914
 20
-0.015258
 10
0.344628
 20
-0.009864
 10
0.346527
 20
-0.004554
 10
0.348605
 20
0.000670
 10
0.350861
 20
0.005803
 10
0.353289
 20
0.010842
 10
0.355886
 20
0.015783
 10
0.358649
 20
0.020623
 10
0.361574
 20
0.025357
 10
0.364657
 20
0.029982
 10
0.367894
 20
0.034495
 10
0.371282
 20
0.038891
  0
LWPOLYLINE
  5
62e
330
1F
100
AcDbEntity
  8
Polycam-Floor_1-Objects-Furniture
 62
45
420
11711154
100
AcDbPolyline
 90
20
 70
0
 43
0.000000
 10
0.371282
 20
0.038891
 10
0.371985
 20
0.039767
 10
0.372695
 20
0.040638
 10
0.373410
 20
0.041504
 10
0.374132
 20
0.042365
 10
0.374859
 20
0.043220
 10
0.375592
 20
0.044071
 10
0.376331
 20
0.044917
 10
0.377076
 20
0.045757
 10
0.377827
 20
0.046592
 10
0.378584
 20
0.047422
 10
0.379346
 20
0.048247
 10
0.380114
 20
0.049066
 10
0.380888
 20
0.049881
 10
0.381667
 20
0.050689
 10
0.382452
 20
0.051493
 10
0.383242
 20
0.052291
 10
0.384038
 20
0.053084
 10
0.384840
 20
0.053871
 10
0.385647
 20
0.054652
  0
LWPOLYLINE
  5
62f
330
1F
100
AcDbEntity
  8
Polycam-Floor_1-Objects-Furniture
 62
45
420
11711154
100
AcDbPolyline
 90
20
 70
0
 43
0.000000
 10
0.385647
 20
0.054652
 10
0.390376
 20
0.059028
 10
0.395278
 20
0.063218
 10
0.400347
 20
0.067215
 10
0.405578
 20
0.071014
 10
0.410964
 20
0.074610
 10
0.416500
 20
0.077997
 10
0.422180
 20
0.081168
 10
0.427998
 20
0.084119
 10
0.433948
 20
0.086844
 10
0.440025
 20
0.089336
 10
0.446222
 20
0.091590
 10
0.452534
 20
0.093600
 10
0.458956
 20
0.095361
 10
0.465480
 20
0.096867
 10
0.472102
 20
0.098112
 10
0.478815
 20
0.099090
 10
0.485614
 20
0.099796
 10
0.492493
 20
0.100224
 10
0.499446
 20
0.100368
  0
LWPOLYLINE
  5
630
330
1F
100
AcDbEntity
  8
Polycam-Floor_1-Objects-Furniture
 62
45
420
11711154
100
AcDbPolyline
 90
20
 70
0
 43
0.000000
 10
0.518214
 20
0.100776
 10
0.524800
 20
0.100631
 10
0.531483
 20
0.100198
 10
0.538251
 20
0.099482
 10
0.545093
 20
0.098489
 10
0.551997
 20
0.097224
 10
0.558951
 20
0.095691
 10
0.565944
 20
0.093897
 10
0.572964
 20
0.091846
 10
0.580000
 20
0.089542
 10
0.587039
 20
0.086992
 10
0.594071
 20
0.084201
 10
0.601084
 20
0.081173
 10
0.608066
 20
0.077914
 10
0.615005
 20
0.074428
 10
0.621890
 20
0.070721
 10
0.628710
 20
0.066798
 10
0.635452
 20
0.062665
 10
0.642105
 20
0.058325
 10
0.648658
 20
0.053785
  0
LWPOLYLINE
  5
631
330
1F
100
AcDbEntity
  8
Polycam-Floor_1-Objects-Furniture
 62
45
420
11711154
100
AcDbPolyline
 90
20
 70
0
 43
0.000000
 10
0.648658
 20
0.053785
 10
0.650079
 20
0.052765
 10
0.651495
 20
0.051736
 10
0.652905
 20
0.050697
 10
0.654309
 20
0.049649
 10
0.655707
 20
0.048591
 10
0.657100
 20
0.047525
 10
0.658486
 20
0.046449
 10
0.659866
 20
0.045364
 10
0.661240
 20
0.044270
 10
0.662607
 20
0.043168
 10
0.663968
 20
0.042056
 10
0.665322
 20
0.040935
 10
0.666669
 20
0.039806
 10
0.668009
 20
0.038668
 10
0.669342
 20
0.037521
 10
0.670667
 20
0.036365
 10
0.671986
 20
0.035201
 10
0.673297
 20
0.034028
 10
0.674600
 20
0.032847
  0
LWPOLYLINE
  5
632
330
1F
100
AcDbEntity
  8
Polycam-Floor_1-Objects-Furniture
 62
45
420
11711154
100
AcDbPolyline
 90
20
 70
0
 43
0.000000
 10
0.674600
 20
0.032847
 10
0.674744
 20
0.032716
 10
0.674888
 20
0.032585
 10
0.675031
 20
0.032454
 10
0.675175
 20
0.032322
 10
0.675319
 20
0.032191
 10
0.675462
 20
0.032059
 10
0.675606
 20
0.031927
 10
0.675750
 20
0.031795
 10
0.675893
 20
0.031663
 10
0.676036
 20
0.031530
 10
0.676180
 20
0.031398
 10
0.676323
 20
0.031265
 10
0.676466
 20
0.031133
 10
0.676609
 20
0.031000
 10
0.676751
 20
0.030867
 10
0.676894
 20
0.030734
 10
0.677037
 20
0.030600
 10
0.677179
 20
0.030467
 10
0.677321
 20
0.030334
  0
LWPOLYLINE
  5
633
330
1F
100
AcDbEntity
  8
Polycam-Floor_1-Objects-Furniture
 62
45
420
11711154
100
AcDbPolyline
 90
20
 70
0
 43
0.000000
 10
0.677321
 20
0.030334
 10
0.678196
 20
0.029511
 10
0.679067
 20
0.028684
 10
0.679935
 20
0.027853
 10
0.680799
 20
0.027019
 10
0.681658
 20
0.026181
 10
0.682514
 20
0.025338
 10
0.683366
 20
0.024492
 10
0.684214
 20
0.023643
 10
0.685058
 20
0.022789
 10
0.685897
 20
0.021932
 10
0.686733
 20
0.021071
 10
0.687564
 20
0.020206
 10
0.688391
 20
0.019338
 10
0.689214
 20
0.018466
 10
0.690032
 20
0.017591
 10
0.690846
 20
0.016712
 10
0.691656
 20
0.015829
 10
0.692461
 20
0.014943
 10
0.693262
 20
0.014053
  0
LWPOLYLINE
  5
634
330
1F
100
AcDbEntity
  8
Polycam-Floor_1-Objects-Furniture
 62
45
420
11711154
100
AcDbPolyline
 90
20
 70
0
 43
0.000000
 10
0.693262
 20
0.014053
 10
0.698147
 20
0.008437
 10
0.702850
 20
0.002688
 10
0.707362
 20
-0.003189
 10
0.711673
 20
-0.009190
 10
0.715774
 20
-0.015311
 10
0.719655
 20
-0.021547
 10
0.723307
 20
-0.027896
 10
0.726721
 20
-0.034352
 10
0.729887
 20
-0.040911
 10
0.732796
 20
-0.047570
 10
0.735439
 20
-0.054324
 10
0.737805
 20
-0.061168
 10
0.739886
 20
-0.068100
 10
0.741673
 20
-0.075114
 10
0.743155
 20
-0.082207
 10
0.744324
 20
-0.089374
 10
0.745170
 20
-0.096612
 10
0.745684
 20
-0.103915
 10
0.745856
 20
-0.111281
  0
LWPOLYLINE
  5
635
330
1F
100
AcDbEntity
  8
Polycam-Floor_1-Objects-Furniture
 62
45
420
11711154
100
AcDbPolyline
 90
20
 70
0
 43
0.000000
 10
0.745856
 20
-0.111281
 10
0.745859
 20
-0.111430
 10
0.745861
 20
-0.111579
 10
0.745864
 20
-0.111728
 10
0.745866
 20
-0.111877
 10
0.745868
 20
-0.112026
 10
0.745870
 20
-0.112175
 10
0.745872
 20
-0.112324
 10
0.745874
 20
-0.112472
 10
0.745876
 20
-0.112621
 10
0.745877
 20
-0.112770
 10
0.745879
 20
-0.112918
 10
0.745880
 20
-0.113067
 10
0.745881
 20
-0.113216
 10
0.745882
 20
-0.113365
 10
0.745883
 20
-0.113514
 10
0.745883
 20
-0.113663
 10
0.745884
 20
-0.113812
 10
0.745884
 20
-0.113961
 10
0.745884
 20
-0.114110
  0
LWPOLYLINE
  5
636
330
1F
100
AcDbEntity
  8
Polycam-Floor_1-Objects-Furniture
 62
45
420
11711154
100
AcDbPolyline
 90
20
 70
0
 43
0.000000
 10
0.745884
 20
-0.114110
 10
0.745715
 20
-0.121280
 10
0.745214
 20
-0.128390
 10
0.744390
 20
-0.135436
 10
0.743252
 20
-0.142414
 10
0.741809
 20
-0.149319
 10
0.740069
 20
-0.156149
 10
0.738042
 20
-0.162900
 10
0.735737
 20
-0.169566
 10
0.733162
 20
-0.176145
 10
0.730326
 20
-0.182632
 10
0.727239
 20
-0.189024
 10
0.723909
 20
-0.195316
 10
0.720345
 20
-0.201505
 10
0.716557
 20
-0.207587
 10
0.712552
 20
-0.213558
 10
0.708340
 20
-0.219413
 10
0.703931
 20
-0.225150
 10
0.699332
 20
-0.230764
 10
0.694553
 20
-0.236251
  0
LWPOLYLINE
  5
637
330
1F
100
AcDbEntity
  8
Polycam-Floor_1-Objects-Furniture
 62
45
420
11711154
100
AcDbPolyline
 90
20
 70
0
 43
0.000000
 10
0.694553
 20
-0.236251
 10
0.693770
 20
-0.237119
 10
0.692984
 20
-0.237983
 10
0.692193
 20
-0.238845
 10
0.691398
 20
-0.239703
 10
0.690598
 20
-0.240557
 10
0.689794
 20
-0.241408
 10
0.688986
 20
-0.242256
 10
0.688174
 20
-0.243100
 10
0.687358
 20
-0.243940
 10
0.686537
 20
-0.244777
 10
0.685713
 20
-0.245611
 10
0.684884
 20
-0.246440
 10
0.684052
 20
-0.247266
 10
0.683215
 20
-0.248089
 10
0.682375
 20
-0.248907
 10
0.681531
 20
-0.249722
 10
0.680682
 20
-0.250534
 10
0.679831
 20
-0.251341
 10
0.678975
 20
-0.252145
  0
LWPOLYLINE
  5
638
330
1F
100
AcDbEntity
  8
Polycam-Floor_1-Objects-Furniture
 62
45
420
11711154
100
AcDbPolyline
 90
20
 70
0
 43
0.000000
 10
0.678975
 20
-0.252145
 10
0.678576
 20
-0.252518
 10
0.678176
 20
-0.252890
 10
0.677774
 20
-0.253261
 10
0.677373
 20
-0.253632
 10
0.676970
 20
-0.254002
 10
0.676566
 20
-0.254371
 10
0.676162
 20
-0.254739
 10
0.675756
 20
-0.255107
 10
0.675350
 20
-0.255474
 10
0.674943
 20
-0.255840
 10
0.674536
 20
-0.256205
 10
0.674127
 20
-0.256569
 10
0.673718
 20
-0.256932
 10
0.673308
 20
-0.257295
 10
0.672897
 20
-0.257657
 10
0.672486
 20
-0.258017
 10
0.672074
 20
-0.258377
 10
0.671661
 20
-0.258736
 10
0.671248
 20
-0.259094
  0
LWPOLYLINE
  5
639
330
1F
100
AcDbEntity
  8
Polycam-Floor_1-Objects-Furniture
 62
45
420
11711154
100
AcDbPolyline
 90
20
 70
0
 43
0.000000
 10
0.671248
 20
-0.259094
 10
0.669866
 20
-0.260283
 10
0.668477
 20
-0.261462
 10
0.667080
 20
-0.262633
 10
0.665675
 20
-0.263793
 10
0.664262
 20
-0.264945
 10
0.662842
 20
-0.266086
 10
0.661415
 20
-0.267219
 10
0.659980
 20
-0.268341
 10
0.658539
 20
-0.269454
 10
0.657090
 20
-0.270557
 10
0.655635
 20
-0.271650
 10
0.654173
 20
-0.272733
 10
0.652704
 20
-0.273806
 10
0.651229
 20
-0.274870
 10
0.649748
 20
-0.275923
 10
0.648261
 20
-0.276965
 10
0.646767
 20
-0.277998
 10
0.645268
 20
-0.279020
 10
0.643763
 20
-0.280032
  0
LWPOLYLINE
  5
63a
330
1F
100
AcDbEntity
  8
Polycam-Floor_1-Objects-Furniture
 62
45
420
11711154
100
AcDbPolyline
 90
20
 70
0
 43
0.000000
 10
0.643763
 20
-0.280032
 10
0.637423
 20
-0.284150
 10
0.630996
 20
-0.288084
 10
0.624494
 20
-0.291829
 10
0.617925
 20
-0.295382
 10
0.611299
 20
-0.298736
 10
0.604628
 20
-0.301889
 10
0.597920
 20
-0.304836
 10
0.591185
 20
-0.307572
 10
0.584434
 20
-0.310094
 10
0.577677
 20
-0.312396
 10
0.570923
 20
-0.314474
 10
0.564182
 20
-0.316324
 10
0.557465
 20
-0.317942
 10
0.550782
 20
-0.319323
 10
0.544142
 20
-0.320462
 10
0.537555
 20
-0.321357
 10
0.531031
 20
-0.322001
 10
0.524581
 20
-0.322390
 10
0.518214
 20
-0.322521
  0
LWPOLYLINE
  5
63b
330
1F
100
AcDbEntity
  8
Polycam-Floor_1-Objects-Furniture
 62
45
420
11711154
100
AcDbPolyline
 90
20
 70
0
 43
0.000000
 10
0.643763
 20
-0.280032
 10
0.645268
 20
-0.279020
 10
0.646767
 20
-0.277998
 10
0.648261
 20
-0.276965
 10
0.649748
 20
-0.275923
 10
0.651229
 20
-0.274870
 10
0.652704
 20
-0.273806
 10
0.654173
 20
-0.272733
 10
0.655635
 20
-0.271650
 10
0.657090
 20
-0.270557
 10
0.658539
 20
-0.269454
 10
0.659980
 20
-0.268341
 10
0.661415
 20
-0.267219
 10
0.662842
 20
-0.266086
 10
0.664262
 20
-0.264945
 10
0.665675
 20
-0.263793
 10
0.667080
 20
-0.262633
 10
0.668477
 20
-0.261462
 10
0.669866
 20
-0.260283
 10
0.671248
 20
-0.259094
  0
LWPOLYLINE
  5
63c
330
1F
100
AcDbEntity
  8
Polycam-Floor_1-Objects-Furniture
 62
45
420
11711154
100
AcDbPolyline
 90
20
 70
0
 43
0.000000
 10
0.674600
 20
0.032847
 10
0.673297
 20
0.034028
 10
0.671986
 20
0.035201
 10
0.670667
 20
0.036365
 10
0.669342
 20
0.037521
 10
0.668009
 20
0.038668
 10
0.666669
 20
0.039806
 10
0.665322
 20
0.040935
 10
0.663968
 20
0.042056
 10
0.662607
 20
0.043168
 10
0.661240
 20
0.044270
 10
0.659866
 20
0.045364
 10
0.658486
 20
0.046449
 10
0.657100
 20
0.047525
 10
0.655707
 20
0.048591
 10
0.654309
 20
0.049649
 10
0.652905
 20
0.050697
 10
0.651495
 20
0.051736
 10
0.650079
 20
0.052765
 10
0.648658
 20
0.053785
  0
LWPOLYLINE
  5
63d
330
1F
100
AcDbEntity
  8
Polycam-Floor_1-Objects-Fixtures
 62
45
420
11711154
100
AcDbPolyline
 90
2
 70
0
 43
0.000000
 10
-1.734463
 20
-4.394069
 10
-1.734463
 20
-3.789822
  0
LWPOLYLINE
  5
63e
330
1F
100
AcDbEntity
  8
Polycam-Floor_1-Objects-Fixtures
 62
45
420
11711154
100
AcDbPolyline
 90
2
 70
0
 43
0.000000
 10
-1.734463
 20
-3.789822
 10
-2.281027
 20
-3.789822
  0
LWPOLYLINE
  5
63f
330
1F
100
AcDbEntity
  8
Polycam-Floor_1-Objects-Fixtures
 62
45
420
11711154
100
AcDbPolyline
 90
2
 70
0
 43
0.000000
 10
-2.281027
 20
-3.789822
 10
-2.281027
 20
-4.394069
  0
LWPOLYLINE
  5
640
330
1F
100
AcDbEntity
  8
Polycam-Floor_1-Objects-Fixtures
 62
45
420
11711154
100
AcDbPolyline
 90
2
 70
0
 43
0.000000
 10
-2.281027
 20
-4.394069
 10
-1.734463
 20
-4.394069
  0
LWPOLYLINE
  5
641
330
1F
100
AcDbEntity
  8
Polycam-Floor_1-Objects-Fixtures
 62
45
420
11711154
100
AcDbPolyline
 90
2
 70
0
 43
0.000000
 10
-1.734463
 20
-4.394069
 10
-1.734463
 20
-4.394069
  0
LWPOLYLINE
  5
642
330
1F
100
AcDbEntity
  8
Polycam-Floor_1-Objects-Fixtures
 62
45
420
11711154
100
AcDbPolyline
 90
2
 70
0
 43
0.000000
 10
-1.662819
 20
-4.394069
 10
-1.662819
 20
-3.789822
  0
LWPOLYLINE
  5
643
330
1F
100
AcDbEntity
  8
Polycam-Floor_1-Objects-Fixtures
 62
45
420
11711154
100
AcDbPolyline
 90
2
 70
0
 43
0.000000
 10
-1.662819
 20
-3.789822
 10
-1.723342
 20
-3.789822
  0
LWPOLYLINE
  5
644
330
1F
100
AcDbEntity
  8
Polycam-Floor_1-Objects-Fixtures
 62
45
420
11711154
100
AcDbPolyline
 90
2
 70
0
 43
0.000000
 10
-1.723342
 20
-3.789822
 10
-1.723342
 20
-4.394069
  0
LWPOLYLINE
  5
645
330
1F
100
AcDbEntity
  8
Polycam-Floor_1-Objects-Fixtures
 62
45
420
11711154
100
AcDbPolyline
 90
2
 70
0
 43
0.000000
 10
-1.723342
 20
-4.394069
 10
-1.662819
 20
-4.394069
  0
LWPOLYLINE
  5
646
330
1F
100
AcDbEntity
  8
Polycam-Floor_1-Objects-Fixtures
 62
45
420
11711154
100
AcDbPolyline
 90
2
 70
0
 43
0.000000
 10
-1.662819
 20
-4.394069
 10
-1.662819
 20
-4.394069
  0
LWPOLYLINE
  5
647
330
1F
100
AcDbEntity
  8
Polycam-Floor_1-Objects-Fixtures
 62
45
420
11711154
100
AcDbPolyline
 90
2
 70
0
 43
0.000000
 10
-1.723342
 20
-3.793600
 10
-1.734463
 20
-3.793600
  0
LWPOLYLINE
  5
648
330
1F
100
AcDbEntity
  8
Polycam-Floor_1-Objects-Fixtures
 62
45
420
11711154
100
AcDbPolyline
 90
2
 70
0
 43
0.000000
 10
-1.723342
 20
-4.389669
 10
-1.734463
 20
-4.389669
  0
LWPOLYLINE
  5
649
330
1F
100
AcDbEntity
  8
Polycam-Floor_1-Objects-Fixtures
 62
45
420
11711154
100
AcDbPolyline
 90
2
 70
0
 43
0.000000
 10
-1.634418
 20
-3.926193
 10
-1.634418
 20
-3.926200
  0
LWPOLYLINE
  5
64a
330
1F
100
AcDbEntity
  8
Polycam-Floor_1-Objects-Fixtures
 62
45
420
11711154
100
AcDbPolyline
 90
2
 70
0
 43
0.000000
 10
-1.634418
 20
-3.926200
 10
-1.634418
 20
-3.926200
  0
LWPOLYLINE
  5
64b
330
1F
100
AcDbEntity
  8
Polycam-Floor_1-Objects-Fixtures
 62
45
420
11711154
100
AcDbPolyline
 90
2
 70
0
 43
0.000000
 10
-1.647399
 20
-3.913195
 10
-1.662819
 20
-3.913195
  0
LWPOLYLINE
  5
64c
330
1F
100
AcDbEntity
  8
Polycam-Floor_1-Objects-Fixtures
 62
45
420
11711154
100
AcDbPolyline
 90
2
 70
0
 43
0.000000
 10
-1.662819
 20
-3.913195
 10
-1.662819
 20
-3.891580
  0
LWPOLYLINE
  5
64d
330
1F
100
AcDbEntity
  8
Polycam-Floor_1-Objects-Fixtures
 62
45
420
11711154
100
AcDbPolyline
 90
2
 70
0
 43
0.000000
 10
-1.662819
 20
-3.891580
 10
-1.647199
 20
-3.891580
  0
LWPOLYLINE
  5
64e
330
1F
100
AcDbEntity
  8
Polycam-Floor_1-Objects-Fixtures
 62
45
420
11711154
100
AcDbPolyline
 90
2
 70
0
 43
0.000000
 10
-1.647399
 20
-3.913195
 10
-1.647399
 20
-3.913195
  0
LWPOLYLINE
  5
64f
330
1F
100
AcDbEntity
  8
Polycam-Floor_1-Objects-Fixtures
 62
45
420
11711154
100
AcDbPolyline
 90
20
 70
0
 43
0.000000
 10
-1.634418
 20
-3.926200
 10
-1.635308
 20
-3.926156
 10
-1.636184
 20
-3.926027
 10
-1.637044
 20
-3.925815
 10
-1.637887
 20
-3.925523
 10
-1.638712
 20
-3.925153
 10
-1.639516
 20
-3.924708
 10
-1.640298
 20
-3.924189
 10
-1.641056
 20
-3.923600
 10
-1.641790
 20
-3.922944
 10
-1.642497
 20
-3.922222
 10
-1.643175
 20
-3.921437
 10
-1.643824
 20
-3.920592
 10
-1.644441
 20
-3.919689
 10
-1.645026
 20
-3.918730
 10
-1.645576
 20
-3.917719
 10
-1.646089
 20
-3.916657
 10
-1.646566
 20
-3.915548
 10
-1.647003
 20
-3.914393
 10
-1.647399
 20
-3.913195
  0
LWPOLYLINE
  5
650
330
1F
100
AcDbEntity
  8
Polycam-Floor_1-Objects-Fixtures
 62
45
420
11711154
100
AcDbPolyline
 90
20
 70
0
 43
0.000000
 10
-1.647399
 20
-3.913195
 10
-1.647537
 20
-3.912693
 10
-1.647643
 20
-3.912185
 10
-1.647717
 20
-3.911671
 10
-1.647765
 20
-3.911150
 10
-1.647788
 20
-3.910623
 10
-1.647790
 20
-3.910090
 10
-1.647773
 20
-3.909551
 10
-1.647741
 20
-3.909007
 10
-1.647696
 20
-3.908457
 10
-1.647641
 20
-3.907902
 10
-1.647580
 20
-3.907342
 10
-1.647515
 20
-3.906777
 10
-1.647449
 20
-3.906207
 10
-1.647385
 20
-3.905633
 10
-1.647326
 20
-3.905054
 10
-1.647275
 20
-3.904471
 10
-1.647235
 20
-3.903884
 10
-1.647208
 20
-3.903293
 10
-1.647199
 20
-3.902699
  0
LWPOLYLINE
  5
651
330
1F
100
AcDbEntity
  8
Polycam-Floor_1-Objects-Fixtures
 62
45
420
11711154
100
AcDbPolyline
 90
20
 70
0
 43
0.000000
 10
-1.647199
 20
-3.902699
 10
-1.647208
 20
-3.902066
 10
-1.647232
 20
-3.901438
 10
-1.647269
 20
-3.900813
 10
-1.647315
 20
-3.900193
 10
-1.647368
 20
-3.899578
 10
-1.647426
 20
-3.898968
 10
-1.647484
 20
-3.898363
 10
-1.647540
 20
-3.897763
 10
-1.647591
 20
-3.897169
 10
-1.647635
 20
-3.896580
 10
-1.647668
 20
-3.895998
 10
-1.647687
 20
-3.895421
 10
-1.647690
 20
-3.894851
 10
-1.647673
 20
-3.894288
 10
-1.647635
 20
-3.893732
 10
-1.647571
 20
-3.893183
 10
-1.647479
 20
-3.892641
 10
-1.647356
 20
-3.892106
 10
-1.647199
 20
-3.891580
  0
LWPOLYLINE
  5
652
330
1F
100
AcDbEntity
  8
Polycam-Floor_1-Objects-Fixtures
 62
45
420
11711154
100
AcDbPolyline
 90
20
 70
0
 43
0.000000
 10
-1.647199
 20
-3.891580
 10
-1.646793
 20
-3.890436
 10
-1.646349
 20
-3.889334
 10
-1.645868
 20
-3.888275
 10
-1.645353
 20
-3.887263
 10
-1.644804
 20
-3.886299
 10
-1.644223
 20
-3.885386
 10
-1.643612
 20
-3.884526
 10
-1.642971
 20
-3.883722
 10
-1.642302
 20
-3.882975
 10
-1.641608
 20
-3.882289
 10
-1.640888
 20
-3.881665
 10
-1.640146
 20
-3.881105
 10
-1.639381
 20
-3.880613
 10
-1.638596
 20
-3.880190
 10
-1.637793
 20
-3.879839
 10
-1.636972
 20
-3.879562
 10
-1.636134
 20
-3.879361
 10
-1.635283
 20
-3.879239
 10
-1.634418
 20
-3.879197
  0
LWPOLYLINE
  5
653
330
1F
100
AcDbEntity
  8
Polycam-Floor_1-Objects-Fixtures
 62
45
420
11711154
100
AcDbPolyline
 90
20
 70
0
 43
0.000000
 10
-1.634418
 20
-3.879197
 10
-1.633165
 20
-3.879284
 10
-1.631942
 20
-3.879538
 10
-1.630752
 20
-3.879953
 10
-1.629601
 20
-3.880521
 10
-1.628493
 20
-3.881236
 10
-1.627431
 20
-3.882091
 10
-1.626421
 20
-3.883078
 10
-1.625467
 20
-3.884191
 10
-1.624572
 20
-3.885423
 10
-1.623743
 20
-3.886765
 10
-1.622982
 20
-3.888212
 10
-1.622294
 20
-3.889757
 10
-1.621683
 20
-3.891391
 10
-1.621155
 20
-3.893109
 10
-1.620713
 20
-3.894903
 10
-1.620362
 20
-3.896766
 10
-1.620105
 20
-3.898691
 10
-1.619948
 20
-3.900671
 10
-1.619895
 20
-3.902699
  0
LWPOLYLINE
  5
654
330
1F
100
AcDbEntity
  8
Polycam-Floor_1-Objects-Fixtures
 62
45
420
11711154
100
AcDbPolyline
 90
20
 70
0
 43
0.000000
 10
-1.619895
 20
-3.902699
 10
-1.619948
 20
-3.904727
 10
-1.620105
 20
-3.906706
 10
-1.620362
 20
-3.908631
 10
-1.620713
 20
-3.910494
 10
-1.621155
 20
-3.912287
 10
-1.621683
 20
-3.914005
 10
-1.622294
 20
-3.915639
 10
-1.622982
 20
-3.917183
 10
-1.623743
 20
-3.918629
 10
-1.624572
 20
-3.919971
 10
-1.625467
 20
-3.921202
 10
-1.626421
 20
-3.922314
 10
-1.627431
 20
-3.923301
 10
-1.628493
 20
-3.924156
 10
-1.629601
 20
-3.924871
 10
-1.630752
 20
-3.925439
 10
-1.631942
 20
-3.925853
 10
-1.633165
 20
-3.926107
 10
-1.634418
 20
-3.926193
  0
LWPOLYLINE
  5
655
330
1F
100
AcDbEntity
  8
Polycam-Floor_1-Objects-Fixtures
 62
45
420
11711154
100
AcDbPolyline
 90
20
 70
0
 43
0.000000
 10
-1.647199
 20
-3.891580
 10
-1.647356
 20
-3.892107
 10
-1.647479
 20
-3.892642
 10
-1.647571
 20
-3.893185
 10
-1.647635
 20
-3.893734
 10
-1.647673
 20
-3.894291
 10
-1.647690
 20
-3.894854
 10
-1.647687
 20
-3.895424
 10
-1.647668
 20
-3.896000
 10
-1.647635
 20
-3.896582
 10
-1.647591
 20
-3.897171
 10
-1.647540
 20
-3.897765
 10
-1.647484
 20
-3.898364
 10
-1.647426
 20
-3.898969
 10
-1.647368
 20
-3.899579
 10
-1.647315
 20
-3.900194
 10
-1.647269
 20
-3.900814
 10
-1.647232
 20
-3.901438
 10
-1.647208
 20
-3.902066
 10
-1.647199
 20
-3.902699
  0
LWPOLYLINE
  5
656
330
1F
100
AcDbEntity
  8
Polycam-Floor_1-Objects-Fixtures
 62
45
420
11711154
100
AcDbPolyline
 90
20
 70
0
 43
0.000000
 10
-1.647199
 20
-3.902699
 10
-1.647208
 20
-3.903293
 10
-1.647234
 20
-3.903883
 10
-1.647274
 20
-3.904469
 10
-1.647325
 20
-3.905052
 10
-1.647383
 20
-3.905630
 10
-1.647447
 20
-3.906205
 10
-1.647512
 20
-3.906774
 10
-1.647577
 20
-3.907339
 10
-1.647638
 20
-3.907900
 10
-1.647692
 20
-3.908455
 10
-1.647737
 20
-3.909005
 10
-1.647769
 20
-3.909549
 10
-1.647786
 20
-3.910088
 10
-1.647785
 20
-3.910622
 10
-1.647762
 20
-3.911149
 10
-1.647715
 20
-3.911670
 10
-1.647640
 20
-3.912185
 10
-1.647536
 20
-3.912693
 10
-1.647399
 20
-3.913195
  0
LWPOLYLINE
  5
657
330
1F
100
AcDbEntity
  8
Polycam-Floor_1-Objects-Furniture
 62
45
420
11711154
100
AcDbPolyline
 90
2
 70
0
 43
0.000000
 10
1.469625
 20
-4.589021
 10
1.472286
 20
-4.594749
  0
LWPOLYLINE
  5
658
330
1F
100
AcDbEntity
  8
Polycam-Floor_1-Objects-Furniture
 62
45
420
11711154
100
AcDbPolyline
 90
2
 70
0
 43
0.000000
 10
1.472286
 20
-4.594749
 10
1.494455
 20
-4.642451
  0
LWPOLYLINE
  5
659
330
1F
100
AcDbEntity
  8
Polycam-Floor_1-Objects-Furniture
 62
45
420
11711154
100
AcDbPolyline
 90
2
 70
0
 43
0.000000
 10
1.494455
 20
-4.642451
 10
1.504650
 20
-4.664391
  0
LWPOLYLINE
  5
65a
330
1F
100
AcDbEntity
  8
Polycam-Floor_1-Objects-Furniture
 62
45
420
11711154
100
AcDbPolyline
 90
2
 70
0
 43
0.000000
 10
1.504650
 20
-4.664391
 10
1.508709
 20
-4.673121
  0
LWPOLYLINE
  5
65b
330
1F
100
AcDbEntity
  8
Polycam-Floor_1-Objects-Furniture
 62
45
420
11711154
100
AcDbPolyline
 90
2
 70
0
 43
0.000000
 10
1.488108
 20
-4.681374
 10
1.483493
 20
-4.671444
  0
LWPOLYLINE
  5
65c
330
1F
100
AcDbEntity
  8
Polycam-Floor_1-Objects-Furniture
 62
45
420
11711154
100
AcDbPolyline
 90
2
 70
0
 43
0.000000
 10
1.483493
 20
-4.671444
 10
1.472321
 20
-4.647408
  0
LWPOLYLINE
  5
65d
330
1F
100
AcDbEntity
  8
Polycam-Floor_1-Objects-Furniture
 62
45
420
11711154
100
AcDbPolyline
 90
2
 70
0
 43
0.000000
 10
1.472321
 20
-4.647408
 10
1.472286
 20
-4.647326
  0
LWPOLYLINE
  5
65e
330
1F
100
AcDbEntity
  8
Polycam-Floor_1-Objects-Furniture
 62
45
420
11711154
100
AcDbPolyline
 90
2
 70
0
 43
0.000000
 10
1.472286
 20
-4.647326
 10
1.452387
 20
-4.604511
  0
LWPOLYLINE
  5
65f
330
1F
100
AcDbEntity
  8
Polycam-Floor_1-Objects-Furniture
 62
45
420
11711154
100
AcDbPolyline
 90
2
 70
0
 43
0.000000
 10
1.452387
 20
-4.604511
 10
1.452387
 20
-4.604511
  0
LWPOLYLINE
  5
660
330
1F
100
AcDbEntity
  8
Polycam-Floor_1-Objects-Furniture
 62
45
420
11711154
100
AcDbPolyline
 90
2
 70
0
 43
0.000000
 10
1.483493
 20
-4.671444
 10
1.488108
 20
-4.681374
  0
LWPOLYLINE
  5
661
330
1F
100
AcDbEntity
  8
Polycam-Floor_1-Objects-Furniture
 62
45
420
11711154
100
AcDbPolyline
 90
2
 70
0
 43
0.000000
 10
1.508709
 20
-4.673121
 10
1.504650
 20
-4.664391
  0
LWPOLYLINE
  5
662
330
1F
100
AcDbEntity
  8
Polycam-Floor_1-Objects-Furniture
 62
45
420
11711154
100
AcDbPolyline
 90
2
 70
0
 43
0.000000
 10
1.481686
 20
-4.678399
 10
1.481686
 20
-4.678399
  0
LWPOLYLINE
  5
663
330
1F
100
AcDbEntity
  8
Polycam-Floor_1-Objects-Furniture
 62
45
420
11711154
100
AcDbPolyline
 90
2
 70
0
 43
0.000000
 10
1.124927
 20
-4.672703
 10
1.130267
 20
-4.663088
  0
LWPOLYLINE
  5
664
330
1F
100
AcDbEntity
  8
Polycam-Floor_1-Objects-Furniture
 62
45
420
11711154
100
AcDbPolyline
 90
2
 70
0
 43
0.000000
 10
1.130267
 20
-4.663088
 10
1.141018
 20
-4.643749
  0
LWPOLYLINE
  5
665
330
1F
100
AcDbEntity
  8
Polycam-Floor_1-Objects-Furniture
 62
45
420
11711154
100
AcDbPolyline
 90
2
 70
0
 43
0.000000
 10
1.141018
 20
-4.643749
 10
1.163187
 20
-4.603865
  0
LWPOLYLINE
  5
666
330
1F
100
AcDbEntity
  8
Polycam-Floor_1-Objects-Furniture
 62
45
420
11711154
100
AcDbPolyline
 90
2
 70
0
 43
0.000000
 10
1.163187
 20
-4.603865
 10
1.170545
 20
-4.590628
  0
LWPOLYLINE
  5
667
330
1F
100
AcDbEntity
  8
Polycam-Floor_1-Objects-Furniture
 62
45
420
11711154
100
AcDbPolyline
 90
2
 70
0
 43
0.000000
 10
1.187373
 20
-4.605765
 10
1.149564
 20
-4.673794
  0
LWPOLYLINE
  5
668
330
1F
100
AcDbEntity
  8
Polycam-Floor_1-Objects-Furniture
 62
45
420
11711154
100
AcDbPolyline
 90
2
 70
0
 43
0.000000
 10
1.149564
 20
-4.673794
 10
1.144867
 20
-4.682248
  0
LWPOLYLINE
  5
669
330
1F
100
AcDbEntity
  8
Polycam-Floor_1-Objects-Furniture
 62
45
420
11711154
100
AcDbPolyline
 90
2
 70
0
 43
0.000000
 10
1.124927
 20
-4.672703
 10
1.124927
 20
-4.672703
  0
LWPOLYLINE
  5
66a
330
1F
100
AcDbEntity
  8
Polycam-Floor_1-Objects-Furniture
 62
45
420
11711154
100
AcDbPolyline
 90
2
 70
0
 43
0.000000
 10
1.130267
 20
-4.663088
 10
1.124927
 20
-4.672703
  0
LWPOLYLINE
  5
66b
330
1F
100
AcDbEntity
  8
Polycam-Floor_1-Objects-Furniture
 62
45
420
11711154
100
AcDbPolyline
 90
2
 70
0
 43
0.000000
 10
1.144867
 20
-4.682248
 10
1.149564
 20
-4.673794
  0
LWPOLYLINE
  5
66c
330
1F
100
AcDbEntity
  8
Polycam-Floor_1-Objects-Furniture
 62
45
420
11711154
100
AcDbPolyline
 90
2
 70
0
 43
0.000000
 10
1.123330
 20
-4.666204
 10
1.123330
 20
-4.666204
  0
LWPOLYLINE
  5
66d
330
1F
100
AcDbEntity
  8
Polycam-Floor_1-Objects-Furniture
 62
45
420
11711154
100
AcDbPolyline
 90
2
 70
0
 43
0.000000
 10
1.143001
 20
-4.285315
 10
1.150710
 20
-4.293420
  0
LWPOLYLINE
  5
66e
330
1F
100
AcDbEntity
  8
Polycam-Floor_1-Objects-Furniture
 62
45
420
11711154
100
AcDbPolyline
 90
2
 70
0
 43
0.000000
 10
1.150710
 20
-4.293420
 10
1.153957
 20
-4.296836
  0
LWPOLYLINE
  5
66f
330
1F
100
AcDbEntity
  8
Polycam-Floor_1-Objects-Furniture
 62
45
420
11711154
100
AcDbPolyline
 90
2
 70
0
 43
0.000000
 10
1.138041
 20
-4.311576
 10
1.132958
 20
-4.306228
  0
LWPOLYLINE
  5
670
330
1F
100
AcDbEntity
  8
Polycam-Floor_1-Objects-Furniture
 62
45
420
11711154
100
AcDbPolyline
 90
2
 70
0
 43
0.000000
 10
1.132958
 20
-4.306228
 10
1.126179
 20
-4.299100
  0
LWPOLYLINE
  5
671
330
1F
100
AcDbEntity
  8
Polycam-Floor_1-Objects-Furniture
 62
45
420
11711154
100
AcDbPolyline
 90
2
 70
0
 43
0.000000
 10
1.127161
 20
-4.284397
 10
1.127161
 20
-4.284397
  0
LWPOLYLINE
  5
672
330
1F
100
AcDbEntity
  8
Polycam-Floor_1-Objects-Furniture
 62
45
420
11711154
100
AcDbPolyline
 90
2
 70
0
 43
0.000000
 10
1.150710
 20
-4.293426
 10
1.143001
 20
-4.285320
  0
LWPOLYLINE
  5
673
330
1F
100
AcDbEntity
  8
Polycam-Floor_1-Objects-Furniture
 62
45
420
11711154
100
AcDbPolyline
 90
2
 70
0
 43
0.000000
 10
1.126185
 20
-4.299105
 10
1.132964
 20
-4.306234
  0
LWPOLYLINE
  5
674
330
1F
100
AcDbEntity
  8
Polycam-Floor_1-Objects-Furniture
 62
45
420
11711154
100
AcDbPolyline
 90
2
 70
0
 43
0.000000
 10
1.150108
 20
-4.286297
 10
1.150102
 20
-4.286292
  0
LWPOLYLINE
  5
675
330
1F
100
AcDbEntity
  8
Polycam-Floor_1-Objects-Furniture
 62
45
420
11711154
100
AcDbPolyline
 90
2
 70
0
 43
0.000000
 10
1.150102
 20
-4.286292
 10
1.150102
 20
-4.286292
  0
LWPOLYLINE
  5
676
330
1F
100
AcDbEntity
  8
Polycam-Floor_1-Objects-Furniture
 62
45
420
11711154
100
AcDbPolyline
 90
2
 70
0
 43
0.000000
 10
1.478685
 20
-4.291640
 10
1.482996
 20
-4.287617
  0
LWPOLYLINE
  5
677
330
1F
100
AcDbEntity
  8
Polycam-Floor_1-Objects-Furniture
 62
45
420
11711154
100
AcDbPolyline
 90
2
 70
0
 43
0.000000
 10
1.482996
 20
-4.287617
 10
1.490220
 20
-4.280873
  0
LWPOLYLINE
  5
678
330
1F
100
AcDbEntity
  8
Polycam-Floor_1-Objects-Furniture
 62
45
420
11711154
100
AcDbPolyline
 90
2
 70
0
 43
0.000000
 10
1.506130
 20
-4.295554
 10
1.497917
 20
-4.303220
  0
LWPOLYLINE
  5
679
330
1F
100
AcDbEntity
  8
Polycam-Floor_1-Objects-Furniture
 62
45
420
11711154
100
AcDbPolyline
 90
2
 70
0
 43
0.000000
 10
1.497917
 20
-4.303220
 10
1.495373
 20
-4.305598
  0
LWPOLYLINE
  5
67a
330
1F
100
AcDbEntity
  8
Polycam-Floor_1-Objects-Furniture
 62
45
420
11711154
100
AcDbPolyline
 90
2
 70
0
 43
0.000000
 10
1.478685
 20
-4.291640
 10
1.478685
 20
-4.291640
  0
LWPOLYLINE
  5
67b
330
1F
100
AcDbEntity
  8
Polycam-Floor_1-Objects-Furniture
 62
45
420
11711154
100
AcDbPolyline
 90
2
 70
0
 43
0.000000
 10
1.497917
 20
-4.303220
 10
1.506135
 20
-4.295554
  0
LWPOLYLINE
  5
67c
330
1F
100
AcDbEntity
  8
Polycam-Floor_1-Objects-Furniture
 62
45
420
11711154
100
AcDbPolyline
 90
2
 70
0
 43
0.000000
 10
1.490226
 20
-4.280873
 10
1.483002
 20
-4.287617
  0
LWPOLYLINE
  5
67d
330
1F
100
AcDbEntity
  8
Polycam-Floor_1-Objects-Furniture
 62
45
420
11711154
100
AcDbPolyline
 90
2
 70
0
 43
0.000000
 10
1.505550
 20
-4.302194
 10
1.505545
 20
-4.302194
  0
LWPOLYLINE
  5
67e
330
1F
100
AcDbEntity
  8
Polycam-Floor_1-Objects-Furniture
 62
45
420
11711154
100
AcDbPolyline
 90
2
 70
0
 43
0.000000
 10
1.505545
 20
-4.302194
 10
1.505545
 20
-4.302194
  0
LWPOLYLINE
  5
67f
330
1F
100
AcDbEntity
  8
Polycam-Floor_1-Objects-Furniture
 62
45
420
11711154
100
AcDbPolyline
 90
2
 70
0
 43
0.000000
 10
1.266413
 20
-4.257619
 10
1.372955
 20
-4.257619
  0
LWPOLYLINE
  5
680
330
1F
100
AcDbEntity
  8
Polycam-Floor_1-Objects-Furniture
 62
45
420
11711154
100
AcDbPolyline
 90
2
 70
0
 43
0.000000
 10
1.543775
 20
-4.416178
 10
1.544208
 20
-4.434415
  0
LWPOLYLINE
  5
681
330
1F
100
AcDbEntity
  8
Polycam-Floor_1-Objects-Furniture
 62
45
420
11711154
100
AcDbPolyline
 90
2
 70
0
 43
0.000000
 10
1.096032
 20
-4.434415
 10
1.095599
 20
-4.416178
  0
LWPOLYLINE
  5
682
330
1F
100
AcDbEntity
  8
Polycam-Floor_1-Objects-Furniture
 62
45
420
11711154
100
AcDbPolyline
 90
2
 70
0
 43
0.000000
 10
1.095599
 20
-4.416178
 10
1.095599
 20
-4.416178
  0
LWPOLYLINE
  5
683
330
1F
100
AcDbEntity
  8
Polycam-Floor_1-Objects-Furniture
 62
45
420
11711154
100
AcDbPolyline
 90
2
 70
0
 43
0.000000
 10
1.141018
 20
-4.643749
 10
1.141018
 20
-4.556412
  0
LWPOLYLINE
  5
684
330
1F
100
AcDbEntity
  8
Polycam-Floor_1-Objects-Furniture
 62
45
420
11711154
100
AcDbPolyline
 90
2
 70
0
 43
0.000000
 10
1.163187
 20
-4.583119
 10
1.163187
 20
-4.603865
  0
LWPOLYLINE
  5
685
330
1F
100
AcDbEntity
  8
Polycam-Floor_1-Objects-Furniture
 62
45
420
11711154
100
AcDbPolyline
 90
2
 70
0
 43
0.000000
 10
1.163187
 20
-4.603865
 10
1.141018
 20
-4.643749
  0
LWPOLYLINE
  5
686
330
1F
100
AcDbEntity
  8
Polycam-Floor_1-Objects-Furniture
 62
45
420
11711154
100
AcDbPolyline
 90
2
 70
0
 43
0.000000
 10
1.141018
 20
-4.643749
 10
1.141018
 20
-4.643749
  0
LWPOLYLINE
  5
687
330
1F
100
AcDbEntity
  8
Polycam-Floor_1-Objects-Furniture
 62
45
420
11711154
100
AcDbPolyline
 90
2
 70
0
 43
0.000000
 10
1.494455
 20
-4.642451
 10
1.472286
 20
-4.594749
  0
LWPOLYLINE
  5
688
330
1F
100
AcDbEntity
  8
Polycam-Floor_1-Objects-Furniture
 62
45
420
11711154
100
AcDbPolyline
 90
2
 70
0
 43
0.000000
 10
1.472286
 20
-4.594749
 10
1.472286
 20
-4.586377
  0
LWPOLYLINE
  5
689
330
1F
100
AcDbEntity
  8
Polycam-Floor_1-Objects-Furniture
 62
45
420
11711154
100
AcDbPolyline
 90
2
 70
0
 43
0.000000
 10
1.494455
 20
-4.561168
 10
1.494455
 20
-4.642451
  0
LWPOLYLINE
  5
68a
330
1F
100
AcDbEntity
  8
Polycam-Floor_1-Objects-Furniture
 62
45
420
11711154
100
AcDbPolyline
 90
2
 70
0
 43
0.000000
 10
1.494455
 20
-4.642451
 10
1.494455
 20
-4.642451
  0
LWPOLYLINE
  5
68b
330
1F
100
AcDbEntity
  8
Polycam-Floor_1-Objects-Furniture
 62
45
420
11711154
100
AcDbPolyline
 90
20
 70
0
 43
0.000000
 10
1.452387
 20
-4.604511
 10
1.453329
 20
-4.603733
 10
1.454268
 20
-4.602950
 10
1.455202
 20
-4.602164
 10
1.456133
 20
-4.601372
 10
1.457060
 20
-4.600577
 10
1.457983
 20
-4.599778
 10
1.458902
 20
-4.598974
 10
1.459818
 20
-4.598166
 10
1.460729
 20
-4.597354
 10
1.461637
 20
-4.596538
 10
1.462541
 20
-4.595719
 10
1.463440
 20
-4.594895
 10
1.464336
 20
-4.594067
 10
1.465228
 20
-4.593235
 10
1.466115
 20
-4.592400
 10
1.466999
 20
-4.591561
 10
1.467878
 20
-4.590718
 10
1.468754
 20
-4.589871
 10
1.469625
 20
-4.589021
  0
LWPOLYLINE
  5
68c
330
1F
100
AcDbEntity
  8
Polycam-Floor_1-Objects-Furniture
 62
45
420
11711154
100
AcDbPolyline
 90
20
 70
0
 43
0.000000
 10
1.508709
 20
-4.673121
 10
1.508805
 20
-4.673334
 10
1.508896
 20
-4.673548
 10
1.508981
 20
-4.673762
 10
1.509060
 20
-4.673978
 10
1.509135
 20
-4.674193
 10
1.509203
 20
-4.674409
 10
1.509267
 20
-4.674626
 10
1.509325
 20
-4.674843
 10
1.509378
 20
-4.675061
 10
1.509426
 20
-4.675278
 10
1.509469
 20
-4.675496
 10
1.509506
 20
-4.675715
 10
1.509539
 20
-4.675933
 10
1.509566
 20
-4.676151
 10
1.509588
 20
-4.676370
 10
1.509605
 20
-4.676588
 10
1.509618
 20
-4.676806
 10
1.509625
 20
-4.677024
 10
1.509627
 20
-4.677242
  0
LWPOLYLINE
  5
68d
330
1F
100
AcDbEntity
  8
Polycam-Floor_1-Objects-Furniture
 62
45
420
11711154
100
AcDbPolyline
 90
20
 70
0
 43
0.000000
 10
1.509627
 20
-4.677242
 10
1.509606
 20
-4.677877
 10
1.509544
 20
-4.678507
 10
1.509441
 20
-4.679131
 10
1.509298
 20
-4.679746
 10
1.509116
 20
-4.680351
 10
1.508896
 20
-4.680944
 10
1.508637
 20
-4.681524
 10
1.508342
 20
-4.682088
 10
1.508010
 20
-4.682636
 10
1.507643
 20
-4.683165
 10
1.507241
 20
-4.683674
 10
1.506804
 20
-4.684161
 10
1.506334
 20
-4.684624
 10
1.505832
 20
-4.685061
 10
1.505297
 20
-4.685472
 10
1.504732
 20
-4.685853
 10
1.504135
 20
-4.686205
 10
1.503509
 20
-4.686524
 10
1.502854
 20
-4.686809
  0
LWPOLYLINE
  5
68e
330
1F
100
AcDbEntity
  8
Polycam-Floor_1-Objects-Furniture
 62
45
420
11711154
100
AcDbPolyline
 90
20
 70
0
 43
0.000000
 10
1.502854
 20
-4.686809
 10
1.501949
 20
-4.687130
 10
1.501032
 20
-4.687374
 10
1.500110
 20
-4.687543
 10
1.499185
 20
-4.687639
 10
1.498264
 20
-4.687663
 10
1.497349
 20
-4.687617
 10
1.496445
 20
-4.687502
 10
1.495558
 20
-4.687320
 10
1.494691
 20
-4.687073
 10
1.493848
 20
-4.686762
 10
1.493035
 20
-4.686389
 10
1.492255
 20
-4.685956
 10
1.491513
 20
-4.685465
 10
1.490814
 20
-4.684916
 10
1.490161
 20
-4.684312
 10
1.489560
 20
-4.683654
 10
1.489014
 20
-4.682944
 10
1.488529
 20
-4.682183
 10
1.488108
 20
-4.681374
  0
LWPOLYLINE
  5
68f
330
1F
100
AcDbEntity
  8
Polycam-Floor_1-Objects-Furniture
 62
45
420
11711154
100
AcDbPolyline
 90
20
 70
0
 43
0.000000
 10
1.481686
 20
-4.678399
 10
1.481691
 20
-4.678004
 10
1.481707
 20
-4.677611
 10
1.481734
 20
-4.677222
 10
1.481771
 20
-4.676835
 10
1.481818
 20
-4.676451
 10
1.481876
 20
-4.676070
 10
1.481943
 20
-4.675692
 10
1.482021
 20
-4.675318
 10
1.482108
 20
-4.674947
 10
1.482205
 20
-4.674579
 10
1.482311
 20
-4.674215
 10
1.482427
 20
-4.673854
 10
1.482553
 20
-4.673497
 10
1.482687
 20
-4.673145
 10
1.482831
 20
-4.672796
 10
1.482983
 20
-4.672451
 10
1.483145
 20
-4.672111
 10
1.483315
 20
-4.671775
 10
1.483493
 20
-4.671444
  0
LWPOLYLINE
  5
690
330
1F
100
AcDbEntity
  8
Polycam-Floor_1-Objects-Furniture
 62
45
420
11711154
100
AcDbPolyline
 90
20
 70
0
 43
0.000000
 10
1.488108
 20
-4.681374
 10
1.488529
 20
-4.682183
 10
1.489014
 20
-4.682944
 10
1.489560
 20
-4.683654
 10
1.490161
 20
-4.684312
 10
1.490814
 20
-4.684916
 10
1.491513
 20
-4.685465
 10
1.492255
 20
-4.685956
 10
1.493035
 20
-4.686389
 10
1.493848
 20
-4.686762
 10
1.494691
 20
-4.687073
 10
1.495558
 20
-4.687320
 10
1.496445
 20
-4.687502
 10
1.497349
 20
-4.687617
 10
1.498264
 20
-4.687663
 10
1.499185
 20
-4.687639
 10
1.500110
 20
-4.687543
 10
1.501032
 20
-4.687374
 10
1.501949
 20
-4.687130
 10
1.502854
 20
-4.686809
  0
LWPOLYLINE
  5
691
330
1F
100
AcDbEntity
  8
Polycam-Floor_1-Objects-Furniture
 62
45
420
11711154
100
AcDbPolyline
 90
20
 70
0
 43
0.000000
 10
1.502854
 20
-4.686809
 10
1.503509
 20
-4.686524
 10
1.504135
 20
-4.686205
 10
1.504732
 20
-4.685853
 10
1.505297
 20
-4.685472
 10
1.505832
 20
-4.685061
 10
1.506334
 20
-4.684624
 10
1.506804
 20
-4.684161
 10
1.507241
 20
-4.683674
 10
1.507643
 20
-4.683165
 10
1.508010
 20
-4.682636
 10
1.508342
 20
-4.682088
 10
1.508637
 20
-4.681524
 10
1.508896
 20
-4.680944
 10
1.509116
 20
-4.680351
 10
1.509298
 20
-4.679746
 10
1.509441
 20
-4.679131
 10
1.509544
 20
-4.678507
 10
1.509606
 20
-4.677877
 10
1.509627
 20
-4.677242
  0
LWPOLYLINE
  5
692
330
1F
100
AcDbEntity
  8
Polycam-Floor_1-Objects-Furniture
 62
45
420
11711154
100
AcDbPolyline
 90
20
 70
0
 43
0.000000
 10
1.509627
 20
-4.677242
 10
1.509625
 20
-4.677024
 10
1.509618
 20
-4.676806
 10
1.509605
 20
-4.676588
 10
1.509588
 20
-4.676370
 10
1.509566
 20
-4.676151
 10
1.509539
 20
-4.675933
 10
1.509506
 20
-4.675715
 10
1.509469
 20
-4.675496
 10
1.509426
 20
-4.675278
 10
1.509378
 20
-4.675061
 10
1.509325
 20
-4.674843
 10
1.509267
 20
-4.674626
 10
1.509203
 20
-4.674409
 10
1.509135
 20
-4.674193
 10
1.509060
 20
-4.673978
 10
1.508981
 20
-4.673762
 10
1.508896
 20
-4.673548
 10
1.508805
 20
-4.673334
 10
1.508709
 20
-4.673121
  0
LWPOLYLINE
  5
693
330
1F
100
AcDbEntity
  8
Polycam-Floor_1-Objects-Furniture
 62
45
420
11711154
100
AcDbPolyline
 90
20
 70
0
 43
0.000000
 10
1.504650
 20
-4.664391
 10
1.505556
 20
-4.664785
 10
1.506432
 20
-4.665229
 10
1.507274
 20
-4.665719
 10
1.508081
 20
-4.666254
 10
1.508851
 20
-4.666832
 10
1.509582
 20
-4.667451
 10
1.510271
 20
-4.668110
 10
1.510916
 20
-4.668806
 10
1.511516
 20
-4.669538
 10
1.512069
 20
-4.670303
 10
1.512572
 20
-4.671101
 10
1.513024
 20
-4.671928
 10
1.513422
 20
-4.672783
 10
1.513764
 20
-4.673665
 10
1.514049
 20
-4.674570
 10
1.514274
 20
-4.675498
 10
1.514437
 20
-4.676447
 10
1.514536
 20
-4.677414
 10
1.514570
 20
-4.678399
  0
LWPOLYLINE
  5
694
330
1F
100
AcDbEntity
  8
Polycam-Floor_1-Objects-Furniture
 62
45
420
11711154
100
AcDbPolyline
 90
20
 70
0
 43
0.000000
 10
1.514570
 20
-4.678399
 10
1.514509
 20
-4.679715
 10
1.514332
 20
-4.681000
 10
1.514041
 20
-4.682250
 10
1.513643
 20
-4.683459
 10
1.513143
 20
-4.684624
 10
1.512545
 20
-4.685739
 10
1.511854
 20
-4.686800
 10
1.511075
 20
-4.687803
 10
1.510213
 20
-4.688742
 10
1.509274
 20
-4.689614
 10
1.508261
 20
-4.690413
 10
1.507181
 20
-4.691135
 10
1.506037
 20
-4.691776
 10
1.504836
 20
-4.692331
 10
1.503581
 20
-4.692796
 10
1.502277
 20
-4.693165
 10
1.500931
 20
-4.693434
 10
1.499546
 20
-4.693599
 10
1.498128
 20
-4.693655
  0
LWPOLYLINE
  5
695
330
1F
100
AcDbEntity
  8
Polycam-Floor_1-Objects-Furniture
 62
45
420
11711154
100
AcDbPolyline
 90
20
 70
0
 43
0.000000
 10
1.498128
 20
-4.693655
 10
1.496710
 20
-4.693599
 10
1.495325
 20
-4.693434
 10
1.493978
 20
-4.693165
 10
1.492675
 20
-4.692796
 10
1.491420
 20
-4.692331
 10
1.490218
 20
-4.691776
 10
1.489075
 20
-4.691135
 10
1.487994
 20
-4.690413
 10
1.486982
 20
-4.689614
 10
1.486042
 20
-4.688742
 10
1.485181
 20
-4.687803
 10
1.484402
 20
-4.686800
 10
1.483711
 20
-4.685739
 10
1.483113
 20
-4.684624
 10
1.482612
 20
-4.683459
 10
1.482214
 20
-4.682250
 10
1.481924
 20
-4.681000
 10
1.481746
 20
-4.679715
 10
1.481686
 20
-4.678399
  0
LWPOLYLINE
  5
696
330
1F
100
AcDbEntity
  8
Polycam-Floor_1-Objects-Furniture
 62
45
420
11711154
100
AcDbPolyline
 90
20
 70
0
 43
0.000000
 10
1.170545
 20
-4.590628
 10
1.171396
 20
-4.591459
 10
1.172250
 20
-4.592287
 10
1.173109
 20
-4.593111
 10
1.173972
 20
-4.593932
 10
1.174839
 20
-4.594748
 10
1.175710
 20
-4.595561
 10
1.176584
 20
-4.596370
 10
1.177463
 20
-4.597175
 10
1.178345
 20
-4.597976
 10
1.179231
 20
-4.598774
 10
1.180121
 20
-4.599567
 10
1.181015
 20
-4.600356
 10
1.181912
 20
-4.601141
 10
1.182813
 20
-4.601922
 10
1.183718
 20
-4.602699
 10
1.184626
 20
-4.603472
 10
1.185538
 20
-4.604241
 10
1.186454
 20
-4.605005
 10
1.187373
 20
-4.605765
  0
LWPOLYLINE
  5
697
330
1F
100
AcDbEntity
  8
Polycam-Floor_1-Objects-Furniture
 62
45
420
11711154
100
AcDbPolyline
 90
20
 70
0
 43
0.000000
 10
1.144867
 20
-4.682248
 10
1.144750
 20
-4.682452
 10
1.144630
 20
-4.682653
 10
1.144505
 20
-4.682850
 10
1.144376
 20
-4.683043
 10
1.144244
 20
-4.683234
 10
1.144107
 20
-4.683420
 10
1.143967
 20
-4.683603
 10
1.143823
 20
-4.683783
 10
1.143676
 20
-4.683959
 10
1.143525
 20
-4.684132
 10
1.143370
 20
-4.684301
 10
1.143212
 20
-4.684466
 10
1.143051
 20
-4.684628
 10
1.142887
 20
-4.684786
 10
1.142719
 20
-4.684940
 10
1.142548
 20
-4.685091
 10
1.142375
 20
-4.685238
 10
1.142198
 20
-4.685382
 10
1.142018
 20
-4.685522
  0
LWPOLYLINE
  5
698
330
1F
100
AcDbEntity
  8
Polycam-Floor_1-Objects-Furniture
 62
45
420
11711154
100
AcDbPolyline
 90
20
 70
0
 43
0.000000
 10
1.142018
 20
-4.685522
 10
1.141477
 20
-4.685909
 10
1.140913
 20
-4.686264
 10
1.140328
 20
-4.686586
 10
1.139726
 20
-4.686873
 10
1.139107
 20
-4.687126
 10
1.138473
 20
-4.687344
 10
1.137826
 20
-4.687526
 10
1.137169
 20
-4.687672
 10
1.136502
 20
-4.687782
 10
1.135829
 20
-4.687854
 10
1.135150
 20
-4.687888
 10
1.134467
 20
-4.687883
 10
1.133783
 20
-4.687840
 10
1.133100
 20
-4.687757
 10
1.132419
 20
-4.687634
 10
1.131741
 20
-4.687470
 10
1.131070
 20
-4.687264
 10
1.130406
 20
-4.687017
 10
1.129753
 20
-4.686727
  0
LWPOLYLINE
  5
699
330
1F
100
AcDbEntity
  8
Polycam-Floor_1-Objects-Furniture
 62
45
420
11711154
100
AcDbPolyline
 90
20
 70
0
 43
0.000000
 10
1.129753
 20
-4.686727
 10
1.128912
 20
-4.686282
 10
1.128127
 20
-4.685780
 10
1.127402
 20
-4.685226
 10
1.126736
 20
-4.684623
 10
1.126132
 20
-4.683977
 10
1.125590
 20
-4.683292
 10
1.125113
 20
-4.682571
 10
1.124701
 20
-4.681819
 10
1.124356
 20
-4.681040
 10
1.124081
 20
-4.680238
 10
1.123875
 20
-4.679418
 10
1.123741
 20
-4.678584
 10
1.123679
 20
-4.677740
 10
1.123693
 20
-4.676890
 10
1.123782
 20
-4.676039
 10
1.123948
 20
-4.675190
 10
1.124194
 20
-4.674349
 10
1.124520
 20
-4.673518
 10
1.124927
 20
-4.672703
  0
LWPOLYLINE
  5
69a
330
1F
100
AcDbEntity
  8
Polycam-Floor_1-Objects-Furniture
 62
45
420
11711154
100
AcDbPolyline
 90
20
 70
0
 43
0.000000
 10
1.123330
 20
-4.666204
 10
1.123662
 20
-4.665958
 10
1.123999
 20
-4.665720
 10
1.124340
 20
-4.665492
 10
1.124686
 20
-4.665274
 10
1.125036
 20
-4.665064
 10
1.125390
 20
-4.664864
 10
1.125747
 20
-4.664673
 10
1.126108
 20
-4.664491
 10
1.126473
 20
-4.664318
 10
1.126841
 20
-4.664154
 10
1.127211
 20
-4.663999
 10
1.127585
 20
-4.663854
 10
1.127962
 20
-4.663717
 10
1.128341
 20
-4.663590
 10
1.128722
 20
-4.663472
 10
1.129106
 20
-4.663362
 10
1.129491
 20
-4.663262
 10
1.129878
 20
-4.663170
 10
1.130267
 20
-4.663088
  0
LWPOLYLINE
  5
69b
330
1F
100
AcDbEntity
  8
Polycam-Floor_1-Objects-Furniture
 62
45
420
11711154
100
AcDbPolyline
 90
20
 70
0
 43
0.000000
 10
1.124927
 20
-4.672703
 10
1.124520
 20
-4.673518
 10
1.124194
 20
-4.674349
 10
1.123948
 20
-4.675190
 10
1.123782
 20
-4.676039
 10
1.123693
 20
-4.676890
 10
1.123679
 20
-4.677740
 10
1.123741
 20
-4.678584
 10
1.123875
 20
-4.679418
 10
1.124081
 20
-4.680238
 10
1.124356
 20
-4.681040
 10
1.124701
 20
-4.681819
 10
1.125113
 20
-4.682571
 10
1.125590
 20
-4.683292
 10
1.126132
 20
-4.683977
 10
1.126736
 20
-4.684623
 10
1.127402
 20
-4.685226
 10
1.128127
 20
-4.685780
 10
1.128912
 20
-4.686282
 10
1.129753
 20
-4.686727
  0
LWPOLYLINE
  5
69c
330
1F
100
AcDbEntity
  8
Polycam-Floor_1-Objects-Furniture
 62
45
420
11711154
100
AcDbPolyline
 90
20
 70
0
 43
0.000000
 10
1.129753
 20
-4.686727
 10
1.130406
 20
-4.687017
 10
1.131070
 20
-4.687264
 10
1.131741
 20
-4.687470
 10
1.132419
 20
-4.687634
 10
1.133100
 20
-4.687757
 10
1.133783
 20
-4.687840
 10
1.134467
 20
-4.687883
 10
1.135150
 20
-4.687888
 10
1.135829
 20
-4.687854
 10
1.136502
 20
-4.687782
 10
1.137169
 20
-4.687672
 10
1.137826
 20
-4.687526
 10
1.138473
 20
-4.687344
 10
1.139107
 20
-4.687126
 10
1.139726
 20
-4.686873
 10
1.140328
 20
-4.686586
 10
1.140913
 20
-4.686264
 10
1.141477
 20
-4.685909
 10
1.142018
 20
-4.685522
  0
LWPOLYLINE
  5
69d
330
1F
100
AcDbEntity
  8
Polycam-Floor_1-Objects-Furniture
 62
45
420
11711154
100
AcDbPolyline
 90
20
 70
0
 43
0.000000
 10
1.142018
 20
-4.685522
 10
1.142198
 20
-4.685382
 10
1.142375
 20
-4.685238
 10
1.142548
 20
-4.685091
 10
1.142719
 20
-4.684940
 10
1.142887
 20
-4.684786
 10
1.143051
 20
-4.684628
 10
1.143212
 20
-4.684466
 10
1.143370
 20
-4.684301
 10
1.143525
 20
-4.684132
 10
1.143676
 20
-4.683959
 10
1.143823
 20
-4.683783
 10
1.143967
 20
-4.683603
 10
1.144107
 20
-4.683420
 10
1.144244
 20
-4.683234
 10
1.144376
 20
-4.683043
 10
1.144505
 20
-4.682850
 10
1.144630
 20
-4.682653
 10
1.144750
 20
-4.682452
 10
1.144867
 20
-4.682248
  0
LWPOLYLINE
  5
69e
330
1F
100
AcDbEntity
  8
Polycam-Floor_1-Objects-Furniture
 62
45
420
11711154
100
AcDbPolyline
 90
20
 70
0
 43
0.000000
 10
1.149564
 20
-4.673794
 10
1.149811
 20
-4.674695
 10
1.149997
 20
-4.675605
 10
1.150123
 20
-4.676520
 10
1.150190
 20
-4.677439
 10
1.150197
 20
-4.678358
 10
1.150144
 20
-4.679275
 10
1.150033
 20
-4.680188
 10
1.149863
 20
-4.681093
 10
1.149634
 20
-4.681988
 10
1.149347
 20
-4.682870
 10
1.149003
 20
-4.683737
 10
1.148600
 20
-4.684586
 10
1.148141
 20
-4.685414
 10
1.147624
 20
-4.686219
 10
1.147051
 20
-4.686998
 10
1.146421
 20
-4.687748
 10
1.145734
 20
-4.688467
 10
1.144992
 20
-4.689152
 10
1.144194
 20
-4.689800
  0
LWPOLYLINE
  5
69f
330
1F
100
AcDbEntity
  8
Polycam-Floor_1-Objects-Furniture
 62
45
420
11711154
100
AcDbPolyline
 90
20
 70
0
 43
0.000000
 10
1.144194
 20
-4.689800
 10
1.143059
 20
-4.690592
 10
1.141876
 20
-4.691280
 10
1.140651
 20
-4.691865
 10
1.139391
 20
-4.692347
 10
1.138104
 20
-4.692726
 10
1.136795
 20
-4.693004
 10
1.135473
 20
-4.693182
 10
1.134144
 20
-4.693259
 10
1.132815
 20
-4.693236
 10
1.131493
 20
-4.693115
 10
1.130185
 20
-4.692895
 10
1.128898
 20
-4.692578
 10
1.127639
 20
-4.692165
 10
1.126414
 20
-4.691654
 10
1.125231
 20
-4.691049
 10
1.124097
 20
-4.690348
 10
1.123018
 20
-4.689553
 10
1.122002
 20
-4.688664
 10
1.121055
 20
-4.687683
  0
LWPOLYLINE
  5
6a0
330
1F
100
AcDbEntity
  8
Polycam-Floor_1-Objects-Furniture
 62
45
420
11711154
100
AcDbPolyline
 90
20
 70
0
 43
0.000000
 10
1.121055
 20
-4.687683
 10
1.120201
 20
-4.686629
 10
1.119460
 20
-4.685529
 10
1.118830
 20
-4.684392
 10
1.118310
 20
-4.683222
 10
1.117901
 20
-4.682027
 10
1.117600
 20
-4.680813
 10
1.117409
 20
-4.679585
 10
1.117325
 20
-4.678352
 10
1.117348
 20
-4.677118
 10
1.117478
 20
-4.675891
 10
1.117714
 20
-4.674678
 10
1.118055
 20
-4.673483
 10
1.118501
 20
-4.672314
 10
1.119050
 20
-4.671178
 10
1.119702
 20
-4.670080
 10
1.120457
 20
-4.669027
 10
1.121314
 20
-4.668026
 10
1.122272
 20
-4.667083
 10
1.123330
 20
-4.666204
  0
LWPOLYLINE
  5
6a1
330
1F
100
AcDbEntity
  8
Polycam-Floor_1-Objects-Furniture
 62
45
420
11711154
100
AcDbPolyline
 90
20
 70
0
 43
0.000000
 10
1.127161
 20
-4.284397
 10
1.127915
 20
-4.283831
 10
1.128705
 20
-4.283335
 10
1.129526
 20
-4.282908
 10
1.130373
 20
-4.282551
 10
1.131241
 20
-4.282263
 10
1.132127
 20
-4.282043
 10
1.133024
 20
-4.281892
 10
1.133929
 20
-4.281809
 10
1.134836
 20
-4.281794
 10
1.135742
 20
-4.281847
 10
1.136640
 20
-4.281966
 10
1.137526
 20
-4.282153
 10
1.138396
 20
-4.282407
 10
1.139244
 20
-4.282727
 10
1.140067
 20
-4.283113
 10
1.140859
 20
-4.283565
 10
1.141615
 20
-4.284083
 10
1.142330
 20
-4.284666
 10
1.143001
 20
-4.285315
  0
LWPOLYLINE
  5
6a2
330
1F
100
AcDbEntity
  8
Polycam-Floor_1-Objects-Furniture
 62
45
420
11711154
100
AcDbPolyline
 90
20
 70
0
 43
0.000000
 10
1.153957
 20
-4.296836
 10
1.153068
 20
-4.297561
 10
1.152185
 20
-4.298293
 10
1.151307
 20
-4.299030
 10
1.150435
 20
-4.299773
 10
1.149569
 20
-4.300521
 10
1.148708
 20
-4.301276
 10
1.147853
 20
-4.302036
 10
1.147004
 20
-4.302801
 10
1.146160
 20
-4.303572
 10
1.145322
 20
-4.304348
 10
1.144489
 20
-4.305130
 10
1.143663
 20
-4.305918
 10
1.142842
 20
-4.306710
 10
1.142027
 20
-4.307508
 10
1.141218
 20
-4.308311
 10
1.140415
 20
-4.309120
 10
1.139617
 20
-4.309934
 10
1.138826
 20
-4.310752
 10
1.138041
 20
-4.311576
  0
LWPOLYLINE
  5
6a3
330
1F
100
AcDbEntity
  8
Polycam-Floor_1-Objects-Furniture
 62
45
420
11711154
100
AcDbPolyline
 90
20
 70
0
 43
0.000000
 10
1.126179
 20
-4.299100
 10
1.126016
 20
-4.298924
 10
1.125858
 20
-4.298747
 10
1.125706
 20
-4.298567
 10
1.125558
 20
-4.298385
 10
1.125415
 20
-4.298202
 10
1.125277
 20
-4.298016
 10
1.125144
 20
-4.297828
 10
1.125016
 20
-4.297638
 10
1.124893
 20
-4.297446
 10
1.124775
 20
-4.297253
 10
1.124662
 20
-4.297058
 10
1.124553
 20
-4.296861
 10
1.124449
 20
-4.296663
 10
1.124350
 20
-4.296464
 10
1.124256
 20
-4.296263
 10
1.124167
 20
-4.296060
 10
1.124082
 20
-4.295857
 10
1.124002
 20
-4.295652
 10
1.123927
 20
-4.295446
  0
LWPOLYLINE
  5
6a4
330
1F
100
AcDbEntity
  8
Polycam-Floor_1-Objects-Furniture
 62
45
420
11711154
100
AcDbPolyline
 90
20
 70
0
 43
0.000000
 10
1.123927
 20
-4.295446
 10
1.123734
 20
-4.294836
 10
1.123582
 20
-4.294219
 10
1.123471
 20
-4.293597
 10
1.123401
 20
-4.292971
 10
1.123372
 20
-4.292344
 10
1.123383
 20
-4.291716
 10
1.123434
 20
-4.291091
 10
1.123526
 20
-4.290469
 10
1.123658
 20
-4.289852
 10
1.123830
 20
-4.289243
 10
1.124042
 20
-4.288643
 10
1.124294
 20
-4.288055
 10
1.124585
 20
-4.287479
 10
1.124916
 20
-4.286918
 10
1.125287
 20
-4.286373
 10
1.125697
 20
-4.285847
 10
1.126146
 20
-4.285341
 10
1.126634
 20
-4.284857
 10
1.127161
 20
-4.284397
  0
LWPOLYLINE
  5
6a5
330
1F
100
AcDbEntity
  8
Polycam-Floor_1-Objects-Furniture
 62
45
420
11711154
100
AcDbPolyline
 90
20
 70
0
 43
0.000000
 10
1.150102
 20
-4.286292
 10
1.150228
 20
-4.286668
 10
1.150344
 20
-4.287046
 10
1.150449
 20
-4.287424
 10
1.150543
 20
-4.287802
 10
1.150626
 20
-4.288181
 10
1.150699
 20
-4.288559
 10
1.150761
 20
-4.288938
 10
1.150813
 20
-4.289316
 10
1.150854
 20
-4.289694
 10
1.150885
 20
-4.290072
 10
1.150906
 20
-4.290449
 10
1.150916
 20
-4.290825
 10
1.150917
 20
-4.291201
 10
1.150907
 20
-4.291575
 10
1.150887
 20
-4.291948
 10
1.150858
 20
-4.292320
 10
1.150818
 20
-4.292690
 10
1.150769
 20
-4.293059
 10
1.150710
 20
-4.293426
  0
LWPOLYLINE
  5
6a6
330
1F
100
AcDbEntity
  8
Polycam-Floor_1-Objects-Furniture
 62
45
420
11711154
100
AcDbPolyline
 90
20
 70
0
 43
0.000000
 10
1.143001
 20
-4.285320
 10
1.142330
 20
-4.284672
 10
1.141615
 20
-4.284089
 10
1.140859
 20
-4.283571
 10
1.140067
 20
-4.283119
 10
1.139245
 20
-4.282732
 10
1.138396
 20
-4.282412
 10
1.137526
 20
-4.282159
 10
1.136640
 20
-4.281972
 10
1.135742
 20
-4.281852
 10
1.134837
 20
-4.281799
 10
1.133930
 20
-4.281815
 10
1.133026
 20
-4.281898
 10
1.132129
 20
-4.282049
 10
1.131244
 20
-4.282268
 10
1.130376
 20
-4.282557
 10
1.129529
 20
-4.282914
 10
1.128709
 20
-4.283340
 10
1.127920
 20
-4.283836
 10
1.127167
 20
-4.284402
  0
LWPOLYLINE
  5
6a7
330
1F
100
AcDbEntity
  8
Polycam-Floor_1-Objects-Furniture
 62
45
420
11711154
100
AcDbPolyline
 90
20
 70
0
 43
0.000000
 10
1.127167
 20
-4.284402
 10
1.126640
 20
-4.284862
 10
1.126152
 20
-4.285346
 10
1.125703
 20
-4.285852
 10
1.125293
 20
-4.286378
 10
1.124922
 20
-4.286922
 10
1.124591
 20
-4.287483
 10
1.124300
 20
-4.288059
 10
1.124048
 20
-4.288647
 10
1.123836
 20
-4.289247
 10
1.123664
 20
-4.289855
 10
1.123532
 20
-4.290472
 10
1.123440
 20
-4.291094
 10
1.123389
 20
-4.291719
 10
1.123378
 20
-4.292347
 10
1.123407
 20
-4.292975
 10
1.123477
 20
-4.293601
 10
1.123588
 20
-4.294223
 10
1.123740
 20
-4.294841
 10
1.123933
 20
-4.295451
  0
LWPOLYLINE
  5
6a8
330
1F
100
AcDbEntity
  8
Polycam-Floor_1-Objects-Furniture
 62
45
420
11711154
100
AcDbPolyline
 90
20
 70
0
 43
0.000000
 10
1.123933
 20
-4.295451
 10
1.124008
 20
-4.295657
 10
1.124088
 20
-4.295862
 10
1.124173
 20
-4.296066
 10
1.124262
 20
-4.296268
 10
1.124356
 20
-4.296469
 10
1.124455
 20
-4.296669
 10
1.124559
 20
-4.296867
 10
1.124667
 20
-4.297064
 10
1.124781
 20
-4.297259
 10
1.124899
 20
-4.297452
 10
1.125022
 20
-4.297643
 10
1.125150
 20
-4.297833
 10
1.125283
 20
-4.298021
 10
1.125421
 20
-4.298207
 10
1.125564
 20
-4.298391
 10
1.125711
 20
-4.298573
 10
1.125864
 20
-4.298752
 10
1.126022
 20
-4.298930
 10
1.126185
 20
-4.299105
  0
LWPOLYLINE
  5
6a9
330
1F
100
AcDbEntity
  8
Polycam-Floor_1-Objects-Furniture
 62
45
420
11711154
100
AcDbPolyline
 90
20
 70
0
 43
0.000000
 10
1.132964
 20
-4.306234
 10
1.131969
 20
-4.306120
 10
1.130989
 20
-4.305951
 10
1.130024
 20
-4.305728
 10
1.129077
 20
-4.305452
 10
1.128152
 20
-4.305124
 10
1.127251
 20
-4.304746
 10
1.126375
 20
-4.304318
 10
1.125529
 20
-4.303842
 10
1.124714
 20
-4.303320
 10
1.123933
 20
-4.302751
 10
1.123188
 20
-4.302139
 10
1.122482
 20
-4.301482
 10
1.121818
 20
-4.300784
 10
1.121198
 20
-4.300045
 10
1.120625
 20
-4.299266
 10
1.120101
 20
-4.298449
 10
1.119628
 20
-4.297594
 10
1.119211
 20
-4.296703
 10
1.118850
 20
-4.295777
  0
LWPOLYLINE
  5
6aa
330
1F
100
AcDbEntity
  8
Polycam-Floor_1-Objects-Furniture
 62
45
420
11711154
100
AcDbPolyline
 90
20
 70
0
 43
0.000000
 10
1.118850
 20
-4.295777
 10
1.118467
 20
-4.294508
 10
1.118206
 20
-4.293235
 10
1.118064
 20
-4.291964
 10
1.118037
 20
-4.290700
 10
1.118123
 20
-4.289449
 10
1.118319
 20
-4.288216
 10
1.118620
 20
-4.287008
 10
1.119025
 20
-4.285831
 10
1.119530
 20
-4.284690
 10
1.120131
 20
-4.283590
 10
1.120826
 20
-4.282538
 10
1.121611
 20
-4.281540
 10
1.122484
 20
-4.280601
 10
1.123440
 20
-4.279727
 10
1.124478
 20
-4.278924
 10
1.125593
 20
-4.278198
 10
1.126782
 20
-4.277553
 10
1.128043
 20
-4.276997
 10
1.129372
 20
-4.276535
  0
LWPOLYLINE
  5
6ab
330
1F
100
AcDbEntity
  8
Polycam-Floor_1-Objects-Furniture
 62
45
420
11711154
100
AcDbPolyline
 90
20
 70
0
 43
0.000000
 10
1.129372
 20
-4.276535
 10
1.130740
 20
-4.276180
 10
1.132112
 20
-4.275937
 10
1.133483
 20
-4.275805
 10
1.134845
 20
-4.275780
 10
1.136194
 20
-4.275860
 10
1.137522
 20
-4.276041
 10
1.138823
 20
-4.276321
 10
1.140092
 20
-4.276696
 10
1.141322
 20
-4.277164
 10
1.142507
 20
-4.277722
 10
1.143640
 20
-4.278366
 10
1.144715
 20
-4.279095
 10
1.145727
 20
-4.279904
 10
1.146669
 20
-4.280792
 10
1.147534
 20
-4.281754
 10
1.148317
 20
-4.282789
 10
1.149011
 20
-4.283893
 10
1.149610
 20
-4.285063
 10
1.150108
 20
-4.286297
  0
LWPOLYLINE
  5
6ac
330
1F
100
AcDbEntity
  8
Polycam-Floor_1-Objects-Furniture
 62
45
420
11711154
100
AcDbPolyline
 90
20
 70
0
 43
0.000000
 10
1.490220
 20
-4.280873
 10
1.490397
 20
-4.280711
 10
1.490576
 20
-4.280553
 10
1.490759
 20
-4.280400
 10
1.490944
 20
-4.280251
 10
1.491132
 20
-4.280107
 10
1.491323
 20
-4.279967
 10
1.491515
 20
-4.279831
 10
1.491711
 20
-4.279700
 10
1.491908
 20
-4.279574
 10
1.492108
 20
-4.279451
 10
1.492311
 20
-4.279334
 10
1.492515
 20
-4.279220
 10
1.492721
 20
-4.279111
 10
1.492929
 20
-4.279007
 10
1.493140
 20
-4.278907
 10
1.493352
 20
-4.278811
 10
1.493566
 20
-4.278719
 10
1.493781
 20
-4.278632
 10
1.493998
 20
-4.278550
  0
LWPOLYLINE
  5
6ad
330
1F
100
AcDbEntity
  8
Polycam-Floor_1-Objects-Furniture
 62
45
420
11711154
100
AcDbPolyline
 90
20
 70
0
 43
0.000000
 10
1.493998
 20
-4.278550
 10
1.494641
 20
-4.278331
 10
1.495293
 20
-4.278150
 10
1.495955
 20
-4.278006
 10
1.496623
 20
-4.277900
 10
1.497295
 20
-4.277832
 10
1.497971
 20
-4.277801
 10
1.498646
 20
-4.277808
 10
1.499321
 20
-4.277852
 10
1.499992
 20
-4.277934
 10
1.500658
 20
-4.278054
 10
1.501316
 20
-4.278212
 10
1.501965
 20
-4.278407
 10
1.502603
 20
-4.278640
 10
1.503228
 20
-4.278910
 10
1.503837
 20
-4.279219
 10
1.504430
 20
-4.279565
 10
1.505002
 20
-4.279949
 10
1.505554
 20
-4.280370
 10
1.506083
 20
-4.280830
  0
LWPOLYLINE
  5
6ae
330
1F
100
AcDbEntity
  8
Polycam-Floor_1-Objects-Furniture
 62
45
420
11711154
100
AcDbPolyline
 90
20
 70
0
 43
0.000000
 10
1.506083
 20
-4.280830
 10
1.506741
 20
-4.281491
 10
1.507326
 20
-4.282189
 10
1.507839
 20
-4.282921
 10
1.508278
 20
-4.283682
 10
1.508645
 20
-4.284467
 10
1.508939
 20
-4.285273
 10
1.509160
 20
-4.286094
 10
1.509308
 20
-4.286926
 10
1.509384
 20
-4.287765
 10
1.509386
 20
-4.288607
 10
1.509316
 20
-4.289446
 10
1.509173
 20
-4.290279
 10
1.508957
 20
-4.291101
 10
1.508668
 20
-4.291907
 10
1.508306
 20
-4.292694
 10
1.507871
 20
-4.293456
 10
1.507363
 20
-4.294190
 10
1.506783
 20
-4.294891
 10
1.506130
 20
-4.295554
  0
LWPOLYLINE
  5
6af
330
1F
100
AcDbEntity
  8
Polycam-Floor_1-Objects-Furniture
 62
45
420
11711154
100
AcDbPolyline
 90
20
 70
0
 43
0.000000
 10
1.495373
 20
-4.305598
 10
1.494545
 20
-4.304814
 10
1.493712
 20
-4.304035
 10
1.492873
 20
-4.303262
 10
1.492028
 20
-4.302494
 10
1.491177
 20
-4.301731
 10
1.490321
 20
-4.300974
 10
1.489459
 20
-4.300222
 10
1.488591
 20
-4.299476
 10
1.487718
 20
-4.298735
 10
1.486839
 20
-4.298000
 10
1.485955
 20
-4.297270
 10
1.485065
 20
-4.296546
 10
1.484170
 20
-4.295828
 10
1.483269
 20
-4.295116
 10
1.482363
 20
-4.294409
 10
1.481451
 20
-4.293708
 10
1.480535
 20
-4.293013
 10
1.479613
 20
-4.292323
 10
1.478685
 20
-4.291640
  0
LWPOLYLINE
  5
6b0
330
1F
100
AcDbEntity
  8
Polycam-Floor_1-Objects-Furniture
 62
45
420
11711154
100
AcDbPolyline
 90
20
 70
0
 43
0.000000
 10
1.505545
 20
-4.302194
 10
1.505148
 20
-4.302337
 10
1.504749
 20
-4.302469
 10
1.504350
 20
-4.302591
 10
1.503949
 20
-4.302703
 10
1.503547
 20
-4.302804
 10
1.503145
 20
-4.302896
 10
1.502742
 20
-4.302978
 10
1.502339
 20
-4.303051
 10
1.501935
 20
-4.303113
 10
1.501531
 20
-4.303166
 10
1.501127
 20
-4.303210
 10
1.500724
 20
-4.303244
 10
1.500321
 20
-4.303268
 10
1.499918
 20
-4.303283
 10
1.499516
 20
-4.303289
 10
1.499114
 20
-4.303285
 10
1.498714
 20
-4.303273
 10
1.498315
 20
-4.303251
 10
1.497917
 20
-4.303220
  0
LWPOLYLINE
  5
6b1
330
1F
100
AcDbEntity
  8
Polycam-Floor_1-Objects-Furniture
 62
45
420
11711154
100
AcDbPolyline
 90
20
 70
0
 43
0.000000
 10
1.506135
 20
-4.295554
 10
1.506789
 20
-4.294891
 10
1.507369
 20
-4.294190
 10
1.507877
 20
-4.293456
 10
1.508312
 20
-4.292694
 10
1.508674
 20
-4.291907
 10
1.508962
 20
-4.291101
 10
1.509179
 20
-4.290279
 10
1.509322
 20
-4.289446
 10
1.509392
 20
-4.288607
 10
1.509390
 20
-4.287765
 10
1.509314
 20
-4.286926
 10
1.509166
 20
-4.286094
 10
1.508945
 20
-4.285273
 10
1.508651
 20
-4.284467
 10
1.508284
 20
-4.283682
 10
1.507844
 20
-4.282921
 10
1.507332
 20
-4.282189
 10
1.506747
 20
-4.281491
 10
1.506089
 20
-4.280830
  0
LWPOLYLINE
  5
6b2
330
1F
100
AcDbEntity
  8
Polycam-Floor_1-Objects-Furniture
 62
45
420
11711154
100
AcDbPolyline
 90
20
 70
0
 43
0.000000
 10
1.506089
 20
-4.280830
 10
1.505560
 20
-4.280371
 10
1.505008
 20
-4.279950
 10
1.504436
 20
-4.279567
 10
1.503844
 20
-4.279221
 10
1.503235
 20
-4.278914
 10
1.502610
 20
-4.278643
 10
1.501973
 20
-4.278411
 10
1.501324
 20
-4.278216
 10
1.500666
 20
-4.278058
 10
1.500000
 20
-4.277939
 10
1.499329
 20
-4.277856
 10
1.498655
 20
-4.277812
 10
1.497979
 20
-4.277804
 10
1.497304
 20
-4.277835
 10
1.496631
 20
-4.277903
 10
1.495963
 20
-4.278008
 10
1.495301
 20
-4.278151
 10
1.494647
 20
-4.278332
 10
1.494004
 20
-4.278550
  0
LWPOLYLINE
  5
6b3
330
1F
100
AcDbEntity
  8
Polycam-Floor_1-Objects-Furniture
 62
45
420
11711154
100
AcDbPolyline
 90
20
 70
0
 43
0.000000
 10
1.494004
 20
-4.278550
 10
1.493787
 20
-4.278632
 10
1.493571
 20
-4.278719
 10
1.493358
 20
-4.278811
 10
1.493146
 20
-4.278907
 10
1.492935
 20
-4.279007
 10
1.492727
 20
-4.279111
 10
1.492521
 20
-4.279220
 10
1.492316
 20
-4.279334
 10
1.492114
 20
-4.279451
 10
1.491914
 20
-4.279574
 10
1.491717
 20
-4.279700
 10
1.491521
 20
-4.279831
 10
1.491328
 20
-4.279967
 10
1.491138
 20
-4.280107
 10
1.490950
 20
-4.280251
 10
1.490765
 20
-4.280400
 10
1.490582
 20
-4.280553
 10
1.490403
 20
-4.280711
 10
1.490226
 20
-4.280873
  0
LWPOLYLINE
  5
6b4
330
1F
100
AcDbEntity
  8
Polycam-Floor_1-Objects-Furniture
 62
45
420
11711154
100
AcDbPolyline
 90
20
 70
0
 43
0.000000
 10
1.483002
 20
-4.287617
 10
1.483059
 20
-4.286688
 10
1.483177
 20
-4.285769
 10
1.483354
 20
-4.284861
 10
1.483589
 20
-4.283966
 10
1.483880
 20
-4.283088
 10
1.484228
 20
-4.282229
 10
1.484631
 20
-4.281390
 10
1.485087
 20
-4.280575
 10
1.485595
 20
-4.279786
 10
1.486155
 20
-4.279025
 10
1.486765
 20
-4.278295
 10
1.487424
 20
-4.277599
 10
1.488131
 20
-4.276938
 10
1.488886
 20
-4.276315
 10
1.489685
 20
-4.275733
 10
1.490530
 20
-4.275194
 10
1.491418
 20
-4.274700
 10
1.492348
 20
-4.274254
 10
1.493320
 20
-4.273859
  0
LWPOLYLINE
  5
6b5
330
1F
100
AcDbEntity
  8
Polycam-Floor_1-Objects-Furniture
 62
45
420
11711154
100
AcDbPolyline
 90
20
 70
0
 43
0.000000
 10
1.493320
 20
-4.273859
 10
1.494659
 20
-4.273421
 10
1.496011
 20
-4.273097
 10
1.497369
 20
-4.272882
 10
1.498726
 20
-4.272775
 10
1.500077
 20
-4.272774
 10
1.501415
 20
-4.272875
 10
1.502733
 20
-4.273075
 10
1.504026
 20
-4.273374
 10
1.505286
 20
-4.273767
 10
1.506507
 20
-4.274253
 10
1.507683
 20
-4.274828
 10
1.508807
 20
-4.275490
 10
1.509873
 20
-4.276238
 10
1.510875
 20
-4.277067
 10
1.511806
 20
-4.277976
 10
1.512660
 20
-4.278962
 10
1.513430
 20
-4.280022
 10
1.514109
 20
-4.281154
 10
1.514693
 20
-4.282356
  0
LWPOLYLINE
  5
6b6
330
1F
100
AcDbEntity
  8
Polycam-Floor_1-Objects-Furniture
 62
45
420
11711154
100
AcDbPolyline
 90
20
 70
0
 43
0.000000
 10
1.514693
 20
-4.282356
 10
1.515164
 20
-4.283599
 10
1.515514
 20
-4.284855
 10
1.515745
 20
-4.286116
 10
1.515860
 20
-4.287376
 10
1.515863
 20
-4.288630
 10
1.515754
 20
-4.289872
 10
1.515538
 20
-4.291096
 10
1.515218
 20
-4.292295
 10
1.514795
 20
-4.293465
 10
1.514272
 20
-4.294598
 10
1.513653
 20
-4.295689
 10
1.512940
 20
-4.296732
 10
1.512136
 20
-4.297722
 10
1.511244
 20
-4.298651
 10
1.510265
 20
-4.299515
 10
1.509204
 20
-4.300307
 10
1.508063
 20
-4.301022
 10
1.506844
 20
-4.301653
 10
1.505550
 20
-4.302194
  0
LWPOLYLINE
  5
6b7
330
1F
100
AcDbEntity
  8
Polycam-Floor_1-Objects-Furniture
 62
45
420
11711154
100
AcDbPolyline
 90
20
 70
0
 43
0.000000
 10
1.095599
 20
-4.416178
 10
1.095732
 20
-4.409879
 10
1.096125
 20
-4.403643
 10
1.096775
 20
-4.397473
 10
1.097677
 20
-4.391375
 10
1.098825
 20
-4.385352
 10
1.100215
 20
-4.379410
 10
1.101842
 20
-4.373554
 10
1.103701
 20
-4.367787
 10
1.105786
 20
-4.362114
 10
1.108094
 20
-4.356540
 10
1.110618
 20
-4.351069
 10
1.113355
 20
-4.345707
 10
1.116299
 20
-4.340457
 10
1.119446
 20
-4.335324
 10
1.122789
 20
-4.330313
 10
1.126326
 20
-4.325428
 10
1.130050
 20
-4.320674
 10
1.133956
 20
-4.316055
 10
1.138041
 20
-4.311576
  0
LWPOLYLINE
  5
6b8
330
1F
100
AcDbEntity
  8
Polycam-Floor_1-Objects-Furniture
 62
45
420
11711154
100
AcDbPolyline
 90
20
 70
0
 43
0.000000
 10
1.138041
 20
-4.311576
 10
1.138826
 20
-4.310752
 10
1.139617
 20
-4.309934
 10
1.140415
 20
-4.309120
 10
1.141218
 20
-4.308311
 10
1.142027
 20
-4.307508
 10
1.142842
 20
-4.306710
 10
1.143663
 20
-4.305918
 10
1.144489
 20
-4.305130
 10
1.145322
 20
-4.304348
 10
1.146160
 20
-4.303572
 10
1.147004
 20
-4.302801
 10
1.147853
 20
-4.302036
 10
1.148708
 20
-4.301276
 10
1.149569
 20
-4.300521
 10
1.150435
 20
-4.299773
 10
1.151307
 20
-4.299030
 10
1.152185
 20
-4.298293
 10
1.153068
 20
-4.297561
 10
1.153957
 20
-4.296836
  0
LWPOLYLINE
  5
6b9
330
1F
100
AcDbEntity
  8
Polycam-Floor_1-Objects-Furniture
 62
45
420
11711154
100
AcDbPolyline
 90
20
 70
0
 43
0.000000
 10
1.153957
 20
-4.296836
 10
1.158777
 20
-4.293060
 10
1.163748
 20
-4.289450
 10
1.168863
 20
-4.286008
 10
1.174118
 20
-4.282740
 10
1.179507
 20
-4.279650
 10
1.185028
 20
-4.276742
 10
1.190673
 20
-4.274022
 10
1.196438
 20
-4.271493
 10
1.202320
 20
-4.269161
 10
1.208311
 20
-4.267029
 10
1.214409
 20
-4.265102
 10
1.220608
 20
-4.263386
 10
1.226902
 20
-4.261883
 10
1.233288
 20
-4.260599
 10
1.239760
 20
-4.259538
 10
1.246313
 20
-4.258706
 10
1.252943
 20
-4.258105
 10
1.259644
 20
-4.257742
 10
1.266413
 20
-4.257619
  0
LWPOLYLINE
  5
6ba
330
1F
100
AcDbEntity
  8
Polycam-Floor_1-Objects-Furniture
 62
45
420
11711154
100
AcDbPolyline
 90
20
 70
0
 43
0.000000
 10
1.372955
 20
-4.257619
 10
1.379232
 20
-4.257725
 10
1.385452
 20
-4.258037
 10
1.391611
 20
-4.258554
 10
1.397705
 20
-4.259272
 10
1.403730
 20
-4.260186
 10
1.409682
 20
-4.261294
 10
1.415558
 20
-4.262591
 10
1.421353
 20
-4.264074
 10
1.427064
 20
-4.265740
 10
1.432687
 20
-4.267585
 10
1.438218
 20
-4.269605
 10
1.443653
 20
-4.271796
 10
1.448988
 20
-4.274156
 10
1.454219
 20
-4.276680
 10
1.459343
 20
-4.279365
 10
1.464356
 20
-4.282207
 10
1.469253
 20
-4.285202
 10
1.474030
 20
-4.288348
 10
1.478685
 20
-4.291640
  0
LWPOLYLINE
  5
6bb
330
1F
100
AcDbEntity
  8
Polycam-Floor_1-Objects-Furniture
 62
45
420
11711154
100
AcDbPolyline
 90
20
 70
0
 43
0.000000
 10
1.478685
 20
-4.291640
 10
1.479613
 20
-4.292323
 10
1.480535
 20
-4.293013
 10
1.481451
 20
-4.293708
 10
1.482363
 20
-4.294409
 10
1.483269
 20
-4.295116
 10
1.484170
 20
-4.295828
 10
1.485065
 20
-4.296546
 10
1.485955
 20
-4.297270
 10
1.486839
 20
-4.298000
 10
1.487718
 20
-4.298735
 10
1.488591
 20
-4.299476
 10
1.489459
 20
-4.300222
 10
1.490321
 20
-4.300974
 10
1.491177
 20
-4.301731
 10
1.492028
 20
-4.302494
 10
1.492873
 20
-4.303262
 10
1.493712
 20
-4.304035
 10
1.494545
 20
-4.304814
 10
1.495373
 20
-4.305598
  0
LWPOLYLINE
  5
6bc
330
1F
100
AcDbEntity
  8
Polycam-Floor_1-Objects-Furniture
 62
45
420
11711154
100
AcDbPolyline
 90
20
 70
0
 43
0.000000
 10
1.495373
 20
-4.305598
 10
1.500006
 20
-4.310194
 10
1.504441
 20
-4.314957
 10
1.508674
 20
-4.319883
 10
1.512696
 20
-4.324965
 10
1.516504
 20
-4.330199
 10
1.520089
 20
-4.335578
 10
1.523447
 20
-4.341098
 10
1.526572
 20
-4.346751
 10
1.529456
 20
-4.352533
 10
1.532095
 20
-4.358438
 10
1.534481
 20
-4.364460
 10
1.536610
 20
-4.370593
 10
1.538474
 20
-4.376833
 10
1.540069
 20
-4.383173
 10
1.541387
 20
-4.389607
 10
1.542422
 20
-4.396131
 10
1.543170
 20
-4.402737
 10
1.543622
 20
-4.409422
 10
1.543775
 20
-4.416178
  0
LWPOLYLINE
  5
6bd
330
1F
100
AcDbEntity
  8
Polycam-Floor_1-Objects-Furniture
 62
45
420
11711154
100
AcDbPolyline
 90
20
 70
0
 43
0.000000
 10
1.544208
 20
-4.434415
 10
1.544054
 20
-4.440815
 10
1.543595
 20
-4.447309
 10
1.542837
 20
-4.453885
 10
1.541786
 20
-4.460533
 10
1.540446
 20
-4.467242
 10
1.538824
 20
-4.473999
 10
1.536924
 20
-4.480794
 10
1.534752
 20
-4.487616
 10
1.532313
 20
-4.494453
 10
1.529614
 20
-4.501293
 10
1.526658
 20
-4.508126
 10
1.523452
 20
-4.514940
 10
1.520001
 20
-4.521725
 10
1.516311
 20
-4.528468
 10
1.512386
 20
-4.535158
 10
1.508233
 20
-4.541785
 10
1.503856
 20
-4.548336
 10
1.499262
 20
-4.554801
 10
1.494455
 20
-4.561168
  0
LWPOLYLINE
  5
6be
330
1F
100
AcDbEntity
  8
Polycam-Floor_1-Objects-Furniture
 62
45
420
11711154
100
AcDbPolyline
 90
20
 70
0
 43
0.000000
 10
1.494455
 20
-4.561168
 10
1.493375
 20
-4.562549
 10
1.492285
 20
-4.563925
 10
1.491185
 20
-4.565295
 10
1.490075
 20
-4.566660
 10
1.488955
 20
-4.568019
 10
1.487826
 20
-4.569372
 10
1.486687
 20
-4.570719
 10
1.485539
 20
-4.572060
 10
1.484381
 20
-4.573394
 10
1.483213
 20
-4.574723
 10
1.482036
 20
-4.576045
 10
1.480850
 20
-4.577361
 10
1.479654
 20
-4.578670
 10
1.478449
 20
-4.579972
 10
1.477234
 20
-4.581267
 10
1.476011
 20
-4.582555
 10
1.474778
 20
-4.583836
 10
1.473537
 20
-4.585110
 10
1.472286
 20
-4.586377
  0
LWPOLYLINE
  5
6bf
330
1F
100
AcDbEntity
  8
Polycam-Floor_1-Objects-Furniture
 62
45
420
11711154
100
AcDbPolyline
 90
20
 70
0
 43
0.000000
 10
1.472286
 20
-4.586377
 10
1.472148
 20
-4.586516
 10
1.472009
 20
-4.586656
 10
1.471870
 20
-4.586796
 10
1.471731
 20
-4.586936
 10
1.471591
 20
-4.587075
 10
1.471452
 20
-4.587215
 10
1.471312
 20
-4.587354
 10
1.471172
 20
-4.587494
 10
1.471032
 20
-4.587633
 10
1.470892
 20
-4.587772
 10
1.470752
 20
-4.587912
 10
1.470611
 20
-4.588051
 10
1.470471
 20
-4.588190
 10
1.470330
 20
-4.588329
 10
1.470189
 20
-4.588467
 10
1.470048
 20
-4.588606
 10
1.469907
 20
-4.588744
 10
1.469766
 20
-4.588883
 10
1.469625
 20
-4.589021
  0
LWPOLYLINE
  5
6c0
330
1F
100
AcDbEntity
  8
Polycam-Floor_1-Objects-Furniture
 62
45
420
11711154
100
AcDbPolyline
 90
20
 70
0
 43
0.000000
 10
1.469625
 20
-4.589021
 10
1.468754
 20
-4.589871
 10
1.467878
 20
-4.590718
 10
1.466999
 20
-4.591561
 10
1.466115
 20
-4.592400
 10
1.465228
 20
-4.593235
 10
1.464336
 20
-4.594067
 10
1.463440
 20
-4.594895
 10
1.462541
 20
-4.595719
 10
1.461637
 20
-4.596538
 10
1.460729
 20
-4.597354
 10
1.459818
 20
-4.598166
 10
1.458902
 20
-4.598974
 10
1.457983
 20
-4.599778
 10
1.457060
 20
-4.600577
 10
1.456133
 20
-4.601372
 10
1.455202
 20
-4.602164
 10
1.454268
 20
-4.602950
 10
1.453329
 20
-4.603733
 10
1.452387
 20
-4.604511
  0
LWPOLYLINE
  5
6c1
330
1F
100
AcDbEntity
  8
Polycam-Floor_1-Objects-Furniture
 62
45
420
11711154
100
AcDbPolyline
 90
20
 70
0
 43
0.000000
 10
1.452387
 20
-4.604511
 10
1.446441
 20
-4.609258
 10
1.440355
 20
-4.613828
 10
1.434132
 20
-4.618212
 10
1.427779
 20
-4.622401
 10
1.421298
 20
-4.626386
 10
1.414695
 20
-4.630157
 10
1.407973
 20
-4.633706
 10
1.401138
 20
-4.637023
 10
1.394193
 20
-4.640100
 10
1.387143
 20
-4.642926
 10
1.379992
 20
-4.645494
 10
1.372745
 20
-4.647794
 10
1.365406
 20
-4.649816
 10
1.357980
 20
-4.651552
 10
1.350470
 20
-4.652992
 10
1.342881
 20
-4.654128
 10
1.335218
 20
-4.654950
 10
1.327486
 20
-4.655450
 10
1.319687
 20
-4.655617
  0
LWPOLYLINE
  5
6c2
330
1F
100
AcDbEntity
  8
Polycam-Floor_1-Objects-Furniture
 62
45
420
11711154
100
AcDbPolyline
 90
20
 70
0
 43
0.000000
 10
1.319687
 20
-4.655617
 10
1.319529
 20
-4.655620
 10
1.319371
 20
-4.655622
 10
1.319214
 20
-4.655624
 10
1.319056
 20
-4.655627
 10
1.318898
 20
-4.655629
 10
1.318741
 20
-4.655631
 10
1.318583
 20
-4.655633
 10
1.318426
 20
-4.655634
 10
1.318268
 20
-4.655636
 10
1.318111
 20
-4.655637
 10
1.317953
 20
-4.655639
 10
1.317796
 20
-4.655640
 10
1.317638
 20
-4.655641
 10
1.317481
 20
-4.655642
 10
1.317323
 20
-4.655643
 10
1.317166
 20
-4.655643
 10
1.317008
 20
-4.655644
 10
1.316850
 20
-4.655644
 10
1.316692
 20
-4.655644
  0
LWPOLYLINE
  5
6c3
330
1F
100
AcDbEntity
  8
Polycam-Floor_1-Objects-Furniture
 62
45
420
11711154
100
AcDbPolyline
 90
20
 70
0
 43
0.000000
 10
1.316692
 20
-4.655644
 10
1.309101
 20
-4.655480
 10
1.301573
 20
-4.654993
 10
1.294113
 20
-4.654193
 10
1.286725
 20
-4.653087
 10
1.279413
 20
-4.651684
 10
1.272182
 20
-4.649994
 10
1.265035
 20
-4.648024
 10
1.257977
 20
-4.645784
 10
1.251011
 20
-4.643282
 10
1.244143
 20
-4.640526
 10
1.237375
 20
-4.637526
 10
1.230713
 20
-4.634291
 10
1.224160
 20
-4.630828
 10
1.217721
 20
-4.627146
 10
1.211399
 20
-4.623255
 10
1.205200
 20
-4.619163
 10
1.199126
 20
-4.614878
 10
1.193182
 20
-4.610409
 10
1.187373
 20
-4.605765
  0
LWPOLYLINE
  5
6c4
330
1F
100
AcDbEntity
  8
Polycam-Floor_1-Objects-Furniture
 62
45
420
11711154
100
AcDbPolyline
 90
20
 70
0
 43
0.000000
 10
1.187373
 20
-4.605765
 10
1.186454
 20
-4.605005
 10
1.185538
 20
-4.604241
 10
1.184626
 20
-4.603472
 10
1.183718
 20
-4.602699
 10
1.182813
 20
-4.601922
 10
1.181912
 20
-4.601141
 10
1.181015
 20
-4.600356
 10
1.180121
 20
-4.599567
 10
1.179231
 20
-4.598774
 10
1.178345
 20
-4.597976
 10
1.177463
 20
-4.597175
 10
1.176584
 20
-4.596370
 10
1.175710
 20
-4.595561
 10
1.174839
 20
-4.594748
 10
1.173972
 20
-4.593932
 10
1.173109
 20
-4.593111
 10
1.172250
 20
-4.592287
 10
1.171396
 20
-4.591459
 10
1.170545
 20
-4.590628
  0
LWPOLYLINE
  5
6c5
330
1F
100
AcDbEntity
  8
Polycam-Floor_1-Objects-Furniture
 62
45
420
11711154
100
AcDbPolyline
 90
20
 70
0
 43
0.000000
 10
1.170545
 20
-4.590628
 10
1.170150
 20
-4.590240
 10
1.169756
 20
-4.589851
 10
1.169362
 20
-4.589461
 10
1.168970
 20
-4.589071
 10
1.168578
 20
-4.588679
 10
1.168187
 20
-4.588287
 10
1.167797
 20
-4.587894
 10
1.167408
 20
-4.587500
 10
1.167020
 20
-4.587106
 10
1.166633
 20
-4.586710
 10
1.166246
 20
-4.586314
 10
1.165860
 20
-4.585917
 10
1.165476
 20
-4.585520
 10
1.165092
 20
-4.585121
 10
1.164709
 20
-4.584722
 10
1.164327
 20
-4.584322
 10
1.163946
 20
-4.583922
 10
1.163566
 20
-4.583521
 10
1.163187
 20
-4.583119
  0
LWPOLYLINE
  5
6c6
330
1F
100
AcDbEntity
  8
Polycam-Floor_1-Objects-Furniture
 62
45
420
11711154
100
AcDbPolyline
 90
20
 70
0
 43
0.000000
 10
1.163187
 20
-4.583119
 10
1.161928
 20
-4.581777
 10
1.160679
 20
-4.580427
 10
1.159440
 20
-4.579069
 10
1.158211
 20
-4.577704
 10
1.156992
 20
-4.576332
 10
1.155784
 20
-4.574952
 10
1.154585
 20
-4.573565
 10
1.153396
 20
-4.572171
 10
1.152218
 20
-4.570770
 10
1.151050
 20
-4.569362
 10
1.149893
 20
-4.567948
 10
1.148746
 20
-4.566527
 10
1.147610
 20
-4.565100
 10
1.146484
 20
-4.563667
 10
1.145369
 20
-4.562228
 10
1.144265
 20
-4.560782
 10
1.143172
 20
-4.559331
 10
1.142089
 20
-4.557875
 10
1.141018
 20
-4.556412
  0
LWPOLYLINE
  5
6c7
330
1F
100
AcDbEntity
  8
Polycam-Floor_1-Objects-Furniture
 62
45
420
11711154
100
AcDbPolyline
 90
20
 70
0
 43
0.000000
 10
1.141018
 20
-4.556412
 10
1.136658
 20
-4.550251
 10
1.132493
 20
-4.544007
 10
1.128528
 20
-4.537688
 10
1.124767
 20
-4.531305
 10
1.121215
 20
-4.524867
 10
1.117876
 20
-4.518384
 10
1.114756
 20
-4.511866
 10
1.111859
 20
-4.505322
 10
1.109190
 20
-4.498762
 10
1.106752
 20
-4.492195
 10
1.104552
 20
-4.485633
 10
1.102593
 20
-4.479083
 10
1.100880
 20
-4.472556
 10
1.099418
 20
-4.466061
 10
1.098212
 20
-4.459609
 10
1.097265
 20
-4.453209
 10
1.096583
 20
-4.446870
 10
1.096171
 20
-4.440602
 10
1.096032
 20
-4.434415
  0
LWPOLYLINE
  5
6c8
330
1F
100
AcDbEntity
  8
Polycam-Floor_1-Objects-Furniture
 62
45
420
11711154
100
AcDbPolyline
 90
20
 70
0
 43
0.000000
 10
1.141018
 20
-4.556412
 10
1.142089
 20
-4.557875
 10
1.143172
 20
-4.559331
 10
1.144265
 20
-4.560782
 10
1.145369
 20
-4.562228
 10
1.146484
 20
-4.563667
 10
1.147610
 20
-4.565100
 10
1.148746
 20
-4.566527
 10
1.149893
 20
-4.567948
 10
1.151050
 20
-4.569362
 10
1.152218
 20
-4.570770
 10
1.153396
 20
-4.572171
 10
1.154585
 20
-4.573565
 10
1.155784
 20
-4.574952
 10
1.156992
 20
-4.576332
 10
1.158211
 20
-4.577704
 10
1.159440
 20
-4.579069
 10
1.160679
 20
-4.580427
 10
1.161928
 20
-4.581777
 10
1.163187
 20
-4.583119
  0
LWPOLYLINE
  5
6c9
330
1F
100
AcDbEntity
  8
Polycam-Floor_1-Objects-Furniture
 62
45
420
11711154
100
AcDbPolyline
 90
20
 70
0
 43
0.000000
 10
1.472286
 20
-4.586377
 10
1.473537
 20
-4.585110
 10
1.474778
 20
-4.583836
 10
1.476011
 20
-4.582555
 10
1.477234
 20
-4.581267
 10
1.478449
 20
-4.579972
 10
1.479654
 20
-4.578670
 10
1.480850
 20
-4.577361
 10
1.482036
 20
-4.576045
 10
1.483213
 20
-4.574723
 10
1.484381
 20
-4.573394
 10
1.485539
 20
-4.572060
 10
1.486687
 20
-4.570719
 10
1.487826
 20
-4.569372
 10
1.488955
 20
-4.568019
 10
1.490075
 20
-4.566660
 10
1.491185
 20
-4.565295
 10
1.492285
 20
-4.563925
 10
1.493375
 20
-4.562549
 10
1.494455
 20
-4.561168
  0
LWPOLYLINE
  5
6ca
330
1F
100
AcDbEntity
  8
Polycam-Floor_1-Objects-Furniture
 62
45
420
11711154
100
AcDbPolyline
 90
2
 70
0
 43
0.000000
 10
1.342172
 20
1.557835
 10
1.342172
 20
2.249118
  0
LWPOLYLINE
  5
6cb
330
1F
100
AcDbEntity
  8
Polycam-Floor_1-Objects-Furniture
 62
45
420
11711154
100
AcDbPolyline
 90
2
 70
0
 43
0.000000
 10
1.330585
 20
2.257865
 10
0.696164
 20
2.257865
  0
LWPOLYLINE
  5
6cc
330
1F
100
AcDbEntity
  8
Polycam-Floor_1-Objects-Furniture
 62
45
420
11711154
100
AcDbPolyline
 90
2
 70
0
 43
0.000000
 10
0.684577
 20
2.249118
 10
0.684577
 20
1.557835
  0
LWPOLYLINE
  5
6cd
330
1F
100
AcDbEntity
  8
Polycam-Floor_1-Objects-Furniture
 62
45
420
11711154
100
AcDbPolyline
 90
2
 70
0
 43
0.000000
 10
0.696164
 20
1.549089
 10
1.330585
 20
1.549089
  0
LWPOLYLINE
  5
6ce
330
1F
100
AcDbEntity
  8
Polycam-Floor_1-Objects-Furniture
 62
45
420
11711154
100
AcDbPolyline
 90
2
 70
0
 43
0.000000
 10
1.342172
 20
1.557835
 10
1.342172
 20
1.557835
  0
LWPOLYLINE
  5
6cf
330
1F
100
AcDbEntity
  8
Polycam-Floor_1-Objects-Furniture
 62
45
420
11711154
100
AcDbPolyline
 90
20
 70
0
 43
0.000000
 10
1.342172
 20
2.249118
 10
1.342129
 20
2.249873
 10
1.342004
 20
2.250610
 10
1.341799
 20
2.251326
 10
1.341519
 20
2.252019
 10
1.341166
 20
2.252687
 10
1.340745
 20
2.253326
 10
1.340258
 20
2.253935
 10
1.339709
 20
2.254509
 10
1.339102
 20
2.255048
 10
1.338440
 20
2.255548
 10
1.337727
 20
2.256006
 10
1.336965
 20
2.256420
 10
1.336159
 20
2.256788
 10
1.335312
 20
2.257106
 10
1.334428
 20
2.257372
 10
1.333510
 20
2.257584
 10
1.332560
 20
2.257738
 10
1.331584
 20
2.257833
 10
1.330585
 20
2.257865
  0
LWPOLYLINE
  5
6d0
330
1F
100
AcDbEntity
  8
Polycam-Floor_1-Objects-Furniture
 62
45
420
11711154
100
AcDbPolyline
 90
20
 70
0
 43
0.000000
 10
0.696164
 20
2.257865
 10
0.695164
 20
2.257833
 10
0.694188
 20
2.257738
 10
0.693239
 20
2.257584
 10
0.692321
 20
2.257372
 10
0.691436
 20
2.257106
 10
0.690590
 20
2.256788
 10
0.689784
 20
2.256420
 10
0.689022
 20
2.256006
 10
0.688309
 20
2.255548
 10
0.687647
 20
2.255048
 10
0.687040
 20
2.254509
 10
0.686491
 20
2.253935
 10
0.686004
 20
2.253326
 10
0.685583
 20
2.252687
 10
0.685230
 20
2.252019
 10
0.684949
 20
2.251326
 10
0.684745
 20
2.250610
 10
0.684620
 20
2.249873
 10
0.684577
 20
2.249118
  0
LWPOLYLINE
  5
6d1
330
1F
100
AcDbEntity
  8
Polycam-Floor_1-Objects-Furniture
 62
45
420
11711154
100
AcDbPolyline
 90
20
 70
0
 43
0.000000
 10
0.684577
 20
1.557835
 10
0.684620
 20
1.557081
 10
0.684745
 20
1.556344
 10
0.684949
 20
1.555627
 10
0.685230
 20
1.554934
 10
0.685583
 20
1.554267
 10
0.686004
 20
1.553627
 10
0.686491
 20
1.553019
 10
0.687040
 20
1.552444
 10
0.687647
 20
1.551906
 10
0.688309
 20
1.551406
 10
0.689022
 20
1.550948
 10
0.689784
 20
1.550533
 10
0.690590
 20
1.550166
 10
0.691436
 20
1.549848
 10
0.692321
 20
1.549581
 10
0.693239
 20
1.549370
 10
0.694188
 20
1.549215
 10
0.695164
 20
1.549121
 10
0.696164
 20
1.549089
  0
LWPOLYLINE
  5
6d2
330
1F
100
AcDbEntity
  8
Polycam-Floor_1-Objects-Furniture
 62
45
420
11711154
100
AcDbPolyline
 90
20
 70
0
 43
0.000000
 10
1.330585
 20
1.549089
 10
1.331584
 20
1.549121
 10
1.332560
 20
1.549215
 10
1.333510
 20
1.549370
 10
1.334428
 20
1.549581
 10
1.335312
 20
1.549848
 10
1.336159
 20
1.550166
 10
1.336965
 20
1.550533
 10
1.337727
 20
1.550948
 10
1.338440
 20
1.551406
 10
1.339102
 20
1.551906
 10
1.339709
 20
1.552444
 10
1.340258
 20
1.553019
 10
1.340745
 20
1.553627
 10
1.341166
 20
1.554267
 10
1.341519
 20
1.554934
 10
1.341799
 20
1.555627
 10
1.342004
 20
1.556344
 10
1.342129
 20
1.557081
 10
1.342172
 20
1.557835
  0
LWPOLYLINE
  5
6d3
330
1F
100
AcDbEntity
  8
Polycam-Floor_1-Objects-Fixtures
 62
45
420
11711154
100
AcDbPolyline
 90
2
 70
0
 43
0.000000
 10
-1.728688
 20
-3.254158
 10
-1.728688
 20
-0.360603
  0
LWPOLYLINE
  5
6d4
330
1F
100
AcDbEntity
  8
Polycam-Floor_1-Objects-Fixtures
 62
45
420
11711154
100
AcDbPolyline
 90
2
 70
0
 43
0.000000
 10
-1.728688
 20
-0.360603
 10
-2.402001
 20
-0.360603
  0
LWPOLYLINE
  5
6d5
330
1F
100
AcDbEntity
  8
Polycam-Floor_1-Objects-Fixtures
 62
45
420
11711154
100
AcDbPolyline
 90
2
 70
0
 43
0.000000
 10
-2.402001
 20
-0.360603
 10
-2.402001
 20
-3.254158
  0
LWPOLYLINE
  5
6d6
330
1F
100
AcDbEntity
  8
Polycam-Floor_1-Objects-Fixtures
 62
45
420
11711154
100
AcDbPolyline
 90
2
 70
0
 43
0.000000
 10
-2.402001
 20
-3.254158
 10
-1.728688
 20
-3.254158
  0
LWPOLYLINE
  5
6d7
330
1F
100
AcDbEntity
  8
Polycam-Floor_1-Objects-Fixtures
 62
45
420
11711154
100
AcDbPolyline
 90
2
 70
0
 43
0.000000
 10
-1.728688
 20
-3.254158
 10
-1.728688
 20
-3.254158
  0
LWPOLYLINE
  5
6d8
330
1F
100
AcDbEntity
  8
Polycam-Floor_1-Objects-Fixtures
 62
45
420
11711154
100
AcDbPolyline
 90
2
 70
0
 43
0.000000
 10
-1.640424
 20
-0.932560
 10
-1.640424
 20
-0.360603
  0
LWPOLYLINE
  5
6d9
330
1F
100
AcDbEntity
  8
Polycam-Floor_1-Objects-Fixtures
 62
45
420
11711154
100
AcDbPolyline
 90
2
 70
0
 43
0.000000
 10
-1.640424
 20
-0.360603
 10
-1.714978
 20
-0.360603
  0
LWPOLYLINE
  5
6da
330
1F
100
AcDbEntity
  8
Polycam-Floor_1-Objects-Fixtures
 62
45
420
11711154
100
AcDbPolyline
 90
2
 70
0
 43
0.000000
 10
-1.714978
 20
-0.360603
 10
-1.714978
 20
-0.932560
  0
LWPOLYLINE
  5
6db
330
1F
100
AcDbEntity
  8
Polycam-Floor_1-Objects-Fixtures
 62
45
420
11711154
100
AcDbPolyline
 90
2
 70
0
 43
0.000000
 10
-1.714978
 20
-0.932560
 10
-1.640424
 20
-0.932560
  0
LWPOLYLINE
  5
6dc
330
1F
100
AcDbEntity
  8
Polycam-Floor_1-Objects-Fixtures
 62
45
420
11711154
100
AcDbPolyline
 90
2
 70
0
 43
0.000000
 10
-1.640424
 20
-0.932560
 10
-1.640424
 20
-0.932560
  0
LWPOLYLINE
  5
6dd
330
1F
100
AcDbEntity
  8
Polycam-Floor_1-Objects-Fixtures
 62
45
420
11711154
100
AcDbPolyline
 90
2
 70
0
 43
0.000000
 10
-1.714978
 20
-0.364103
 10
-1.728688
 20
-0.364103
  0
LWPOLYLINE
  5
6de
330
1F
100
AcDbEntity
  8
Polycam-Floor_1-Objects-Fixtures
 62
45
420
11711154
100
AcDbPolyline
 90
2
 70
0
 43
0.000000
 10
-1.714978
 20
-0.928496
 10
-1.728688
 20
-0.928496
  0
LWPOLYLINE
  5
6df
330
1F
100
AcDbEntity
  8
Polycam-Floor_1-Objects-Fixtures
 62
45
420
11711154
100
AcDbPolyline
 90
2
 70
0
 43
0.000000
 10
-1.640424
 20
-1.509320
 10
-1.640424
 20
-0.937363
  0
LWPOLYLINE
  5
6e0
330
1F
100
AcDbEntity
  8
Polycam-Floor_1-Objects-Fixtures
 62
45
420
11711154
100
AcDbPolyline
 90
2
 70
0
 43
0.000000
 10
-1.640424
 20
-0.937363
 10
-1.714978
 20
-0.937363
  0
LWPOLYLINE
  5
6e1
330
1F
100
AcDbEntity
  8
Polycam-Floor_1-Objects-Fixtures
 62
45
420
11711154
100
AcDbPolyline
 90
2
 70
0
 43
0.000000
 10
-1.714978
 20
-0.937363
 10
-1.714978
 20
-1.509320
  0
LWPOLYLINE
  5
6e2
330
1F
100
AcDbEntity
  8
Polycam-Floor_1-Objects-Fixtures
 62
45
420
11711154
100
AcDbPolyline
 90
2
 70
0
 43
0.000000
 10
-1.714978
 20
-1.509320
 10
-1.640424
 20
-1.509320
  0
LWPOLYLINE
  5
6e3
330
1F
100
AcDbEntity
  8
Polycam-Floor_1-Objects-Fixtures
 62
45
420
11711154
100
AcDbPolyline
 90
2
 70
0
 43
0.000000
 10
-1.640424
 20
-1.509320
 10
-1.640424
 20
-1.509320
  0
LWPOLYLINE
  5
6e4
330
1F
100
AcDbEntity
  8
Polycam-Floor_1-Objects-Fixtures
 62
45
420
11711154
100
AcDbPolyline
 90
2
 70
0
 43
0.000000
 10
-1.714978
 20
-0.940832
 10
-1.728688
 20
-0.940832
  0
LWPOLYLINE
  5
6e5
330
1F
100
AcDbEntity
  8
Polycam-Floor_1-Objects-Fixtures
 62
45
420
11711154
100
AcDbPolyline
 90
2
 70
0
 43
0.000000
 10
-1.714978
 20
-1.505256
 10
-1.728688
 20
-1.505256
  0
LWPOLYLINE
  5
6e6
330
1F
100
AcDbEntity
  8
Polycam-Floor_1-Objects-Fixtures
 62
45
420
11711154
100
AcDbPolyline
 90
2
 70
0
 43
0.000000
 10
-1.640424
 20
-2.091595
 10
-1.640424
 20
-1.519638
  0
LWPOLYLINE
  5
6e7
330
1F
100
AcDbEntity
  8
Polycam-Floor_1-Objects-Fixtures
 62
45
420
11711154
100
AcDbPolyline
 90
2
 70
0
 43
0.000000
 10
-1.640424
 20
-1.519638
 10
-1.714978
 20
-1.519638
  0
LWPOLYLINE
  5
6e8
330
1F
100
AcDbEntity
  8
Polycam-Floor_1-Objects-Fixtures
 62
45
420
11711154
100
AcDbPolyline
 90
2
 70
0
 43
0.000000
 10
-1.714978
 20
-1.519638
 10
-1.714978
 20
-2.091595
  0
LWPOLYLINE
  5
6e9
330
1F
100
AcDbEntity
  8
Polycam-Floor_1-Objects-Fixtures
 62
45
420
11711154
100
AcDbPolyline
 90
2
 70
0
 43
0.000000
 10
-1.714978
 20
-2.091595
 10
-1.640424
 20
-2.091595
  0
LWPOLYLINE
  5
6ea
330
1F
100
AcDbEntity
  8
Polycam-Floor_1-Objects-Fixtures
 62
45
420
11711154
100
AcDbPolyline
 90
2
 70
0
 43
0.000000
 10
-1.640424
 20
-2.091595
 10
-1.640424
 20
-2.091595
  0
LWPOLYLINE
  5
6eb
330
1F
100
AcDbEntity
  8
Polycam-Floor_1-Objects-Fixtures
 62
45
420
11711154
100
AcDbPolyline
 90
2
 70
0
 43
0.000000
 10
-1.714978
 20
-1.523109
 10
-1.728688
 20
-1.523109
  0
LWPOLYLINE
  5
6ec
330
1F
100
AcDbEntity
  8
Polycam-Floor_1-Objects-Fixtures
 62
45
420
11711154
100
AcDbPolyline
 90
2
 70
0
 43
0.000000
 10
-1.714978
 20
-2.087532
 10
-1.728688
 20
-2.087532
  0
LWPOLYLINE
  5
6ed
330
1F
100
AcDbEntity
  8
Polycam-Floor_1-Objects-Fixtures
 62
45
420
11711154
100
AcDbPolyline
 90
2
 70
0
 43
0.000000
 10
-1.640424
 20
-2.674668
 10
-1.640424
 20
-2.102714
  0
LWPOLYLINE
  5
6ee
330
1F
100
AcDbEntity
  8
Polycam-Floor_1-Objects-Fixtures
 62
45
420
11711154
100
AcDbPolyline
 90
2
 70
0
 43
0.000000
 10
-1.640424
 20
-2.102714
 10
-1.714978
 20
-2.102714
  0
LWPOLYLINE
  5
6ef
330
1F
100
AcDbEntity
  8
Polycam-Floor_1-Objects-Fixtures
 62
45
420
11711154
100
AcDbPolyline
 90
2
 70
0
 43
0.000000
 10
-1.714978
 20
-2.102714
 10
-1.714978
 20
-2.674668
  0
LWPOLYLINE
  5
6f0
330
1F
100
AcDbEntity
  8
Polycam-Floor_1-Objects-Fixtures
 62
45
420
11711154
100
AcDbPolyline
 90
2
 70
0
 43
0.000000
 10
-1.714978
 20
-2.674668
 10
-1.640424
 20
-2.674668
  0
LWPOLYLINE
  5
6f1
330
1F
100
AcDbEntity
  8
Polycam-Floor_1-Objects-Fixtures
 62
45
420
11711154
100
AcDbPolyline
 90
2
 70
0
 43
0.000000
 10
-1.640424
 20
-2.674668
 10
-1.640424
 20
-2.674668
  0
LWPOLYLINE
  5
6f2
330
1F
100
AcDbEntity
  8
Polycam-Floor_1-Objects-Fixtures
 62
45
420
11711154
100
AcDbPolyline
 90
2
 70
0
 43
0.000000
 10
-1.714978
 20
-2.106183
 10
-1.728688
 20
-2.106183
  0
LWPOLYLINE
  5
6f3
330
1F
100
AcDbEntity
  8
Polycam-Floor_1-Objects-Fixtures
 62
45
420
11711154
100
AcDbPolyline
 90
2
 70
0
 43
0.000000
 10
-1.714978
 20
-2.670608
 10
-1.728688
 20
-2.670608
  0
LWPOLYLINE
  5
6f4
330
1F
100
AcDbEntity
  8
Polycam-Floor_1-Objects-Fixtures
 62
45
420
11711154
100
AcDbPolyline
 90
2
 70
0
 43
0.000000
 10
-1.640424
 20
-3.254157
 10
-1.640424
 20
-2.674668
  0
LWPOLYLINE
  5
6f5
330
1F
100
AcDbEntity
  8
Polycam-Floor_1-Objects-Fixtures
 62
45
420
11711154
100
AcDbPolyline
 90
2
 70
0
 43
0.000000
 10
-1.640424
 20
-2.674668
 10
-1.714978
 20
-2.674668
  0
LWPOLYLINE
  5
6f6
330
1F
100
AcDbEntity
  8
Polycam-Floor_1-Objects-Fixtures
 62
45
420
11711154
100
AcDbPolyline
 90
2
 70
0
 43
0.000000
 10
-1.714978
 20
-2.674668
 10
-1.714978
 20
-3.254157
  0
LWPOLYLINE
  5
6f7
330
1F
100
AcDbEntity
  8
Polycam-Floor_1-Objects-Fixtures
 62
45
420
11711154
100
AcDbPolyline
 90
2
 70
0
 43
0.000000
 10
-1.714978
 20
-3.254157
 10
-1.640424
 20
-3.254157
  0
LWPOLYLINE
  5
6f8
330
1F
100
AcDbEntity
  8
Polycam-Floor_1-Objects-Fixtures
 62
45
420
11711154
100
AcDbPolyline
 90
2
 70
0
 43
0.000000
 10
-1.640424
 20
-3.254157
 10
-1.640424
 20
-3.254157
  0
LWPOLYLINE
  5
6f9
330
1F
100
AcDbEntity
  8
Polycam-Floor_1-Objects-Fixtures
 62
45
420
11711154
100
AcDbPolyline
 90
2
 70
0
 43
0.000000
 10
-1.714978
 20
-2.678198
 10
-1.728688
 20
-2.678198
  0
LWPOLYLINE
  5
6fa
330
1F
100
AcDbEntity
  8
Polycam-Floor_1-Objects-Fixtures
 62
45
420
11711154
100
AcDbPolyline
 90
2
 70
0
 43
0.000000
 10
-1.714978
 20
-3.250035
 10
-1.728688
 20
-3.250035
  0
LWPOLYLINE
  5
6fb
330
1F
100
AcDbEntity
  8
Polycam-Floor_1-Objects-Fixtures
 62
45
420
11711154
100
AcDbPolyline
 90
2
 70
0
 43
0.000000
 10
-1.599269
 20
-0.669046
 10
-1.599269
 20
-0.669046
  0
LWPOLYLINE
  5
6fc
330
1F
100
AcDbEntity
  8
Polycam-Floor_1-Objects-Fixtures
 62
45
420
11711154
100
AcDbPolyline
 90
2
 70
0
 43
0.000000
 10
-1.617851
 20
-0.654990
 10
-1.639889
 20
-0.654990
  0
LWPOLYLINE
  5
6fd
330
1F
100
AcDbEntity
  8
Polycam-Floor_1-Objects-Fixtures
 62
45
420
11711154
100
AcDbPolyline
 90
2
 70
0
 43
0.000000
 10
-1.639889
 20
-0.654990
 10
-1.639889
 20
-0.631590
  0
LWPOLYLINE
  5
6fe
330
1F
100
AcDbEntity
  8
Polycam-Floor_1-Objects-Fixtures
 62
45
420
11711154
100
AcDbPolyline
 90
2
 70
0
 43
0.000000
 10
-1.639889
 20
-0.631590
 10
-1.617568
 20
-0.631590
  0
LWPOLYLINE
  5
6ff
330
1F
100
AcDbEntity
  8
Polycam-Floor_1-Objects-Fixtures
 62
45
420
11711154
100
AcDbPolyline
 90
2
 70
0
 43
0.000000
 10
-1.617851
 20
-0.654990
 10
-1.617851
 20
-0.654990
  0
LWPOLYLINE
  5
700
330
1F
100
AcDbEntity
  8
Polycam-Floor_1-Objects-Fixtures
 62
45
420
11711154
100
AcDbPolyline
 90
2
 70
0
 43
0.000000
 10
-1.599269
 20
-0.856405
 10
-1.599269
 20
-0.856405
  0
LWPOLYLINE
  5
701
330
1F
100
AcDbEntity
  8
Polycam-Floor_1-Objects-Fixtures
 62
45
420
11711154
100
AcDbPolyline
 90
2
 70
0
 43
0.000000
 10
-1.617851
 20
-0.842349
 10
-1.639889
 20
-0.842349
  0
LWPOLYLINE
  5
702
330
1F
100
AcDbEntity
  8
Polycam-Floor_1-Objects-Fixtures
 62
45
420
11711154
100
AcDbPolyline
 90
2
 70
0
 43
0.000000
 10
-1.639889
 20
-0.842349
 10
-1.639889
 20
-0.818952
  0
LWPOLYLINE
  5
703
330
1F
100
AcDbEntity
  8
Polycam-Floor_1-Objects-Fixtures
 62
45
420
11711154
100
AcDbPolyline
 90
2
 70
0
 43
0.000000
 10
-1.639889
 20
-0.818952
 10
-1.617568
 20
-0.818952
  0
LWPOLYLINE
  5
704
330
1F
100
AcDbEntity
  8
Polycam-Floor_1-Objects-Fixtures
 62
45
420
11711154
100
AcDbPolyline
 90
2
 70
0
 43
0.000000
 10
-1.617851
 20
-0.842349
 10
-1.617851
 20
-0.842349
  0
LWPOLYLINE
  5
705
330
1F
100
AcDbEntity
  8
Polycam-Floor_1-Objects-Fixtures
 62
45
420
11711154
100
AcDbPolyline
 90
2
 70
0
 43
0.000000
 10
-1.599269
 20
-1.249127
 10
-1.599269
 20
-1.249127
  0
LWPOLYLINE
  5
706
330
1F
100
AcDbEntity
  8
Polycam-Floor_1-Objects-Fixtures
 62
45
420
11711154
100
AcDbPolyline
 90
2
 70
0
 43
0.000000
 10
-1.617851
 20
-1.235038
 10
-1.639889
 20
-1.235038
  0
LWPOLYLINE
  5
707
330
1F
100
AcDbEntity
  8
Polycam-Floor_1-Objects-Fixtures
 62
45
420
11711154
100
AcDbPolyline
 90
2
 70
0
 43
0.000000
 10
-1.639889
 20
-1.235038
 10
-1.639889
 20
-1.211642
  0
LWPOLYLINE
  5
708
330
1F
100
AcDbEntity
  8
Polycam-Floor_1-Objects-Fixtures
 62
45
420
11711154
100
AcDbPolyline
 90
2
 70
0
 43
0.000000
 10
-1.639889
 20
-1.211642
 10
-1.617568
 20
-1.211642
  0
LWPOLYLINE
  5
709
330
1F
100
AcDbEntity
  8
Polycam-Floor_1-Objects-Fixtures
 62
45
420
11711154
100
AcDbPolyline
 90
2
 70
0
 43
0.000000
 10
-1.617851
 20
-1.235038
 10
-1.617851
 20
-1.235038
  0
LWPOLYLINE
  5
70a
330
1F
100
AcDbEntity
  8
Polycam-Floor_1-Objects-Fixtures
 62
45
420
11711154
100
AcDbPolyline
 90
2
 70
0
 43
0.000000
 10
-1.599269
 20
-1.831045
 10
-1.599269
 20
-1.831045
  0
LWPOLYLINE
  5
70b
330
1F
100
AcDbEntity
  8
Polycam-Floor_1-Objects-Fixtures
 62
45
420
11711154
100
AcDbPolyline
 90
2
 70
0
 43
0.000000
 10
-1.617851
 20
-1.816959
 10
-1.639889
 20
-1.816959
  0
LWPOLYLINE
  5
70c
330
1F
100
AcDbEntity
  8
Polycam-Floor_1-Objects-Fixtures
 62
45
420
11711154
100
AcDbPolyline
 90
2
 70
0
 43
0.000000
 10
-1.639889
 20
-1.816959
 10
-1.639889
 20
-1.793563
  0
LWPOLYLINE
  5
70d
330
1F
100
AcDbEntity
  8
Polycam-Floor_1-Objects-Fixtures
 62
45
420
11711154
100
AcDbPolyline
 90
2
 70
0
 43
0.000000
 10
-1.639889
 20
-1.793563
 10
-1.617568
 20
-1.793563
  0
LWPOLYLINE
  5
70e
330
1F
100
AcDbEntity
  8
Polycam-Floor_1-Objects-Fixtures
 62
45
420
11711154
100
AcDbPolyline
 90
2
 70
0
 43
0.000000
 10
-1.617851
 20
-1.816959
 10
-1.617851
 20
-1.816959
  0
LWPOLYLINE
  5
70f
330
1F
100
AcDbEntity
  8
Polycam-Floor_1-Objects-Fixtures
 62
45
420
11711154
100
AcDbPolyline
 90
2
 70
0
 43
0.000000
 10
-1.599269
 20
-2.227740
 10
-1.599269
 20
-2.227740
  0
LWPOLYLINE
  5
710
330
1F
100
AcDbEntity
  8
Polycam-Floor_1-Objects-Fixtures
 62
45
420
11711154
100
AcDbPolyline
 90
2
 70
0
 43
0.000000
 10
-1.617851
 20
-2.213655
 10
-1.639889
 20
-2.213655
  0
LWPOLYLINE
  5
711
330
1F
100
AcDbEntity
  8
Polycam-Floor_1-Objects-Fixtures
 62
45
420
11711154
100
AcDbPolyline
 90
2
 70
0
 43
0.000000
 10
-1.639889
 20
-2.213655
 10
-1.639889
 20
-2.190258
  0
LWPOLYLINE
  5
712
330
1F
100
AcDbEntity
  8
Polycam-Floor_1-Objects-Fixtures
 62
45
420
11711154
100
AcDbPolyline
 90
2
 70
0
 43
0.000000
 10
-1.639889
 20
-2.190258
 10
-1.617568
 20
-2.190258
  0
LWPOLYLINE
  5
713
330
1F
100
AcDbEntity
  8
Polycam-Floor_1-Objects-Fixtures
 62
45
420
11711154
100
AcDbPolyline
 90
2
 70
0
 43
0.000000
 10
-1.617851
 20
-2.213655
 10
-1.617851
 20
-2.213655
  0
LWPOLYLINE
  5
714
330
1F
100
AcDbEntity
  8
Polycam-Floor_1-Objects-Fixtures
 62
45
420
11711154
100
AcDbPolyline
 90
2
 70
0
 43
0.000000
 10
-1.599269
 20
-2.414449
 10
-1.599269
 20
-2.414449
  0
LWPOLYLINE
  5
715
330
1F
100
AcDbEntity
  8
Polycam-Floor_1-Objects-Fixtures
 62
45
420
11711154
100
AcDbPolyline
 90
2
 70
0
 43
0.000000
 10
-1.617851
 20
-2.400392
 10
-1.639889
 20
-2.400392
  0
LWPOLYLINE
  5
716
330
1F
100
AcDbEntity
  8
Polycam-Floor_1-Objects-Fixtures
 62
45
420
11711154
100
AcDbPolyline
 90
2
 70
0
 43
0.000000
 10
-1.639889
 20
-2.400392
 10
-1.639889
 20
-2.376993
  0
LWPOLYLINE
  5
717
330
1F
100
AcDbEntity
  8
Polycam-Floor_1-Objects-Fixtures
 62
45
420
11711154
100
AcDbPolyline
 90
2
 70
0
 43
0.000000
 10
-1.639889
 20
-2.376993
 10
-1.617568
 20
-2.376993
  0
LWPOLYLINE
  5
718
330
1F
100
AcDbEntity
  8
Polycam-Floor_1-Objects-Fixtures
 62
45
420
11711154
100
AcDbPolyline
 90
2
 70
0
 43
0.000000
 10
-1.617851
 20
-2.400392
 10
-1.617851
 20
-2.400392
  0
LWPOLYLINE
  5
719
330
1F
100
AcDbEntity
  8
Polycam-Floor_1-Objects-Fixtures
 62
45
420
11711154
100
AcDbPolyline
 90
2
 70
0
 43
0.000000
 10
-1.599269
 20
-2.788189
 10
-1.599269
 20
-2.788189
  0
LWPOLYLINE
  5
71a
330
1F
100
AcDbEntity
  8
Polycam-Floor_1-Objects-Fixtures
 62
45
420
11711154
100
AcDbPolyline
 90
2
 70
0
 43
0.000000
 10
-1.617851
 20
-2.774103
 10
-1.639889
 20
-2.774103
  0
LWPOLYLINE
  5
71b
330
1F
100
AcDbEntity
  8
Polycam-Floor_1-Objects-Fixtures
 62
45
420
11711154
100
AcDbPolyline
 90
2
 70
0
 43
0.000000
 10
-1.639889
 20
-2.774103
 10
-1.639889
 20
-2.750707
  0
LWPOLYLINE
  5
71c
330
1F
100
AcDbEntity
  8
Polycam-Floor_1-Objects-Fixtures
 62
45
420
11711154
100
AcDbPolyline
 90
2
 70
0
 43
0.000000
 10
-1.639889
 20
-2.750707
 10
-1.617568
 20
-2.750707
  0
LWPOLYLINE
  5
71d
330
1F
100
AcDbEntity
  8
Polycam-Floor_1-Objects-Fixtures
 62
45
420
11711154
100
AcDbPolyline
 90
2
 70
0
 43
0.000000
 10
-1.617851
 20
-2.774103
 10
-1.617851
 20
-2.774103
  0
LWPOLYLINE
  5
71e
330
1F
100
AcDbEntity
  8
Polycam-Floor_1-Objects-Fixtures
 62
45
420
11711154
100
AcDbPolyline
 90
20
 70
0
 43
0.000000
 10
-1.599269
 20
-0.669046
 10
-1.600539
 20
-0.668999
 10
-1.601789
 20
-0.668860
 10
-1.603016
 20
-0.668630
 10
-1.604219
 20
-0.668314
 10
-1.605395
 20
-0.667913
 10
-1.606542
 20
-0.667431
 10
-1.607657
 20
-0.666870
 10
-1.608739
 20
-0.666232
 10
-1.609786
 20
-0.665521
 10
-1.610794
 20
-0.664740
 10
-1.611762
 20
-0.663890
 10
-1.612688
 20
-0.662974
 10
-1.613569
 20
-0.661996
 10
-1.614404
 20
-0.660958
 10
-1.615189
 20
-0.659862
 10
-1.615923
 20
-0.658712
 10
-1.616603
 20
-0.657510
 10
-1.617227
 20
-0.656258
 10
-1.617794
 20
-0.654961
  0
LWPOLYLINE
  5
71f
330
1F
100
AcDbEntity
  8
Polycam-Floor_1-Objects-Fixtures
 62
45
420
11711154
100
AcDbPolyline
 90
20
 70
0
 43
0.000000
 10
-1.617794
 20
-0.654961
 10
-1.617992
 20
-0.654418
 10
-1.618143
 20
-0.653869
 10
-1.618251
 20
-0.653313
 10
-1.618319
 20
-0.652749
 10
-1.618353
 20
-0.652179
 10
-1.618355
 20
-0.651603
 10
-1.618332
 20
-0.651020
 10
-1.618285
 20
-0.650431
 10
-1.618221
 20
-0.649836
 10
-1.618143
 20
-0.649235
 10
-1.618055
 20
-0.648629
 10
-1.617962
 20
-0.648017
 10
-1.617868
 20
-0.647400
 10
-1.617776
 20
-0.646779
 10
-1.617692
 20
-0.646152
 10
-1.617619
 20
-0.645520
 10
-1.617562
 20
-0.644885
 10
-1.617524
 20
-0.644245
 10
-1.617511
 20
-0.643600
  0
LWPOLYLINE
  5
720
330
1F
100
AcDbEntity
  8
Polycam-Floor_1-Objects-Fixtures
 62
45
420
11711154
100
AcDbPolyline
 90
20
 70
0
 43
0.000000
 10
-1.617511
 20
-0.643600
 10
-1.617523
 20
-0.642914
 10
-1.617558
 20
-0.642233
 10
-1.617611
 20
-0.641556
 10
-1.617677
 20
-0.640885
 10
-1.617754
 20
-0.640219
 10
-1.617836
 20
-0.639558
 10
-1.617919
 20
-0.638903
 10
-1.617999
 20
-0.638254
 10
-1.618073
 20
-0.637611
 10
-1.618135
 20
-0.636975
 10
-1.618183
 20
-0.636345
 10
-1.618210
 20
-0.635721
 10
-1.618214
 20
-0.635105
 10
-1.618191
 20
-0.634495
 10
-1.618135
 20
-0.633893
 10
-1.618044
 20
-0.633298
 10
-1.617912
 20
-0.632711
 10
-1.617736
 20
-0.632132
 10
-1.617511
 20
-0.631561
  0
LWPOLYLINE
  5
721
330
1F
100
AcDbEntity
  8
Polycam-Floor_1-Objects-Fixtures
 62
45
420
11711154
100
AcDbPolyline
 90
20
 70
0
 43
0.000000
 10
-1.617511
 20
-0.631561
 10
-1.616929
 20
-0.630323
 10
-1.616293
 20
-0.629130
 10
-1.615606
 20
-0.627985
 10
-1.614870
 20
-0.626889
 10
-1.614086
 20
-0.625846
 10
-1.613257
 20
-0.624858
 10
-1.612384
 20
-0.623927
 10
-1.611470
 20
-0.623056
 10
-1.610517
 20
-0.622248
 10
-1.609526
 20
-0.621505
 10
-1.608500
 20
-0.620829
 10
-1.607441
 20
-0.620224
 10
-1.606351
 20
-0.619691
 10
-1.605232
 20
-0.619233
 10
-1.604085
 20
-0.618852
 10
-1.602914
 20
-0.618552
 10
-1.601719
 20
-0.618335
 10
-1.600504
 20
-0.618202
 10
-1.599269
 20
-0.618157
  0
LWPOLYLINE
  5
722
330
1F
100
AcDbEntity
  8
Polycam-Floor_1-Objects-Fixtures
 62
45
420
11711154
100
AcDbPolyline
 90
20
 70
0
 43
0.000000
 10
-1.599269
 20
-0.618157
 10
-1.597481
 20
-0.618251
 10
-1.595735
 20
-0.618526
 10
-1.594037
 20
-0.618975
 10
-1.592394
 20
-0.619590
 10
-1.590812
 20
-0.620364
 10
-1.589297
 20
-0.621289
 10
-1.587854
 20
-0.622358
 10
-1.586492
 20
-0.623563
 10
-1.585215
 20
-0.624896
 10
-1.584030
 20
-0.626349
 10
-1.582943
 20
-0.627916
 10
-1.581961
 20
-0.629587
 10
-1.581089
 20
-0.631357
 10
-1.580335
 20
-0.633217
 10
-1.579703
 20
-0.635159
 10
-1.579201
 20
-0.637176
 10
-1.578835
 20
-0.639260
 10
-1.578611
 20
-0.641404
 10
-1.578535
 20
-0.643600
  0
LWPOLYLINE
  5
723
330
1F
100
AcDbEntity
  8
Polycam-Floor_1-Objects-Fixtures
 62
45
420
11711154
100
AcDbPolyline
 90
20
 70
0
 43
0.000000
 10
-1.578535
 20
-0.643600
 10
-1.578611
 20
-0.645796
 10
-1.578835
 20
-0.647940
 10
-1.579201
 20
-0.650025
 10
-1.579703
 20
-0.652042
 10
-1.580335
 20
-0.653985
 10
-1.581089
 20
-0.655844
 10
-1.581961
 20
-0.657614
 10
-1.582943
 20
-0.659286
 10
-1.584030
 20
-0.660853
 10
-1.585215
 20
-0.662307
 10
-1.586492
 20
-0.663640
 10
-1.587854
 20
-0.664845
 10
-1.589297
 20
-0.665914
 10
-1.590812
 20
-0.666839
 10
-1.592394
 20
-0.667613
 10
-1.594037
 20
-0.668229
 10
-1.595735
 20
-0.668678
 10
-1.597481
 20
-0.668953
 10
-1.599269
 20
-0.669046
  0
LWPOLYLINE
  5
724
330
1F
100
AcDbEntity
  8
Polycam-Floor_1-Objects-Fixtures
 62
45
420
11711154
100
AcDbPolyline
 90
20
 70
0
 43
0.000000
 10
-1.617568
 20
-0.631590
 10
-1.617792
 20
-0.632161
 10
-1.617969
 20
-0.632740
 10
-1.618100
 20
-0.633327
 10
-1.618192
 20
-0.633922
 10
-1.618247
 20
-0.634525
 10
-1.618271
 20
-0.635134
 10
-1.618267
 20
-0.635751
 10
-1.618239
 20
-0.636375
 10
-1.618192
 20
-0.637005
 10
-1.618130
 20
-0.637642
 10
-1.618056
 20
-0.638285
 10
-1.617976
 20
-0.638934
 10
-1.617892
 20
-0.639590
 10
-1.617810
 20
-0.640250
 10
-1.617734
 20
-0.640917
 10
-1.617667
 20
-0.641588
 10
-1.617615
 20
-0.642265
 10
-1.617580
 20
-0.642946
 10
-1.617568
 20
-0.643632
  0
LWPOLYLINE
  5
725
330
1F
100
AcDbEntity
  8
Polycam-Floor_1-Objects-Fixtures
 62
45
420
11711154
100
AcDbPolyline
 90
20
 70
0
 43
0.000000
 10
-1.617568
 20
-0.643632
 10
-1.617581
 20
-0.644277
 10
-1.617618
 20
-0.644917
 10
-1.617676
 20
-0.645552
 10
-1.617749
 20
-0.646184
 10
-1.617833
 20
-0.646810
 10
-1.617925
 20
-0.647432
 10
-1.618019
 20
-0.648048
 10
-1.618112
 20
-0.648660
 10
-1.618200
 20
-0.649266
 10
-1.618278
 20
-0.649866
 10
-1.618343
 20
-0.650461
 10
-1.618389
 20
-0.651050
 10
-1.618413
 20
-0.651632
 10
-1.618410
 20
-0.652209
 10
-1.618377
 20
-0.652779
 10
-1.618308
 20
-0.653342
 10
-1.618201
 20
-0.653898
 10
-1.618050
 20
-0.654447
 10
-1.617851
 20
-0.654990
  0
LWPOLYLINE
  5
726
330
1F
100
AcDbEntity
  8
Polycam-Floor_1-Objects-Fixtures
 62
45
420
11711154
100
AcDbPolyline
 90
20
 70
0
 43
0.000000
 10
-1.599269
 20
-0.856405
 10
-1.600539
 20
-0.856358
 10
-1.601789
 20
-0.856219
 10
-1.603016
 20
-0.855989
 10
-1.604219
 20
-0.855673
 10
-1.605395
 20
-0.855272
 10
-1.606542
 20
-0.854790
 10
-1.607657
 20
-0.854229
 10
-1.608739
 20
-0.853591
 10
-1.609786
 20
-0.852880
 10
-1.610794
 20
-0.852099
 10
-1.611762
 20
-0.851249
 10
-1.612688
 20
-0.850333
 10
-1.613569
 20
-0.849355
 10
-1.614404
 20
-0.848317
 10
-1.615189
 20
-0.847221
 10
-1.615923
 20
-0.846071
 10
-1.616603
 20
-0.844869
 10
-1.617227
 20
-0.843617
 10
-1.617794
 20
-0.842319
  0
LWPOLYLINE
  5
727
330
1F
100
AcDbEntity
  8
Polycam-Floor_1-Objects-Fixtures
 62
45
420
11711154
100
AcDbPolyline
 90
20
 70
0
 43
0.000000
 10
-1.617794
 20
-0.842319
 10
-1.617992
 20
-0.841777
 10
-1.618143
 20
-0.841228
 10
-1.618251
 20
-0.840672
 10
-1.618319
 20
-0.840108
 10
-1.618353
 20
-0.839539
 10
-1.618355
 20
-0.838962
 10
-1.618332
 20
-0.838380
 10
-1.618285
 20
-0.837791
 10
-1.618221
 20
-0.837196
 10
-1.618143
 20
-0.836596
 10
-1.618055
 20
-0.835990
 10
-1.617962
 20
-0.835378
 10
-1.617868
 20
-0.834762
 10
-1.617776
 20
-0.834140
 10
-1.617692
 20
-0.833513
 10
-1.617619
 20
-0.832882
 10
-1.617562
 20
-0.832246
 10
-1.617524
 20
-0.831606
 10
-1.617511
 20
-0.830962
  0
LWPOLYLINE
  5
728
330
1F
100
AcDbEntity
  8
Polycam-Floor_1-Objects-Fixtures
 62
45
420
11711154
100
AcDbPolyline
 90
20
 70
0
 43
0.000000
 10
-1.617511
 20
-0.830962
 10
-1.617523
 20
-0.830276
 10
-1.617558
 20
-0.829595
 10
-1.617611
 20
-0.828918
 10
-1.617677
 20
-0.828247
 10
-1.617754
 20
-0.827580
 10
-1.617836
 20
-0.826920
 10
-1.617919
 20
-0.826264
 10
-1.617999
 20
-0.825615
 10
-1.618073
 20
-0.824972
 10
-1.618135
 20
-0.824335
 10
-1.618183
 20
-0.823705
 10
-1.618210
 20
-0.823081
 10
-1.618214
 20
-0.822464
 10
-1.618191
 20
-0.821855
 10
-1.618135
 20
-0.821252
 10
-1.618044
 20
-0.820657
 10
-1.617912
 20
-0.820070
 10
-1.617736
 20
-0.819491
 10
-1.617511
 20
-0.818920
  0
LWPOLYLINE
  5
729
330
1F
100
AcDbEntity
  8
Polycam-Floor_1-Objects-Fixtures
 62
45
420
11711154
100
AcDbPolyline
 90
20
 70
0
 43
0.000000
 10
-1.617511
 20
-0.818920
 10
-1.616929
 20
-0.817682
 10
-1.616293
 20
-0.816489
 10
-1.615606
 20
-0.815344
 10
-1.614870
 20
-0.814248
 10
-1.614086
 20
-0.813205
 10
-1.613257
 20
-0.812217
 10
-1.612384
 20
-0.811286
 10
-1.611470
 20
-0.810415
 10
-1.610517
 20
-0.809607
 10
-1.609526
 20
-0.808864
 10
-1.608500
 20
-0.808188
 10
-1.607441
 20
-0.807583
 10
-1.606351
 20
-0.807050
 10
-1.605232
 20
-0.806592
 10
-1.604085
 20
-0.806211
 10
-1.602914
 20
-0.805911
 10
-1.601719
 20
-0.805694
 10
-1.600504
 20
-0.805561
 10
-1.599269
 20
-0.805516
  0
LWPOLYLINE
  5
72a
330
1F
100
AcDbEntity
  8
Polycam-Floor_1-Objects-Fixtures
 62
45
420
11711154
100
AcDbPolyline
 90
20
 70
0
 43
0.000000
 10
-1.599269
 20
-0.805516
 10
-1.597481
 20
-0.805610
 10
-1.595735
 20
-0.805885
 10
-1.594037
 20
-0.806334
 10
-1.592394
 20
-0.806949
 10
-1.590812
 20
-0.807724
 10
-1.589297
 20
-0.808649
 10
-1.587854
 20
-0.809718
 10
-1.586492
 20
-0.810923
 10
-1.585215
 20
-0.812256
 10
-1.584030
 20
-0.813710
 10
-1.582943
 20
-0.815276
 10
-1.581961
 20
-0.816948
 10
-1.581089
 20
-0.818718
 10
-1.580335
 20
-0.820578
 10
-1.579703
 20
-0.822520
 10
-1.579201
 20
-0.824538
 10
-1.578835
 20
-0.826622
 10
-1.578611
 20
-0.828766
 10
-1.578535
 20
-0.830962
  0
LWPOLYLINE
  5
72b
330
1F
100
AcDbEntity
  8
Polycam-Floor_1-Objects-Fixtures
 62
45
420
11711154
100
AcDbPolyline
 90
20
 70
0
 43
0.000000
 10
-1.578535
 20
-0.830962
 10
-1.578611
 20
-0.833158
 10
-1.578835
 20
-0.835302
 10
-1.579201
 20
-0.837387
 10
-1.579703
 20
-0.839404
 10
-1.580335
 20
-0.841346
 10
-1.581089
 20
-0.843206
 10
-1.581961
 20
-0.844975
 10
-1.582943
 20
-0.846647
 10
-1.584030
 20
-0.848214
 10
-1.585215
 20
-0.849667
 10
-1.586492
 20
-0.851000
 10
-1.587854
 20
-0.852205
 10
-1.589297
 20
-0.853273
 10
-1.590812
 20
-0.854198
 10
-1.592394
 20
-0.854973
 10
-1.594037
 20
-0.855588
 10
-1.595735
 20
-0.856037
 10
-1.597481
 20
-0.856312
 10
-1.599269
 20
-0.856405
  0
LWPOLYLINE
  5
72c
330
1F
100
AcDbEntity
  8
Polycam-Floor_1-Objects-Fixtures
 62
45
420
11711154
100
AcDbPolyline
 90
20
 70
0
 43
0.000000
 10
-1.617568
 20
-0.818952
 10
-1.617792
 20
-0.819523
 10
-1.617969
 20
-0.820101
 10
-1.618100
 20
-0.820688
 10
-1.618192
 20
-0.821283
 10
-1.618247
 20
-0.821885
 10
-1.618271
 20
-0.822494
 10
-1.618267
 20
-0.823111
 10
-1.618239
 20
-0.823734
 10
-1.618192
 20
-0.824365
 10
-1.618130
 20
-0.825001
 10
-1.618056
 20
-0.825644
 10
-1.617976
 20
-0.826294
 10
-1.617892
 20
-0.826949
 10
-1.617810
 20
-0.827609
 10
-1.617734
 20
-0.828276
 10
-1.617667
 20
-0.828947
 10
-1.617615
 20
-0.829624
 10
-1.617580
 20
-0.830305
 10
-1.617568
 20
-0.830991
  0
LWPOLYLINE
  5
72d
330
1F
100
AcDbEntity
  8
Polycam-Floor_1-Objects-Fixtures
 62
45
420
11711154
100
AcDbPolyline
 90
20
 70
0
 43
0.000000
 10
-1.617568
 20
-0.830991
 10
-1.617581
 20
-0.831636
 10
-1.617618
 20
-0.832276
 10
-1.617676
 20
-0.832911
 10
-1.617749
 20
-0.833542
 10
-1.617833
 20
-0.834169
 10
-1.617925
 20
-0.834791
 10
-1.618019
 20
-0.835407
 10
-1.618112
 20
-0.836019
 10
-1.618200
 20
-0.836625
 10
-1.618278
 20
-0.837225
 10
-1.618343
 20
-0.837820
 10
-1.618389
 20
-0.838409
 10
-1.618413
 20
-0.838991
 10
-1.618410
 20
-0.839568
 10
-1.618377
 20
-0.840138
 10
-1.618308
 20
-0.840701
 10
-1.618201
 20
-0.841257
 10
-1.618050
 20
-0.841806
 10
-1.617851
 20
-0.842349
  0
LWPOLYLINE
  5
72e
330
1F
100
AcDbEntity
  8
Polycam-Floor_1-Objects-Fixtures
 62
45
420
11711154
100
AcDbPolyline
 90
20
 70
0
 43
0.000000
 10
-1.599269
 20
-1.249127
 10
-1.600539
 20
-1.249080
 10
-1.601789
 20
-1.248940
 10
-1.603016
 20
-1.248711
 10
-1.604219
 20
-1.248395
 10
-1.605395
 20
-1.247994
 10
-1.606542
 20
-1.247512
 10
-1.607657
 20
-1.246950
 10
-1.608739
 20
-1.246313
 10
-1.609786
 20
-1.245602
 10
-1.610794
 20
-1.244820
 10
-1.611762
 20
-1.243970
 10
-1.612688
 20
-1.243054
 10
-1.613569
 20
-1.242076
 10
-1.614404
 20
-1.241037
 10
-1.615189
 20
-1.239942
 10
-1.615923
 20
-1.238791
 10
-1.616603
 20
-1.237589
 10
-1.617227
 20
-1.236337
 10
-1.617794
 20
-1.235038
  0
LWPOLYLINE
  5
72f
330
1F
100
AcDbEntity
  8
Polycam-Floor_1-Objects-Fixtures
 62
45
420
11711154
100
AcDbPolyline
 90
20
 70
0
 43
0.000000
 10
-1.617794
 20
-1.235038
 10
-1.617992
 20
-1.234497
 10
-1.618143
 20
-1.233948
 10
-1.618251
 20
-1.233392
 10
-1.618319
 20
-1.232829
 10
-1.618353
 20
-1.232259
 10
-1.618355
 20
-1.231683
 10
-1.618332
 20
-1.231100
 10
-1.618285
 20
-1.230511
 10
-1.618221
 20
-1.229916
 10
-1.618143
 20
-1.229316
 10
-1.618055
 20
-1.228710
 10
-1.617962
 20
-1.228098
 10
-1.617868
 20
-1.227481
 10
-1.617776
 20
-1.226859
 10
-1.617692
 20
-1.226233
 10
-1.617619
 20
-1.225601
 10
-1.617562
 20
-1.224965
 10
-1.617524
 20
-1.224325
 10
-1.617511
 20
-1.223681
  0
LWPOLYLINE
  5
730
330
1F
100
AcDbEntity
  8
Polycam-Floor_1-Objects-Fixtures
 62
45
420
11711154
100
AcDbPolyline
 90
20
 70
0
 43
0.000000
 10
-1.617511
 20
-1.223681
 10
-1.617523
 20
-1.222995
 10
-1.617558
 20
-1.222314
 10
-1.617611
 20
-1.221637
 10
-1.617677
 20
-1.220966
 10
-1.617754
 20
-1.220299
 10
-1.617836
 20
-1.219639
 10
-1.617919
 20
-1.218983
 10
-1.617999
 20
-1.218334
 10
-1.618073
 20
-1.217691
 10
-1.618135
 20
-1.217054
 10
-1.618183
 20
-1.216424
 10
-1.618210
 20
-1.215801
 10
-1.618214
 20
-1.215184
 10
-1.618191
 20
-1.214575
 10
-1.618135
 20
-1.213972
 10
-1.618044
 20
-1.213378
 10
-1.617912
 20
-1.212791
 10
-1.617736
 20
-1.212212
 10
-1.617511
 20
-1.211642
  0
LWPOLYLINE
  5
731
330
1F
100
AcDbEntity
  8
Polycam-Floor_1-Objects-Fixtures
 62
45
420
11711154
100
AcDbPolyline
 90
20
 70
0
 43
0.000000
 10
-1.617511
 20
-1.211642
 10
-1.616929
 20
-1.210404
 10
-1.616293
 20
-1.209211
 10
-1.615606
 20
-1.208066
 10
-1.614870
 20
-1.206970
 10
-1.614086
 20
-1.205927
 10
-1.613257
 20
-1.204939
 10
-1.612384
 20
-1.204008
 10
-1.611470
 20
-1.203137
 10
-1.610517
 20
-1.202329
 10
-1.609526
 20
-1.201586
 10
-1.608500
 20
-1.200910
 10
-1.607441
 20
-1.200304
 10
-1.606351
 20
-1.199771
 10
-1.605232
 20
-1.199313
 10
-1.604085
 20
-1.198933
 10
-1.602914
 20
-1.198633
 10
-1.601719
 20
-1.198415
 10
-1.600504
 20
-1.198283
 10
-1.599269
 20
-1.198238
  0
LWPOLYLINE
  5
732
330
1F
100
AcDbEntity
  8
Polycam-Floor_1-Objects-Fixtures
 62
45
420
11711154
100
AcDbPolyline
 90
20
 70
0
 43
0.000000
 10
-1.599269
 20
-1.198238
 10
-1.597481
 20
-1.198332
 10
-1.595735
 20
-1.198607
 10
-1.594037
 20
-1.199056
 10
-1.592394
 20
-1.199671
 10
-1.590812
 20
-1.200445
 10
-1.589297
 20
-1.201370
 10
-1.587854
 20
-1.202439
 10
-1.586492
 20
-1.203644
 10
-1.585215
 20
-1.204976
 10
-1.584030
 20
-1.206430
 10
-1.582943
 20
-1.207996
 10
-1.581961
 20
-1.209668
 10
-1.581089
 20
-1.211438
 10
-1.580335
 20
-1.213297
 10
-1.579703
 20
-1.215240
 10
-1.579201
 20
-1.217257
 10
-1.578835
 20
-1.219341
 10
-1.578611
 20
-1.221485
 10
-1.578535
 20
-1.223681
  0
LWPOLYLINE
  5
733
330
1F
100
AcDbEntity
  8
Polycam-Floor_1-Objects-Fixtures
 62
45
420
11711154
100
AcDbPolyline
 90
20
 70
0
 43
0.000000
 10
-1.578535
 20
-1.223681
 10
-1.578611
 20
-1.225877
 10
-1.578835
 20
-1.228021
 10
-1.579201
 20
-1.230106
 10
-1.579703
 20
-1.232123
 10
-1.580335
 20
-1.234065
 10
-1.581089
 20
-1.235925
 10
-1.581961
 20
-1.237695
 10
-1.582943
 20
-1.239367
 10
-1.584030
 20
-1.240934
 10
-1.585215
 20
-1.242388
 10
-1.586492
 20
-1.243721
 10
-1.587854
 20
-1.244925
 10
-1.589297
 20
-1.245994
 10
-1.590812
 20
-1.246920
 10
-1.592394
 20
-1.247694
 10
-1.594037
 20
-1.248309
 10
-1.595735
 20
-1.248759
 10
-1.597481
 20
-1.249034
 10
-1.599269
 20
-1.249127
  0
LWPOLYLINE
  5
734
330
1F
100
AcDbEntity
  8
Polycam-Floor_1-Objects-Fixtures
 62
45
420
11711154
100
AcDbPolyline
 90
20
 70
0
 43
0.000000
 10
-1.617568
 20
-1.211642
 10
-1.617792
 20
-1.212212
 10
-1.617969
 20
-1.212791
 10
-1.618100
 20
-1.213378
 10
-1.618192
 20
-1.213972
 10
-1.618247
 20
-1.214575
 10
-1.618271
 20
-1.215184
 10
-1.618267
 20
-1.215801
 10
-1.618239
 20
-1.216424
 10
-1.618192
 20
-1.217054
 10
-1.618130
 20
-1.217691
 10
-1.618056
 20
-1.218334
 10
-1.617976
 20
-1.218983
 10
-1.617892
 20
-1.219639
 10
-1.617810
 20
-1.220299
 10
-1.617734
 20
-1.220966
 10
-1.617667
 20
-1.221637
 10
-1.617615
 20
-1.222314
 10
-1.617580
 20
-1.222995
 10
-1.617568
 20
-1.223681
  0
LWPOLYLINE
  5
735
330
1F
100
AcDbEntity
  8
Polycam-Floor_1-Objects-Fixtures
 62
45
420
11711154
100
AcDbPolyline
 90
20
 70
0
 43
0.000000
 10
-1.617568
 20
-1.223681
 10
-1.617581
 20
-1.224325
 10
-1.617618
 20
-1.224965
 10
-1.617676
 20
-1.225601
 10
-1.617749
 20
-1.226232
 10
-1.617833
 20
-1.226859
 10
-1.617925
 20
-1.227481
 10
-1.618019
 20
-1.228097
 10
-1.618112
 20
-1.228709
 10
-1.618200
 20
-1.229315
 10
-1.618278
 20
-1.229915
 10
-1.618343
 20
-1.230510
 10
-1.618389
 20
-1.231099
 10
-1.618413
 20
-1.231681
 10
-1.618410
 20
-1.232258
 10
-1.618377
 20
-1.232827
 10
-1.618308
 20
-1.233391
 10
-1.618201
 20
-1.233947
 10
-1.618050
 20
-1.234496
 10
-1.617851
 20
-1.235038
  0
LWPOLYLINE
  5
736
330
1F
100
AcDbEntity
  8
Polycam-Floor_1-Objects-Fixtures
 62
45
420
11711154
100
AcDbPolyline
 90
20
 70
0
 43
0.000000
 10
-1.599269
 20
-1.831045
 10
-1.600539
 20
-1.830998
 10
-1.601789
 20
-1.830858
 10
-1.603016
 20
-1.830629
 10
-1.604219
 20
-1.830313
 10
-1.605395
 20
-1.829912
 10
-1.606542
 20
-1.829430
 10
-1.607657
 20
-1.828869
 10
-1.608739
 20
-1.828231
 10
-1.609786
 20
-1.827520
 10
-1.610794
 20
-1.826738
 10
-1.611762
 20
-1.825888
 10
-1.612688
 20
-1.824973
 10
-1.613569
 20
-1.823995
 10
-1.614404
 20
-1.822957
 10
-1.615189
 20
-1.821861
 10
-1.615923
 20
-1.820711
 10
-1.616603
 20
-1.819509
 10
-1.617227
 20
-1.818257
 10
-1.617794
 20
-1.816959
  0
LWPOLYLINE
  5
737
330
1F
100
AcDbEntity
  8
Polycam-Floor_1-Objects-Fixtures
 62
45
420
11711154
100
AcDbPolyline
 90
20
 70
0
 43
0.000000
 10
-1.617794
 20
-1.816959
 10
-1.617992
 20
-1.816417
 10
-1.618143
 20
-1.815868
 10
-1.618251
 20
-1.815311
 10
-1.618319
 20
-1.814748
 10
-1.618353
 20
-1.814178
 10
-1.618355
 20
-1.813602
 10
-1.618332
 20
-1.813019
 10
-1.618285
 20
-1.812431
 10
-1.618221
 20
-1.811836
 10
-1.618143
 20
-1.811236
 10
-1.618055
 20
-1.810630
 10
-1.617962
 20
-1.810018
 10
-1.617868
 20
-1.809401
 10
-1.617776
 20
-1.808780
 10
-1.617692
 20
-1.808153
 10
-1.617619
 20
-1.807522
 10
-1.617562
 20
-1.806886
 10
-1.617524
 20
-1.806246
 10
-1.617511
 20
-1.805602
  0
LWPOLYLINE
  5
738
330
1F
100
AcDbEntity
  8
Polycam-Floor_1-Objects-Fixtures
 62
45
420
11711154
100
AcDbPolyline
 90
20
 70
0
 43
0.000000
 10
-1.617511
 20
-1.805602
 10
-1.617523
 20
-1.804916
 10
-1.617558
 20
-1.804235
 10
-1.617611
 20
-1.803558
 10
-1.617677
 20
-1.802886
 10
-1.617754
 20
-1.802220
 10
-1.617836
 20
-1.801559
 10
-1.617919
 20
-1.800904
 10
-1.617999
 20
-1.800255
 10
-1.618073
 20
-1.799612
 10
-1.618135
 20
-1.798975
 10
-1.618183
 20
-1.798345
 10
-1.618210
 20
-1.797722
 10
-1.618214
 20
-1.797105
 10
-1.618191
 20
-1.796495
 10
-1.618135
 20
-1.795893
 10
-1.618044
 20
-1.795299
 10
-1.617912
 20
-1.794712
 10
-1.617736
 20
-1.794133
 10
-1.617511
 20
-1.793563
  0
LWPOLYLINE
  5
739
330
1F
100
AcDbEntity
  8
Polycam-Floor_1-Objects-Fixtures
 62
45
420
11711154
100
AcDbPolyline
 90
20
 70
0
 43
0.000000
 10
-1.617511
 20
-1.793563
 10
-1.616929
 20
-1.792325
 10
-1.616293
 20
-1.791131
 10
-1.615606
 20
-1.789986
 10
-1.614870
 20
-1.788890
 10
-1.614086
 20
-1.787847
 10
-1.613257
 20
-1.786858
 10
-1.612384
 20
-1.785928
 10
-1.611470
 20
-1.785057
 10
-1.610517
 20
-1.784249
 10
-1.609526
 20
-1.783506
 10
-1.608500
 20
-1.782830
 10
-1.607441
 20
-1.782225
 10
-1.606351
 20
-1.781692
 10
-1.605232
 20
-1.781234
 10
-1.604085
 20
-1.780854
 10
-1.602914
 20
-1.780554
 10
-1.601719
 20
-1.780336
 10
-1.600504
 20
-1.780204
 10
-1.599269
 20
-1.780159
  0
LWPOLYLINE
  5
73a
330
1F
100
AcDbEntity
  8
Polycam-Floor_1-Objects-Fixtures
 62
45
420
11711154
100
AcDbPolyline
 90
20
 70
0
 43
0.000000
 10
-1.599269
 20
-1.780159
 10
-1.597481
 20
-1.780253
 10
-1.595735
 20
-1.780528
 10
-1.594037
 20
-1.780976
 10
-1.592394
 20
-1.781592
 10
-1.590812
 20
-1.782366
 10
-1.589297
 20
-1.783291
 10
-1.587854
 20
-1.784360
 10
-1.586492
 20
-1.785564
 10
-1.585215
 20
-1.786897
 10
-1.584030
 20
-1.788351
 10
-1.582943
 20
-1.789917
 10
-1.581961
 20
-1.791589
 10
-1.581089
 20
-1.793359
 10
-1.580335
 20
-1.795218
 10
-1.579703
 20
-1.797161
 10
-1.579201
 20
-1.799178
 10
-1.578835
 20
-1.801262
 10
-1.578611
 20
-1.803406
 10
-1.578535
 20
-1.805602
  0
LWPOLYLINE
  5
73b
330
1F
100
AcDbEntity
  8
Polycam-Floor_1-Objects-Fixtures
 62
45
420
11711154
100
AcDbPolyline
 90
20
 70
0
 43
0.000000
 10
-1.578535
 20
-1.805602
 10
-1.578611
 20
-1.807798
 10
-1.578835
 20
-1.809942
 10
-1.579201
 20
-1.812026
 10
-1.579703
 20
-1.814044
 10
-1.580335
 20
-1.815986
 10
-1.581089
 20
-1.817845
 10
-1.581961
 20
-1.819615
 10
-1.582943
 20
-1.821287
 10
-1.584030
 20
-1.822853
 10
-1.585215
 20
-1.824307
 10
-1.586492
 20
-1.825640
 10
-1.587854
 20
-1.826844
 10
-1.589297
 20
-1.827913
 10
-1.590812
 20
-1.828838
 10
-1.592394
 20
-1.829612
 10
-1.594037
 20
-1.830228
 10
-1.595735
 20
-1.830677
 10
-1.597481
 20
-1.830952
 10
-1.599269
 20
-1.831045
  0
LWPOLYLINE
  5
73c
330
1F
100
AcDbEntity
  8
Polycam-Floor_1-Objects-Fixtures
 62
45
420
11711154
100
AcDbPolyline
 90
20
 70
0
 43
0.000000
 10
-1.617568
 20
-1.793563
 10
-1.617792
 20
-1.794133
 10
-1.617969
 20
-1.794712
 10
-1.618100
 20
-1.795299
 10
-1.618192
 20
-1.795893
 10
-1.618247
 20
-1.796495
 10
-1.618271
 20
-1.797105
 10
-1.618267
 20
-1.797722
 10
-1.618239
 20
-1.798345
 10
-1.618192
 20
-1.798975
 10
-1.618130
 20
-1.799612
 10
-1.618056
 20
-1.800255
 10
-1.617976
 20
-1.800904
 10
-1.617892
 20
-1.801559
 10
-1.617810
 20
-1.802220
 10
-1.617734
 20
-1.802886
 10
-1.617667
 20
-1.803558
 10
-1.617615
 20
-1.804235
 10
-1.617580
 20
-1.804916
 10
-1.617568
 20
-1.805602
  0
LWPOLYLINE
  5
73d
330
1F
100
AcDbEntity
  8
Polycam-Floor_1-Objects-Fixtures
 62
45
420
11711154
100
AcDbPolyline
 90
20
 70
0
 43
0.000000
 10
-1.617568
 20
-1.805602
 10
-1.617581
 20
-1.806246
 10
-1.617618
 20
-1.806886
 10
-1.617676
 20
-1.807522
 10
-1.617749
 20
-1.808153
 10
-1.617833
 20
-1.808780
 10
-1.617925
 20
-1.809401
 10
-1.618019
 20
-1.810018
 10
-1.618112
 20
-1.810630
 10
-1.618200
 20
-1.811236
 10
-1.618278
 20
-1.811836
 10
-1.618343
 20
-1.812431
 10
-1.618389
 20
-1.813019
 10
-1.618413
 20
-1.813602
 10
-1.618410
 20
-1.814178
 10
-1.618377
 20
-1.814748
 10
-1.618308
 20
-1.815311
 10
-1.618201
 20
-1.815868
 10
-1.618050
 20
-1.816417
 10
-1.617851
 20
-1.816959
  0
LWPOLYLINE
  5
73e
330
1F
100
AcDbEntity
  8
Polycam-Floor_1-Objects-Fixtures
 62
45
420
11711154
100
AcDbPolyline
 90
20
 70
0
 43
0.000000
 10
-1.599269
 20
-2.227740
 10
-1.600539
 20
-2.227693
 10
-1.601789
 20
-2.227554
 10
-1.603016
 20
-2.227324
 10
-1.604219
 20
-2.227008
 10
-1.605395
 20
-2.226607
 10
-1.606542
 20
-2.226125
 10
-1.607657
 20
-2.225564
 10
-1.608739
 20
-2.224926
 10
-1.609786
 20
-2.224215
 10
-1.610794
 20
-2.223434
 10
-1.611762
 20
-2.222584
 10
-1.612688
 20
-2.221668
 10
-1.613569
 20
-2.220690
 10
-1.614404
 20
-2.219652
 10
-1.615189
 20
-2.218556
 10
-1.615923
 20
-2.217406
 10
-1.616603
 20
-2.216204
 10
-1.617227
 20
-2.214953
 10
-1.617794
 20
-2.213655
  0
LWPOLYLINE
  5
73f
330
1F
100
AcDbEntity
  8
Polycam-Floor_1-Objects-Fixtures
 62
45
420
11711154
100
AcDbPolyline
 90
20
 70
0
 43
0.000000
 10
-1.617794
 20
-2.213655
 10
-1.617992
 20
-2.213112
 10
-1.618143
 20
-2.212563
 10
-1.618251
 20
-2.212007
 10
-1.618319
 20
-2.211444
 10
-1.618353
 20
-2.210874
 10
-1.618355
 20
-2.210297
 10
-1.618332
 20
-2.209715
 10
-1.618285
 20
-2.209126
 10
-1.618221
 20
-2.208531
 10
-1.618143
 20
-2.207931
 10
-1.618055
 20
-2.207325
 10
-1.617962
 20
-2.206713
 10
-1.617868
 20
-2.206097
 10
-1.617776
 20
-2.205475
 10
-1.617692
 20
-2.204848
 10
-1.617619
 20
-2.204217
 10
-1.617562
 20
-2.203581
 10
-1.617524
 20
-2.202941
 10
-1.617511
 20
-2.202297
  0
LWPOLYLINE
  5
740
330
1F
100
AcDbEntity
  8
Polycam-Floor_1-Objects-Fixtures
 62
45
420
11711154
100
AcDbPolyline
 90
20
 70
0
 43
0.000000
 10
-1.617511
 20
-2.202297
 10
-1.617523
 20
-2.201611
 10
-1.617558
 20
-2.200930
 10
-1.617611
 20
-2.200253
 10
-1.617677
 20
-2.199582
 10
-1.617754
 20
-2.198915
 10
-1.617836
 20
-2.198255
 10
-1.617919
 20
-2.197600
 10
-1.617999
 20
-2.196950
 10
-1.618073
 20
-2.196307
 10
-1.618135
 20
-2.195671
 10
-1.618183
 20
-2.195040
 10
-1.618210
 20
-2.194417
 10
-1.618214
 20
-2.193800
 10
-1.618191
 20
-2.193191
 10
-1.618135
 20
-2.192589
 10
-1.618044
 20
-2.191994
 10
-1.617912
 20
-2.191407
 10
-1.617736
 20
-2.190829
 10
-1.617511
 20
-2.190258
  0
LWPOLYLINE
  5
741
330
1F
100
AcDbEntity
  8
Polycam-Floor_1-Objects-Fixtures
 62
45
420
11711154
100
AcDbPolyline
 90
20
 70
0
 43
0.000000
 10
-1.617511
 20
-2.190258
 10
-1.616929
 20
-2.189020
 10
-1.616293
 20
-2.187826
 10
-1.615606
 20
-2.186681
 10
-1.614870
 20
-2.185585
 10
-1.614086
 20
-2.184541
 10
-1.613257
 20
-2.183553
 10
-1.612384
 20
-2.182622
 10
-1.611470
 20
-2.181751
 10
-1.610517
 20
-2.180943
 10
-1.609526
 20
-2.180199
 10
-1.608500
 20
-2.179523
 10
-1.607441
 20
-2.178918
 10
-1.606351
 20
-2.178385
 10
-1.605232
 20
-2.177927
 10
-1.604085
 20
-2.177546
 10
-1.602914
 20
-2.177246
 10
-1.601719
 20
-2.177029
 10
-1.600504
 20
-2.176896
 10
-1.599269
 20
-2.176852
  0
LWPOLYLINE
  5
742
330
1F
100
AcDbEntity
  8
Polycam-Floor_1-Objects-Fixtures
 62
45
420
11711154
100
AcDbPolyline
 90
20
 70
0
 43
0.000000
 10
-1.599269
 20
-2.176852
 10
-1.597481
 20
-2.176945
 10
-1.595735
 20
-2.177220
 10
-1.594037
 20
-2.177669
 10
-1.592394
 20
-2.178284
 10
-1.590812
 20
-2.179059
 10
-1.589297
 20
-2.179984
 10
-1.587854
 20
-2.181053
 10
-1.586492
 20
-2.182258
 10
-1.585215
 20
-2.183591
 10
-1.584030
 20
-2.185045
 10
-1.582943
 20
-2.186611
 10
-1.581961
 20
-2.188283
 10
-1.581089
 20
-2.190053
 10
-1.580335
 20
-2.191913
 10
-1.579703
 20
-2.193856
 10
-1.579201
 20
-2.195873
 10
-1.578835
 20
-2.197957
 10
-1.578611
 20
-2.200101
 10
-1.578535
 20
-2.202297
  0
LWPOLYLINE
  5
743
330
1F
100
AcDbEntity
  8
Polycam-Floor_1-Objects-Fixtures
 62
45
420
11711154
100
AcDbPolyline
 90
20
 70
0
 43
0.000000
 10
-1.578535
 20
-2.202297
 10
-1.578611
 20
-2.204493
 10
-1.578835
 20
-2.206637
 10
-1.579201
 20
-2.208722
 10
-1.579703
 20
-2.210739
 10
-1.580335
 20
-2.212681
 10
-1.581089
 20
-2.214541
 10
-1.581961
 20
-2.216310
 10
-1.582943
 20
-2.217982
 10
-1.584030
 20
-2.219549
 10
-1.585215
 20
-2.221002
 10
-1.586492
 20
-2.222335
 10
-1.587854
 20
-2.223540
 10
-1.589297
 20
-2.224608
 10
-1.590812
 20
-2.225533
 10
-1.592394
 20
-2.226308
 10
-1.594037
 20
-2.226923
 10
-1.595735
 20
-2.227372
 10
-1.597481
 20
-2.227647
 10
-1.599269
 20
-2.227740
  0
LWPOLYLINE
  5
744
330
1F
100
AcDbEntity
  8
Polycam-Floor_1-Objects-Fixtures
 62
45
420
11711154
100
AcDbPolyline
 90
20
 70
0
 43
0.000000
 10
-1.617568
 20
-2.190258
 10
-1.617792
 20
-2.190829
 10
-1.617969
 20
-2.191407
 10
-1.618100
 20
-2.191994
 10
-1.618192
 20
-2.192589
 10
-1.618247
 20
-2.193191
 10
-1.618271
 20
-2.193800
 10
-1.618267
 20
-2.194417
 10
-1.618239
 20
-2.195040
 10
-1.618192
 20
-2.195671
 10
-1.618130
 20
-2.196307
 10
-1.618056
 20
-2.196950
 10
-1.617976
 20
-2.197600
 10
-1.617892
 20
-2.198255
 10
-1.617810
 20
-2.198915
 10
-1.617734
 20
-2.199582
 10
-1.617667
 20
-2.200253
 10
-1.617615
 20
-2.200930
 10
-1.617580
 20
-2.201611
 10
-1.617568
 20
-2.202297
  0
LWPOLYLINE
  5
745
330
1F
100
AcDbEntity
  8
Polycam-Floor_1-Objects-Fixtures
 62
45
420
11711154
100
AcDbPolyline
 90
20
 70
0
 43
0.000000
 10
-1.617568
 20
-2.202297
 10
-1.617581
 20
-2.202941
 10
-1.617618
 20
-2.203581
 10
-1.617676
 20
-2.204217
 10
-1.617749
 20
-2.204848
 10
-1.617833
 20
-2.205475
 10
-1.617925
 20
-2.206097
 10
-1.618019
 20
-2.206713
 10
-1.618112
 20
-2.207325
 10
-1.618200
 20
-2.207931
 10
-1.618278
 20
-2.208531
 10
-1.618343
 20
-2.209126
 10
-1.618389
 20
-2.209715
 10
-1.618413
 20
-2.210297
 10
-1.618410
 20
-2.210874
 10
-1.618377
 20
-2.211444
 10
-1.618308
 20
-2.212007
 10
-1.618201
 20
-2.212563
 10
-1.618050
 20
-2.213112
 10
-1.617851
 20
-2.213655
  0
LWPOLYLINE
  5
746
330
1F
100
AcDbEntity
  8
Polycam-Floor_1-Objects-Fixtures
 62
45
420
11711154
100
AcDbPolyline
 90
20
 70
0
 43
0.000000
 10
-1.599269
 20
-2.414449
 10
-1.600539
 20
-2.414402
 10
-1.601789
 20
-2.414262
 10
-1.603016
 20
-2.414033
 10
-1.604219
 20
-2.413717
 10
-1.605395
 20
-2.413316
 10
-1.606542
 20
-2.412834
 10
-1.607657
 20
-2.412273
 10
-1.608739
 20
-2.411635
 10
-1.609786
 20
-2.410924
 10
-1.610794
 20
-2.410142
 10
-1.611762
 20
-2.409292
 10
-1.612688
 20
-2.408377
 10
-1.613569
 20
-2.407399
 10
-1.614404
 20
-2.406361
 10
-1.615189
 20
-2.405265
 10
-1.615923
 20
-2.404115
 10
-1.616603
 20
-2.402913
 10
-1.617227
 20
-2.401661
 10
-1.617794
 20
-2.400363
  0
LWPOLYLINE
  5
747
330
1F
100
AcDbEntity
  8
Polycam-Floor_1-Objects-Fixtures
 62
45
420
11711154
100
AcDbPolyline
 90
20
 70
0
 43
0.000000
 10
-1.617794
 20
-2.400363
 10
-1.617992
 20
-2.399821
 10
-1.618143
 20
-2.399272
 10
-1.618251
 20
-2.398715
 10
-1.618319
 20
-2.398152
 10
-1.618353
 20
-2.397582
 10
-1.618355
 20
-2.397005
 10
-1.618332
 20
-2.396423
 10
-1.618285
 20
-2.395834
 10
-1.618221
 20
-2.395239
 10
-1.618143
 20
-2.394638
 10
-1.618055
 20
-2.394032
 10
-1.617962
 20
-2.393420
 10
-1.617868
 20
-2.392803
 10
-1.617776
 20
-2.392181
 10
-1.617692
 20
-2.391555
 10
-1.617619
 20
-2.390923
 10
-1.617562
 20
-2.390288
 10
-1.617524
 20
-2.389647
 10
-1.617511
 20
-2.389003
  0
LWPOLYLINE
  5
748
330
1F
100
AcDbEntity
  8
Polycam-Floor_1-Objects-Fixtures
 62
45
420
11711154
100
AcDbPolyline
 90
20
 70
0
 43
0.000000
 10
-1.617511
 20
-2.389003
 10
-1.617523
 20
-2.388317
 10
-1.617558
 20
-2.387636
 10
-1.617611
 20
-2.386959
 10
-1.617677
 20
-2.386288
 10
-1.617754
 20
-2.385622
 10
-1.617836
 20
-2.384961
 10
-1.617919
 20
-2.384306
 10
-1.617999
 20
-2.383657
 10
-1.618073
 20
-2.383014
 10
-1.618135
 20
-2.382378
 10
-1.618183
 20
-2.381747
 10
-1.618210
 20
-2.381124
 10
-1.618214
 20
-2.380507
 10
-1.618191
 20
-2.379898
 10
-1.618135
 20
-2.379296
 10
-1.618044
 20
-2.378701
 10
-1.617912
 20
-2.378114
 10
-1.617736
 20
-2.377535
 10
-1.617511
 20
-2.376964
  0
LWPOLYLINE
  5
749
330
1F
100
AcDbEntity
  8
Polycam-Floor_1-Objects-Fixtures
 62
45
420
11711154
100
AcDbPolyline
 90
20
 70
0
 43
0.000000
 10
-1.617511
 20
-2.376964
 10
-1.616929
 20
-2.375726
 10
-1.616293
 20
-2.374533
 10
-1.615606
 20
-2.373388
 10
-1.614870
 20
-2.372292
 10
-1.614086
 20
-2.371249
 10
-1.613257
 20
-2.370261
 10
-1.612384
 20
-2.369330
 10
-1.611470
 20
-2.368459
 10
-1.610517
 20
-2.367651
 10
-1.609526
 20
-2.366908
 10
-1.608500
 20
-2.366232
 10
-1.607441
 20
-2.365626
 10
-1.606351
 20
-2.365093
 10
-1.605232
 20
-2.364635
 10
-1.604085
 20
-2.364255
 10
-1.602914
 20
-2.363955
 10
-1.601719
 20
-2.363737
 10
-1.600504
 20
-2.363605
 10
-1.599269
 20
-2.363560
  0
LWPOLYLINE
  5
74a
330
1F
100
AcDbEntity
  8
Polycam-Floor_1-Objects-Fixtures
 62
45
420
11711154
100
AcDbPolyline
 90
20
 70
0
 43
0.000000
 10
-1.599269
 20
-2.363560
 10
-1.597481
 20
-2.363654
 10
-1.595735
 20
-2.363929
 10
-1.594037
 20
-2.364378
 10
-1.592394
 20
-2.364993
 10
-1.590812
 20
-2.365767
 10
-1.589297
 20
-2.366692
 10
-1.587854
 20
-2.367761
 10
-1.586492
 20
-2.368966
 10
-1.585215
 20
-2.370298
 10
-1.584030
 20
-2.371752
 10
-1.582943
 20
-2.373318
 10
-1.581961
 20
-2.374990
 10
-1.581089
 20
-2.376760
 10
-1.580335
 20
-2.378620
 10
-1.579703
 20
-2.380562
 10
-1.579201
 20
-2.382579
 10
-1.578835
 20
-2.384663
 10
-1.578611
 20
-2.386807
 10
-1.578535
 20
-2.389003
  0
LWPOLYLINE
  5
74b
330
1F
100
AcDbEntity
  8
Polycam-Floor_1-Objects-Fixtures
 62
45
420
11711154
100
AcDbPolyline
 90
20
 70
0
 43
0.000000
 10
-1.578535
 20
-2.389003
 10
-1.578611
 20
-2.391199
 10
-1.578835
 20
-2.393343
 10
-1.579201
 20
-2.395428
 10
-1.579703
 20
-2.397445
 10
-1.580335
 20
-2.399387
 10
-1.581089
 20
-2.401247
 10
-1.581961
 20
-2.403017
 10
-1.582943
 20
-2.404689
 10
-1.584030
 20
-2.406256
 10
-1.585215
 20
-2.407710
 10
-1.586492
 20
-2.409043
 10
-1.587854
 20
-2.410247
 10
-1.589297
 20
-2.411316
 10
-1.590812
 20
-2.412242
 10
-1.592394
 20
-2.413016
 10
-1.594037
 20
-2.413632
 10
-1.595735
 20
-2.414081
 10
-1.597481
 20
-2.414356
 10
-1.599269
 20
-2.414449
  0
LWPOLYLINE
  5
74c
330
1F
100
AcDbEntity
  8
Polycam-Floor_1-Objects-Fixtures
 62
45
420
11711154
100
AcDbPolyline
 90
20
 70
0
 43
0.000000
 10
-1.617568
 20
-2.376993
 10
-1.617792
 20
-2.377564
 10
-1.617969
 20
-2.378143
 10
-1.618100
 20
-2.378730
 10
-1.618192
 20
-2.379325
 10
-1.618247
 20
-2.379927
 10
-1.618271
 20
-2.380537
 10
-1.618267
 20
-2.381154
 10
-1.618239
 20
-2.381778
 10
-1.618192
 20
-2.382408
 10
-1.618130
 20
-2.383045
 10
-1.618056
 20
-2.383688
 10
-1.617976
 20
-2.384337
 10
-1.617892
 20
-2.384992
 10
-1.617810
 20
-2.385653
 10
-1.617734
 20
-2.386319
 10
-1.617667
 20
-2.386991
 10
-1.617615
 20
-2.387668
 10
-1.617580
 20
-2.388349
 10
-1.617568
 20
-2.389035
  0
LWPOLYLINE
  5
74d
330
1F
100
AcDbEntity
  8
Polycam-Floor_1-Objects-Fixtures
 62
45
420
11711154
100
AcDbPolyline
 90
20
 70
0
 43
0.000000
 10
-1.617568
 20
-2.389035
 10
-1.617581
 20
-2.389679
 10
-1.617618
 20
-2.390319
 10
-1.617676
 20
-2.390955
 10
-1.617749
 20
-2.391586
 10
-1.617833
 20
-2.392213
 10
-1.617925
 20
-2.392835
 10
-1.618019
 20
-2.393451
 10
-1.618112
 20
-2.394063
 10
-1.618200
 20
-2.394669
 10
-1.618278
 20
-2.395269
 10
-1.618343
 20
-2.395864
 10
-1.618389
 20
-2.396453
 10
-1.618413
 20
-2.397035
 10
-1.618410
 20
-2.397612
 10
-1.618377
 20
-2.398181
 10
-1.618308
 20
-2.398745
 10
-1.618201
 20
-2.399301
 10
-1.618050
 20
-2.399850
 10
-1.617851
 20
-2.400392
  0
LWPOLYLINE
  5
74e
330
1F
100
AcDbEntity
  8
Polycam-Floor_1-Objects-Fixtures
 62
45
420
11711154
100
AcDbPolyline
 90
20
 70
0
 43
0.000000
 10
-1.599269
 20
-2.788189
 10
-1.600539
 20
-2.788142
 10
-1.601789
 20
-2.788002
 10
-1.603016
 20
-2.787773
 10
-1.604219
 20
-2.787457
 10
-1.605395
 20
-2.787056
 10
-1.606542
 20
-2.786574
 10
-1.607657
 20
-2.786012
 10
-1.608739
 20
-2.785375
 10
-1.609786
 20
-2.784664
 10
-1.610794
 20
-2.783882
 10
-1.611762
 20
-2.783032
 10
-1.612688
 20
-2.782117
 10
-1.613569
 20
-2.781139
 10
-1.614404
 20
-2.780100
 10
-1.615189
 20
-2.779005
 10
-1.615923
 20
-2.777855
 10
-1.616603
 20
-2.776652
 10
-1.617227
 20
-2.775401
 10
-1.617794
 20
-2.774103
  0
LWPOLYLINE
  5
74f
330
1F
100
AcDbEntity
  8
Polycam-Floor_1-Objects-Fixtures
 62
45
420
11711154
100
AcDbPolyline
 90
20
 70
0
 43
0.000000
 10
-1.617794
 20
-2.774103
 10
-1.617992
 20
-2.773561
 10
-1.618143
 20
-2.773012
 10
-1.618251
 20
-2.772455
 10
-1.618319
 20
-2.771892
 10
-1.618353
 20
-2.771322
 10
-1.618355
 20
-2.770746
 10
-1.618332
 20
-2.770163
 10
-1.618285
 20
-2.769575
 10
-1.618221
 20
-2.768980
 10
-1.618143
 20
-2.768379
 10
-1.618055
 20
-2.767773
 10
-1.617962
 20
-2.767162
 10
-1.617868
 20
-2.766545
 10
-1.617776
 20
-2.765924
 10
-1.617692
 20
-2.765297
 10
-1.617619
 20
-2.764666
 10
-1.617562
 20
-2.764030
 10
-1.617524
 20
-2.763390
 10
-1.617511
 20
-2.762746
  0
LWPOLYLINE
  5
750
330
1F
100
AcDbEntity
  8
Polycam-Floor_1-Objects-Fixtures
 62
45
420
11711154
100
AcDbPolyline
 90
20
 70
0
 43
0.000000
 10
-1.617511
 20
-2.762746
 10
-1.617523
 20
-2.762060
 10
-1.617558
 20
-2.761378
 10
-1.617611
 20
-2.760702
 10
-1.617677
 20
-2.760030
 10
-1.617754
 20
-2.759364
 10
-1.617836
 20
-2.758703
 10
-1.617919
 20
-2.758048
 10
-1.617999
 20
-2.757399
 10
-1.618073
 20
-2.756756
 10
-1.618135
 20
-2.756119
 10
-1.618183
 20
-2.755489
 10
-1.618210
 20
-2.754865
 10
-1.618214
 20
-2.754249
 10
-1.618191
 20
-2.753639
 10
-1.618135
 20
-2.753037
 10
-1.618044
 20
-2.752443
 10
-1.617912
 20
-2.751856
 10
-1.617736
 20
-2.751277
 10
-1.617511
 20
-2.750707
  0
LWPOLYLINE
  5
751
330
1F
100
AcDbEntity
  8
Polycam-Floor_1-Objects-Fixtures
 62
45
420
11711154
100
AcDbPolyline
 90
20
 70
0
 43
0.000000
 10
-1.617511
 20
-2.750707
 10
-1.616929
 20
-2.749468
 10
-1.616293
 20
-2.748275
 10
-1.615606
 20
-2.747129
 10
-1.614870
 20
-2.746034
 10
-1.614086
 20
-2.744990
 10
-1.613257
 20
-2.744002
 10
-1.612384
 20
-2.743071
 10
-1.611470
 20
-2.742201
 10
-1.610517
 20
-2.741393
 10
-1.609526
 20
-2.740649
 10
-1.608500
 20
-2.739974
 10
-1.607441
 20
-2.739368
 10
-1.606351
 20
-2.738836
 10
-1.605232
 20
-2.738378
 10
-1.604085
 20
-2.737998
 10
-1.602914
 20
-2.737697
 10
-1.601719
 20
-2.737480
 10
-1.600504
 20
-2.737348
 10
-1.599269
 20
-2.737303
  0
LWPOLYLINE
  5
752
330
1F
100
AcDbEntity
  8
Polycam-Floor_1-Objects-Fixtures
 62
45
420
11711154
100
AcDbPolyline
 90
20
 70
0
 43
0.000000
 10
-1.599269
 20
-2.737303
 10
-1.597481
 20
-2.737396
 10
-1.595735
 20
-2.737671
 10
-1.594037
 20
-2.738120
 10
-1.592394
 20
-2.738736
 10
-1.590812
 20
-2.739510
 10
-1.589297
 20
-2.740435
 10
-1.587854
 20
-2.741504
 10
-1.586492
 20
-2.742708
 10
-1.585215
 20
-2.744041
 10
-1.584030
 20
-2.745495
 10
-1.582943
 20
-2.747061
 10
-1.581961
 20
-2.748733
 10
-1.581089
 20
-2.750502
 10
-1.580335
 20
-2.752362
 10
-1.579703
 20
-2.754304
 10
-1.579201
 20
-2.756322
 10
-1.578835
 20
-2.758406
 10
-1.578611
 20
-2.760550
 10
-1.578535
 20
-2.762746
  0
LWPOLYLINE
  5
753
330
1F
100
AcDbEntity
  8
Polycam-Floor_1-Objects-Fixtures
 62
45
420
11711154
100
AcDbPolyline
 90
20
 70
0
 43
0.000000
 10
-1.578535
 20
-2.762746
 10
-1.578611
 20
-2.764942
 10
-1.578835
 20
-2.767086
 10
-1.579201
 20
-2.769170
 10
-1.579703
 20
-2.771187
 10
-1.580335
 20
-2.773130
 10
-1.581089
 20
-2.774989
 10
-1.581961
 20
-2.776759
 10
-1.582943
 20
-2.778431
 10
-1.584030
 20
-2.779997
 10
-1.585215
 20
-2.781451
 10
-1.586492
 20
-2.782784
 10
-1.587854
 20
-2.783988
 10
-1.589297
 20
-2.785057
 10
-1.590812
 20
-2.785982
 10
-1.592394
 20
-2.786756
 10
-1.594037
 20
-2.787371
 10
-1.595735
 20
-2.787820
 10
-1.597481
 20
-2.788095
 10
-1.599269
 20
-2.788189
  0
LWPOLYLINE
  5
754
330
1F
100
AcDbEntity
  8
Polycam-Floor_1-Objects-Fixtures
 62
45
420
11711154
100
AcDbPolyline
 90
20
 70
0
 43
0.000000
 10
-1.617568
 20
-2.750707
 10
-1.617792
 20
-2.751277
 10
-1.617969
 20
-2.751856
 10
-1.618100
 20
-2.752443
 10
-1.618192
 20
-2.753037
 10
-1.618247
 20
-2.753639
 10
-1.618271
 20
-2.754249
 10
-1.618267
 20
-2.754865
 10
-1.618239
 20
-2.755489
 10
-1.618192
 20
-2.756119
 10
-1.618130
 20
-2.756756
 10
-1.618056
 20
-2.757399
 10
-1.617976
 20
-2.758048
 10
-1.617892
 20
-2.758703
 10
-1.617810
 20
-2.759364
 10
-1.617734
 20
-2.760030
 10
-1.617667
 20
-2.760702
 10
-1.617615
 20
-2.761378
 10
-1.617580
 20
-2.762060
 10
-1.617568
 20
-2.762746
  0
LWPOLYLINE
  5
755
330
1F
100
AcDbEntity
  8
Polycam-Floor_1-Objects-Fixtures
 62
45
420
11711154
100
AcDbPolyline
 90
20
 70
0
 43
0.000000
 10
-1.617568
 20
-2.762746
 10
-1.617581
 20
-2.763390
 10
-1.617618
 20
-2.764030
 10
-1.617676
 20
-2.764666
 10
-1.617749
 20
-2.765297
 10
-1.617833
 20
-2.765924
 10
-1.617925
 20
-2.766545
 10
-1.618019
 20
-2.767162
 10
-1.618112
 20
-2.767773
 10
-1.618200
 20
-2.768379
 10
-1.618278
 20
-2.768980
 10
-1.618343
 20
-2.769575
 10
-1.618389
 20
-2.770163
 10
-1.618413
 20
-2.770746
 10
-1.618410
 20
-2.771322
 10
-1.618377
 20
-2.771892
 10
-1.618308
 20
-2.772455
 10
-1.618201
 20
-2.773012
 10
-1.618050
 20
-2.773561
 10
-1.617851
 20
-2.774103
  0
LWPOLYLINE
  5
756
330
1F
100
AcDbEntity
  8
Polycam-Floor_1-Objects-Fixtures
 62
45
420
11711154
100
AcDbPolyline
 90
2
 70
0
 43
0.000000
 10
-2.041627
 20
-6.925899
 10
-2.331392
 20
-6.925899
  0
LWPOLYLINE
  5
757
330
1F
100
AcDbEntity
  8
Polycam-Floor_1-Objects-Fixtures
 62
45
420
11711154
100
AcDbPolyline
 90
2
 70
0
 43
0.000000
 10
-2.331392
 20
-6.925899
 10
-2.331372
 20
-6.387695
  0
LWPOLYLINE
  5
758
330
1F
100
AcDbEntity
  8
Polycam-Floor_1-Objects-Fixtures
 62
45
420
11711154
100
AcDbPolyline
 90
2
 70
0
 43
0.000000
 10
-2.331372
 20
-6.387695
 10
-2.331392
 20
-6.387695
  0
LWPOLYLINE
  5
759
330
1F
100
AcDbEntity
  8
Polycam-Floor_1-Objects-Fixtures
 62
45
420
11711154
100
AcDbPolyline
 90
2
 70
0
 43
0.000000
 10
-2.331392
 20
-6.387695
 10
-2.331392
 20
-5.844181
  0
LWPOLYLINE
  5
75a
330
1F
100
AcDbEntity
  8
Polycam-Floor_1-Objects-Fixtures
 62
45
420
11711154
100
AcDbPolyline
 90
2
 70
0
 43
0.000000
 10
-2.331392
 20
-5.844181
 10
-2.041627
 20
-5.844181
  0
LWPOLYLINE
  5
75b
330
1F
100
AcDbEntity
  8
Polycam-Floor_1-Objects-Fixtures
 62
45
420
11711154
100
AcDbPolyline
 90
2
 70
0
 43
0.000000
 10
-2.041627
 20
-5.844181
 10
-2.041627
 20
-6.387695
  0
LWPOLYLINE
  5
75c
330
1F
100
AcDbEntity
  8
Polycam-Floor_1-Objects-Fixtures
 62
45
420
11711154
100
AcDbPolyline
 90
2
 70
0
 43
0.000000
 10
-2.041627
 20
-6.387695
 10
-2.041608
 20
-6.387695
  0
LWPOLYLINE
  5
75d
330
1F
100
AcDbEntity
  8
Polycam-Floor_1-Objects-Fixtures
 62
45
420
11711154
100
AcDbPolyline
 90
2
 70
0
 43
0.000000
 10
-2.041608
 20
-6.387695
 10
-2.041627
 20
-6.925899
  0
LWPOLYLINE
  5
75e
330
1F
100
AcDbEntity
  8
Polycam-Floor_1-Objects-Fixtures
 62
45
420
11711154
100
AcDbPolyline
 90
2
 70
0
 43
0.000000
 10
-2.041627
 20
-6.925899
 10
-2.041627
 20
-6.925899
  0
LWPOLYLINE
  5
75f
330
1F
100
AcDbEntity
  8
Polycam-Floor_1-Objects-Fixtures
 62
45
420
11711154
100
AcDbPolyline
 90
2
 70
0
 43
0.000000
 10
-2.003654
 20
-6.384335
 10
-2.003654
 20
-5.844181
  0
LWPOLYLINE
  5
760
330
1F
100
AcDbEntity
  8
Polycam-Floor_1-Objects-Fixtures
 62
45
420
11711154
100
AcDbPolyline
 90
2
 70
0
 43
0.000000
 10
-2.003654
 20
-5.844181
 10
-2.035746
 20
-5.844181
  0
LWPOLYLINE
  5
761
330
1F
100
AcDbEntity
  8
Polycam-Floor_1-Objects-Fixtures
 62
45
420
11711154
100
AcDbPolyline
 90
2
 70
0
 43
0.000000
 10
-2.035746
 20
-5.844181
 10
-2.035746
 20
-6.384335
  0
LWPOLYLINE
  5
762
330
1F
100
AcDbEntity
  8
Polycam-Floor_1-Objects-Fixtures
 62
45
420
11711154
100
AcDbPolyline
 90
2
 70
0
 43
0.000000
 10
-2.035746
 20
-6.384335
 10
-2.003654
 20
-6.384335
  0
LWPOLYLINE
  5
763
330
1F
100
AcDbEntity
  8
Polycam-Floor_1-Objects-Fixtures
 62
45
420
11711154
100
AcDbPolyline
 90
2
 70
0
 43
0.000000
 10
-2.003654
 20
-6.384335
 10
-2.003654
 20
-6.384335
  0
LWPOLYLINE
  5
764
330
1F
100
AcDbEntity
  8
Polycam-Floor_1-Objects-Fixtures
 62
45
420
11711154
100
AcDbPolyline
 90
2
 70
0
 43
0.000000
 10
-2.035736
 20
-5.847564
 10
-2.041628
 20
-5.847564
  0
LWPOLYLINE
  5
765
330
1F
100
AcDbEntity
  8
Polycam-Floor_1-Objects-Fixtures
 62
45
420
11711154
100
AcDbPolyline
 90
2
 70
0
 43
0.000000
 10
-2.035736
 20
-6.380390
 10
-2.041628
 20
-6.380390
  0
LWPOLYLINE
  5
766
330
1F
100
AcDbEntity
  8
Polycam-Floor_1-Objects-Fixtures
 62
45
420
11711154
100
AcDbPolyline
 90
2
 70
0
 43
0.000000
 10
-2.003654
 20
-6.925888
 10
-2.003654
 20
-6.389118
  0
LWPOLYLINE
  5
767
330
1F
100
AcDbEntity
  8
Polycam-Floor_1-Objects-Fixtures
 62
45
420
11711154
100
AcDbPolyline
 90
2
 70
0
 43
0.000000
 10
-2.003654
 20
-6.389118
 10
-2.035746
 20
-6.389118
  0
LWPOLYLINE
  5
768
330
1F
100
AcDbEntity
  8
Polycam-Floor_1-Objects-Fixtures
 62
45
420
11711154
100
AcDbPolyline
 90
2
 70
0
 43
0.000000
 10
-2.035746
 20
-6.389118
 10
-2.035746
 20
-6.925888
  0
LWPOLYLINE
  5
769
330
1F
100
AcDbEntity
  8
Polycam-Floor_1-Objects-Fixtures
 62
45
420
11711154
100
AcDbPolyline
 90
2
 70
0
 43
0.000000
 10
-2.035746
 20
-6.925888
 10
-2.003654
 20
-6.925888
  0
LWPOLYLINE
  5
76a
330
1F
100
AcDbEntity
  8
Polycam-Floor_1-Objects-Fixtures
 62
45
420
11711154
100
AcDbPolyline
 90
2
 70
0
 43
0.000000
 10
-2.003654
 20
-6.925888
 10
-2.003654
 20
-6.925888
  0
LWPOLYLINE
  5
76b
330
1F
100
AcDbEntity
  8
Polycam-Floor_1-Objects-Fixtures
 62
45
420
11711154
100
AcDbPolyline
 90
2
 70
0
 43
0.000000
 10
-2.035736
 20
-6.392479
 10
-2.041628
 20
-6.392479
  0
LWPOLYLINE
  5
76c
330
1F
100
AcDbEntity
  8
Polycam-Floor_1-Objects-Fixtures
 62
45
420
11711154
100
AcDbPolyline
 90
2
 70
0
 43
0.000000
 10
-2.035736
 20
-6.921978
 10
-2.041628
 20
-6.921978
  0
LWPOLYLINE
  5
76d
330
1F
100
AcDbEntity
  8
Polycam-Floor_1-Objects-Fixtures
 62
45
420
11711154
100
AcDbPolyline
 90
2
 70
0
 43
0.000000
 10
-1.986430
 20
-6.134138
 10
-1.986430
 20
-6.134138
  0
LWPOLYLINE
  5
76e
330
1F
100
AcDbEntity
  8
Polycam-Floor_1-Objects-Fixtures
 62
45
420
11711154
100
AcDbPolyline
 90
2
 70
0
 43
0.000000
 10
-1.994306
 20
-6.122879
 10
-2.003654
 20
-6.122879
  0
LWPOLYLINE
  5
76f
330
1F
100
AcDbEntity
  8
Polycam-Floor_1-Objects-Fixtures
 62
45
420
11711154
100
AcDbPolyline
 90
2
 70
0
 43
0.000000
 10
-2.003654
 20
-6.122879
 10
-2.003654
 20
-6.104159
  0
LWPOLYLINE
  5
770
330
1F
100
AcDbEntity
  8
Polycam-Floor_1-Objects-Fixtures
 62
45
420
11711154
100
AcDbPolyline
 90
2
 70
0
 43
0.000000
 10
-2.003654
 20
-6.104159
 10
-1.994188
 20
-6.104159
  0
LWPOLYLINE
  5
771
330
1F
100
AcDbEntity
  8
Polycam-Floor_1-Objects-Fixtures
 62
45
420
11711154
100
AcDbPolyline
 90
2
 70
0
 43
0.000000
 10
-1.994306
 20
-6.122890
 10
-1.994306
 20
-6.122879
  0
LWPOLYLINE
  5
772
330
1F
100
AcDbEntity
  8
Polycam-Floor_1-Objects-Fixtures
 62
45
420
11711154
100
AcDbPolyline
 90
2
 70
0
 43
0.000000
 10
-1.994306
 20
-6.122879
 10
-1.994306
 20
-6.122879
  0
LWPOLYLINE
  5
773
330
1F
100
AcDbEntity
  8
Polycam-Floor_1-Objects-Fixtures
 62
45
420
11711154
100
AcDbPolyline
 90
2
 70
0
 43
0.000000
 10
-1.986430
 20
-6.335162
 10
-1.986430
 20
-6.335162
  0
LWPOLYLINE
  5
774
330
1F
100
AcDbEntity
  8
Polycam-Floor_1-Objects-Fixtures
 62
45
420
11711154
100
AcDbPolyline
 90
2
 70
0
 43
0.000000
 10
-1.994306
 20
-6.323107
 10
-2.003654
 20
-6.323107
  0
LWPOLYLINE
  5
775
330
1F
100
AcDbEntity
  8
Polycam-Floor_1-Objects-Fixtures
 62
45
420
11711154
100
AcDbPolyline
 90
2
 70
0
 43
0.000000
 10
-2.003654
 20
-6.323107
 10
-2.003654
 20
-6.303064
  0
LWPOLYLINE
  5
776
330
1F
100
AcDbEntity
  8
Polycam-Floor_1-Objects-Fixtures
 62
45
420
11711154
100
AcDbPolyline
 90
2
 70
0
 43
0.000000
 10
-2.003654
 20
-6.303064
 10
-1.994188
 20
-6.303064
  0
LWPOLYLINE
  5
777
330
1F
100
AcDbEntity
  8
Polycam-Floor_1-Objects-Fixtures
 62
45
420
11711154
100
AcDbPolyline
 90
2
 70
0
 43
0.000000
 10
-1.994306
 20
-6.323107
 10
-1.994306
 20
-6.323107
  0
LWPOLYLINE
  5
778
330
1F
100
AcDbEntity
  8
Polycam-Floor_1-Objects-Fixtures
 62
45
420
11711154
100
AcDbPolyline
 90
2
 70
0
 43
0.000000
 10
-1.986430
 20
-6.476203
 10
-1.986430
 20
-6.476203
  0
LWPOLYLINE
  5
779
330
1F
100
AcDbEntity
  8
Polycam-Floor_1-Objects-Fixtures
 62
45
420
11711154
100
AcDbPolyline
 90
2
 70
0
 43
0.000000
 10
-1.994306
 20
-6.464148
 10
-2.003654
 20
-6.464148
  0
LWPOLYLINE
  5
77a
330
1F
100
AcDbEntity
  8
Polycam-Floor_1-Objects-Fixtures
 62
45
420
11711154
100
AcDbPolyline
 90
2
 70
0
 43
0.000000
 10
-2.003654
 20
-6.464148
 10
-2.003654
 20
-6.444105
  0
LWPOLYLINE
  5
77b
330
1F
100
AcDbEntity
  8
Polycam-Floor_1-Objects-Fixtures
 62
45
420
11711154
100
AcDbPolyline
 90
2
 70
0
 43
0.000000
 10
-2.003654
 20
-6.444105
 10
-1.994188
 20
-6.444105
  0
LWPOLYLINE
  5
77c
330
1F
100
AcDbEntity
  8
Polycam-Floor_1-Objects-Fixtures
 62
45
420
11711154
100
AcDbPolyline
 90
2
 70
0
 43
0.000000
 10
-1.994306
 20
-6.464148
 10
-1.994306
 20
-6.464148
  0
LWPOLYLINE
  5
77d
330
1F
100
AcDbEntity
  8
Polycam-Floor_1-Objects-Fixtures
 62
45
420
11711154
100
AcDbPolyline
 90
20
 70
0
 43
0.000000
 10
-1.986430
 20
-6.134138
 10
-1.986969
 20
-6.134100
 10
-1.987500
 20
-6.133989
 10
-1.988021
 20
-6.133805
 10
-1.988532
 20
-6.133552
 10
-1.989032
 20
-6.133232
 10
-1.989519
 20
-6.132846
 10
-1.989993
 20
-6.132397
 10
-1.990453
 20
-6.131887
 10
-1.990898
 20
-6.131318
 10
-1.991327
 20
-6.130693
 10
-1.991738
 20
-6.130013
 10
-1.992132
 20
-6.129281
 10
-1.992506
 20
-6.128500
 10
-1.992860
 20
-6.127670
 10
-1.993193
 20
-6.126794
 10
-1.993505
 20
-6.125876
 10
-1.993793
 20
-6.124915
 10
-1.994057
 20
-6.123916
 10
-1.994296
 20
-6.122879
  0
LWPOLYLINE
  5
77e
330
1F
100
AcDbEntity
  8
Polycam-Floor_1-Objects-Fixtures
 62
45
420
11711154
100
AcDbPolyline
 90
20
 70
0
 43
0.000000
 10
-1.994296
 20
-6.122879
 10
-1.994380
 20
-6.122445
 10
-1.994444
 20
-6.122004
 10
-1.994489
 20
-6.121558
 10
-1.994518
 20
-6.121106
 10
-1.994533
 20
-6.120650
 10
-1.994534
 20
-6.120187
 10
-1.994524
 20
-6.119720
 10
-1.994505
 20
-6.119248
 10
-1.994478
 20
-6.118772
 10
-1.994445
 20
-6.118291
 10
-1.994408
 20
-6.117805
 10
-1.994369
 20
-6.117315
 10
-1.994329
 20
-6.116821
 10
-1.994290
 20
-6.116324
 10
-1.994255
 20
-6.115822
 10
-1.994224
 20
-6.115317
 10
-1.994200
 20
-6.114809
 10
-1.994184
 20
-6.114297
 10
-1.994178
 20
-6.113782
  0
LWPOLYLINE
  5
77f
330
1F
100
AcDbEntity
  8
Polycam-Floor_1-Objects-Fixtures
 62
45
420
11711154
100
AcDbPolyline
 90
20
 70
0
 43
0.000000
 10
-1.994178
 20
-6.113782
 10
-1.994184
 20
-6.113233
 10
-1.994198
 20
-6.112688
 10
-1.994220
 20
-6.112147
 10
-1.994248
 20
-6.111610
 10
-1.994281
 20
-6.111077
 10
-1.994315
 20
-6.110548
 10
-1.994350
 20
-6.110023
 10
-1.994384
 20
-6.109503
 10
-1.994415
 20
-6.108988
 10
-1.994441
 20
-6.108478
 10
-1.994461
 20
-6.107974
 10
-1.994473
 20
-6.107475
 10
-1.994475
 20
-6.106981
 10
-1.994465
 20
-6.106493
 10
-1.994441
 20
-6.106011
 10
-1.994403
 20
-6.105535
 10
-1.994347
 20
-6.105066
 10
-1.994273
 20
-6.104603
 10
-1.994178
 20
-6.104147
  0
LWPOLYLINE
  5
780
330
1F
100
AcDbEntity
  8
Polycam-Floor_1-Objects-Fixtures
 62
45
420
11711154
100
AcDbPolyline
 90
20
 70
0
 43
0.000000
 10
-1.994178
 20
-6.104147
 10
-1.993933
 20
-6.103156
 10
-1.993664
 20
-6.102201
 10
-1.993373
 20
-6.101284
 10
-1.993061
 20
-6.100407
 10
-1.992728
 20
-6.099573
 10
-1.992376
 20
-6.098782
 10
-1.992006
 20
-6.098038
 10
-1.991618
 20
-6.097341
 10
-1.991213
 20
-6.096695
 10
-1.990792
 20
-6.096101
 10
-1.990356
 20
-6.095560
 10
-1.989906
 20
-6.095076
 10
-1.989442
 20
-6.094650
 10
-1.988966
 20
-6.094284
 10
-1.988479
 20
-6.093980
 10
-1.987980
 20
-6.093740
 10
-1.987472
 20
-6.093566
 10
-1.986955
 20
-6.093461
 10
-1.986430
 20
-6.093425
  0
LWPOLYLINE
  5
781
330
1F
100
AcDbEntity
  8
Polycam-Floor_1-Objects-Fixtures
 62
45
420
11711154
100
AcDbPolyline
 90
20
 70
0
 43
0.000000
 10
-1.986430
 20
-6.093425
 10
-1.985671
 20
-6.093500
 10
-1.984930
 20
-6.093720
 10
-1.984209
 20
-6.094079
 10
-1.983511
 20
-6.094572
 10
-1.982840
 20
-6.095192
 10
-1.982197
 20
-6.095933
 10
-1.981585
 20
-6.096788
 10
-1.981006
 20
-6.097753
 10
-1.980465
 20
-6.098820
 10
-1.979962
 20
-6.099983
 10
-1.979501
 20
-6.101237
 10
-1.979085
 20
-6.102574
 10
-1.978715
 20
-6.103990
 10
-1.978395
 20
-6.105478
 10
-1.978127
 20
-6.107032
 10
-1.977915
 20
-6.108645
 10
-1.977759
 20
-6.110312
 10
-1.977664
 20
-6.112026
 10
-1.977632
 20
-6.113782
  0
LWPOLYLINE
  5
782
330
1F
100
AcDbEntity
  8
Polycam-Floor_1-Objects-Fixtures
 62
45
420
11711154
100
AcDbPolyline
 90
20
 70
0
 43
0.000000
 10
-1.977632
 20
-6.113782
 10
-1.977664
 20
-6.115538
 10
-1.977760
 20
-6.117252
 10
-1.977915
 20
-6.118919
 10
-1.978128
 20
-6.120532
 10
-1.978397
 20
-6.122086
 10
-1.978717
 20
-6.123574
 10
-1.979087
 20
-6.124989
 10
-1.979504
 20
-6.126327
 10
-1.979966
 20
-6.127581
 10
-1.980469
 20
-6.128744
 10
-1.981011
 20
-6.129811
 10
-1.981589
 20
-6.130775
 10
-1.982201
 20
-6.131631
 10
-1.982844
 20
-6.132371
 10
-1.983515
 20
-6.132991
 10
-1.984212
 20
-6.133484
 10
-1.984932
 20
-6.133843
 10
-1.985672
 20
-6.134063
 10
-1.986430
 20
-6.134138
  0
LWPOLYLINE
  5
783
330
1F
100
AcDbEntity
  8
Polycam-Floor_1-Objects-Fixtures
 62
45
420
11711154
100
AcDbPolyline
 90
20
 70
0
 43
0.000000
 10
-1.994188
 20
-6.104159
 10
-1.994283
 20
-6.104615
 10
-1.994357
 20
-6.105078
 10
-1.994412
 20
-6.105547
 10
-1.994451
 20
-6.106023
 10
-1.994474
 20
-6.106505
 10
-1.994484
 20
-6.106993
 10
-1.994482
 20
-6.107486
 10
-1.994471
 20
-6.107986
 10
-1.994451
 20
-6.108490
 10
-1.994425
 20
-6.109000
 10
-1.994394
 20
-6.109515
 10
-1.994360
 20
-6.110035
 10
-1.994325
 20
-6.110559
 10
-1.994290
 20
-6.111088
 10
-1.994258
 20
-6.111621
 10
-1.994230
 20
-6.112158
 10
-1.994208
 20
-6.112700
 10
-1.994193
 20
-6.113245
 10
-1.994188
 20
-6.113793
  0
LWPOLYLINE
  5
784
330
1F
100
AcDbEntity
  8
Polycam-Floor_1-Objects-Fixtures
 62
45
420
11711154
100
AcDbPolyline
 90
20
 70
0
 43
0.000000
 10
-1.994188
 20
-6.113793
 10
-1.994194
 20
-6.114308
 10
-1.994210
 20
-6.114820
 10
-1.994234
 20
-6.115328
 10
-1.994264
 20
-6.115832
 10
-1.994300
 20
-6.116333
 10
-1.994339
 20
-6.116831
 10
-1.994378
 20
-6.117324
 10
-1.994418
 20
-6.117813
 10
-1.994455
 20
-6.118298
 10
-1.994487
 20
-6.118779
 10
-1.994514
 20
-6.119255
 10
-1.994534
 20
-6.119727
 10
-1.994544
 20
-6.120194
 10
-1.994542
 20
-6.120656
 10
-1.994528
 20
-6.121113
 10
-1.994499
 20
-6.121565
 10
-1.994454
 20
-6.122012
 10
-1.994390
 20
-6.122454
 10
-1.994306
 20
-6.122890
  0
LWPOLYLINE
  5
785
330
1F
100
AcDbEntity
  8
Polycam-Floor_1-Objects-Fixtures
 62
45
420
11711154
100
AcDbPolyline
 90
20
 70
0
 43
0.000000
 10
-1.986430
 20
-6.335162
 10
-1.986969
 20
-6.335122
 10
-1.987500
 20
-6.335002
 10
-1.988021
 20
-6.334806
 10
-1.988532
 20
-6.334535
 10
-1.989032
 20
-6.334191
 10
-1.989519
 20
-6.333778
 10
-1.989993
 20
-6.333297
 10
-1.990453
 20
-6.332751
 10
-1.990898
 20
-6.332143
 10
-1.991327
 20
-6.331473
 10
-1.991738
 20
-6.330745
 10
-1.992132
 20
-6.329962
 10
-1.992506
 20
-6.329125
 10
-1.992860
 20
-6.328236
 10
-1.993193
 20
-6.327299
 10
-1.993505
 20
-6.326315
 10
-1.993793
 20
-6.325287
 10
-1.994057
 20
-6.324217
 10
-1.994296
 20
-6.323107
  0
LWPOLYLINE
  5
786
330
1F
100
AcDbEntity
  8
Polycam-Floor_1-Objects-Fixtures
 62
45
420
11711154
100
AcDbPolyline
 90
20
 70
0
 43
0.000000
 10
-1.994296
 20
-6.323107
 10
-1.994380
 20
-6.322642
 10
-1.994444
 20
-6.322171
 10
-1.994489
 20
-6.321694
 10
-1.994518
 20
-6.321211
 10
-1.994533
 20
-6.320723
 10
-1.994534
 20
-6.320228
 10
-1.994524
 20
-6.319729
 10
-1.994505
 20
-6.319224
 10
-1.994478
 20
-6.318715
 10
-1.994445
 20
-6.318200
 10
-1.994408
 20
-6.317680
 10
-1.994369
 20
-6.317156
 10
-1.994329
 20
-6.316628
 10
-1.994290
 20
-6.316095
 10
-1.994255
 20
-6.315558
 10
-1.994224
 20
-6.315017
 10
-1.994200
 20
-6.314472
 10
-1.994184
 20
-6.313924
 10
-1.994178
 20
-6.313372
  0
LWPOLYLINE
  5
787
330
1F
100
AcDbEntity
  8
Polycam-Floor_1-Objects-Fixtures
 62
45
420
11711154
100
AcDbPolyline
 90
20
 70
0
 43
0.000000
 10
-1.994178
 20
-6.313372
 10
-1.994184
 20
-6.312784
 10
-1.994198
 20
-6.312201
 10
-1.994220
 20
-6.311622
 10
-1.994248
 20
-6.311047
 10
-1.994281
 20
-6.310477
 10
-1.994315
 20
-6.309911
 10
-1.994350
 20
-6.309350
 10
-1.994384
 20
-6.308794
 10
-1.994415
 20
-6.308244
 10
-1.994441
 20
-6.307698
 10
-1.994461
 20
-6.307159
 10
-1.994473
 20
-6.306625
 10
-1.994475
 20
-6.306097
 10
-1.994465
 20
-6.305575
 10
-1.994441
 20
-6.305059
 10
-1.994403
 20
-6.304550
 10
-1.994347
 20
-6.304048
 10
-1.994273
 20
-6.303553
 10
-1.994178
 20
-6.303064
  0
LWPOLYLINE
  5
788
330
1F
100
AcDbEntity
  8
Polycam-Floor_1-Objects-Fixtures
 62
45
420
11711154
100
AcDbPolyline
 90
20
 70
0
 43
0.000000
 10
-1.994178
 20
-6.303064
 10
-1.993933
 20
-6.302004
 10
-1.993664
 20
-6.300982
 10
-1.993373
 20
-6.300000
 10
-1.993061
 20
-6.299062
 10
-1.992728
 20
-6.298168
 10
-1.992376
 20
-6.297321
 10
-1.992006
 20
-6.296524
 10
-1.991618
 20
-6.295778
 10
-1.991213
 20
-6.295086
 10
-1.990792
 20
-6.294449
 10
-1.990356
 20
-6.293870
 10
-1.989906
 20
-6.293351
 10
-1.989442
 20
-6.292894
 10
-1.988966
 20
-6.292502
 10
-1.988479
 20
-6.292176
 10
-1.987980
 20
-6.291919
 10
-1.987472
 20
-6.291733
 10
-1.986955
 20
-6.291619
 10
-1.986430
 20
-6.291581
  0
LWPOLYLINE
  5
789
330
1F
100
AcDbEntity
  8
Polycam-Floor_1-Objects-Fixtures
 62
45
420
11711154
100
AcDbPolyline
 90
20
 70
0
 43
0.000000
 10
-1.986430
 20
-6.291581
 10
-1.985671
 20
-6.291661
 10
-1.984930
 20
-6.291897
 10
-1.984209
 20
-6.292281
 10
-1.983511
 20
-6.292809
 10
-1.982840
 20
-6.293472
 10
-1.982197
 20
-6.294265
 10
-1.981585
 20
-6.295180
 10
-1.981006
 20
-6.296212
 10
-1.980465
 20
-6.297354
 10
-1.979962
 20
-6.298599
 10
-1.979501
 20
-6.299941
 10
-1.979085
 20
-6.301373
 10
-1.978715
 20
-6.302889
 10
-1.978395
 20
-6.304481
 10
-1.978127
 20
-6.306144
 10
-1.977915
 20
-6.307872
 10
-1.977759
 20
-6.309656
 10
-1.977664
 20
-6.311492
 10
-1.977632
 20
-6.313372
  0
LWPOLYLINE
  5
78a
330
1F
100
AcDbEntity
  8
Polycam-Floor_1-Objects-Fixtures
 62
45
420
11711154
100
AcDbPolyline
 90
20
 70
0
 43
0.000000
 10
-1.977632
 20
-6.313372
 10
-1.977664
 20
-6.315251
 10
-1.977760
 20
-6.317087
 10
-1.977915
 20
-6.318872
 10
-1.978128
 20
-6.320599
 10
-1.978397
 20
-6.322262
 10
-1.978717
 20
-6.323855
 10
-1.979087
 20
-6.325370
 10
-1.979504
 20
-6.326802
 10
-1.979966
 20
-6.328144
 10
-1.980469
 20
-6.329389
 10
-1.981011
 20
-6.330531
 10
-1.981589
 20
-6.331563
 10
-1.982201
 20
-6.332479
 10
-1.982844
 20
-6.333271
 10
-1.983515
 20
-6.333935
 10
-1.984212
 20
-6.334462
 10
-1.984932
 20
-6.334847
 10
-1.985672
 20
-6.335082
 10
-1.986430
 20
-6.335162
  0
LWPOLYLINE
  5
78b
330
1F
100
AcDbEntity
  8
Polycam-Floor_1-Objects-Fixtures
 62
45
420
11711154
100
AcDbPolyline
 90
20
 70
0
 43
0.000000
 10
-1.994188
 20
-6.303064
 10
-1.994283
 20
-6.303553
 10
-1.994357
 20
-6.304048
 10
-1.994412
 20
-6.304551
 10
-1.994451
 20
-6.305060
 10
-1.994474
 20
-6.305576
 10
-1.994484
 20
-6.306099
 10
-1.994482
 20
-6.306627
 10
-1.994471
 20
-6.307162
 10
-1.994451
 20
-6.307702
 10
-1.994425
 20
-6.308248
 10
-1.994394
 20
-6.308799
 10
-1.994360
 20
-6.309355
 10
-1.994325
 20
-6.309916
 10
-1.994290
 20
-6.310481
 10
-1.994258
 20
-6.311051
 10
-1.994230
 20
-6.311626
 10
-1.994208
 20
-6.312204
 10
-1.994193
 20
-6.312786
 10
-1.994188
 20
-6.313372
  0
LWPOLYLINE
  5
78c
330
1F
100
AcDbEntity
  8
Polycam-Floor_1-Objects-Fixtures
 62
45
420
11711154
100
AcDbPolyline
 90
20
 70
0
 43
0.000000
 10
-1.994188
 20
-6.313372
 10
-1.994194
 20
-6.313922
 10
-1.994210
 20
-6.314469
 10
-1.994234
 20
-6.315012
 10
-1.994264
 20
-6.315552
 10
-1.994300
 20
-6.316088
 10
-1.994339
 20
-6.316620
 10
-1.994378
 20
-6.317148
 10
-1.994418
 20
-6.317672
 10
-1.994455
 20
-6.318191
 10
-1.994487
 20
-6.318706
 10
-1.994514
 20
-6.319216
 10
-1.994534
 20
-6.319721
 10
-1.994544
 20
-6.320221
 10
-1.994542
 20
-6.320716
 10
-1.994528
 20
-6.321206
 10
-1.994499
 20
-6.321690
 10
-1.994454
 20
-6.322168
 10
-1.994390
 20
-6.322640
 10
-1.994306
 20
-6.323107
  0
LWPOLYLINE
  5
78d
330
1F
100
AcDbEntity
  8
Polycam-Floor_1-Objects-Fixtures
 62
45
420
11711154
100
AcDbPolyline
 90
20
 70
0
 43
0.000000
 10
-1.986430
 20
-6.476203
 10
-1.986969
 20
-6.476163
 10
-1.987500
 20
-6.476043
 10
-1.988021
 20
-6.475846
 10
-1.988532
 20
-6.475575
 10
-1.989032
 20
-6.475232
 10
-1.989519
 20
-6.474819
 10
-1.989993
 20
-6.474338
 10
-1.990453
 20
-6.473792
 10
-1.990898
 20
-6.473183
 10
-1.991327
 20
-6.472514
 10
-1.991738
 20
-6.471786
 10
-1.992132
 20
-6.471003
 10
-1.992506
 20
-6.470165
 10
-1.992860
 20
-6.469277
 10
-1.993193
 20
-6.468340
 10
-1.993505
 20
-6.467356
 10
-1.993793
 20
-6.466327
 10
-1.994057
 20
-6.465257
 10
-1.994296
 20
-6.464148
  0
LWPOLYLINE
  5
78e
330
1F
100
AcDbEntity
  8
Polycam-Floor_1-Objects-Fixtures
 62
45
420
11711154
100
AcDbPolyline
 90
20
 70
0
 43
0.000000
 10
-1.994296
 20
-6.464148
 10
-1.994380
 20
-6.463683
 10
-1.994444
 20
-6.463212
 10
-1.994489
 20
-6.462735
 10
-1.994518
 20
-6.462252
 10
-1.994533
 20
-6.461763
 10
-1.994534
 20
-6.461269
 10
-1.994524
 20
-6.460770
 10
-1.994505
 20
-6.460265
 10
-1.994478
 20
-6.459755
 10
-1.994445
 20
-6.459241
 10
-1.994408
 20
-6.458721
 10
-1.994369
 20
-6.458197
 10
-1.994329
 20
-6.457668
 10
-1.994290
 20
-6.457136
 10
-1.994255
 20
-6.456599
 10
-1.994224
 20
-6.456058
 10
-1.994200
 20
-6.455513
 10
-1.994184
 20
-6.454964
 10
-1.994178
 20
-6.454412
  0
LWPOLYLINE
  5
78f
330
1F
100
AcDbEntity
  8
Polycam-Floor_1-Objects-Fixtures
 62
45
420
11711154
100
AcDbPolyline
 90
20
 70
0
 43
0.000000
 10
-1.994178
 20
-6.454412
 10
-1.994184
 20
-6.453825
 10
-1.994198
 20
-6.453242
 10
-1.994220
 20
-6.452663
 10
-1.994248
 20
-6.452088
 10
-1.994281
 20
-6.451518
 10
-1.994315
 20
-6.450952
 10
-1.994350
 20
-6.450391
 10
-1.994384
 20
-6.449835
 10
-1.994415
 20
-6.449284
 10
-1.994441
 20
-6.448739
 10
-1.994461
 20
-6.448199
 10
-1.994473
 20
-6.447665
 10
-1.994475
 20
-6.447137
 10
-1.994465
 20
-6.446616
 10
-1.994441
 20
-6.446100
 10
-1.994403
 20
-6.445591
 10
-1.994347
 20
-6.445089
 10
-1.994273
 20
-6.444593
 10
-1.994178
 20
-6.444105
  0
LWPOLYLINE
  5
790
330
1F
100
AcDbEntity
  8
Polycam-Floor_1-Objects-Fixtures
 62
45
420
11711154
100
AcDbPolyline
 90
20
 70
0
 43
0.000000
 10
-1.994178
 20
-6.444105
 10
-1.993933
 20
-6.443045
 10
-1.993664
 20
-6.442022
 10
-1.993373
 20
-6.441041
 10
-1.993061
 20
-6.440102
 10
-1.992728
 20
-6.439208
 10
-1.992376
 20
-6.438362
 10
-1.992006
 20
-6.437564
 10
-1.991618
 20
-6.436818
 10
-1.991213
 20
-6.436126
 10
-1.990792
 20
-6.435489
 10
-1.990356
 20
-6.434910
 10
-1.989906
 20
-6.434392
 10
-1.989442
 20
-6.433935
 10
-1.988966
 20
-6.433543
 10
-1.988479
 20
-6.433217
 10
-1.987980
 20
-6.432960
 10
-1.987472
 20
-6.432773
 10
-1.986955
 20
-6.432660
 10
-1.986430
 20
-6.432622
  0
LWPOLYLINE
  5
791
330
1F
100
AcDbEntity
  8
Polycam-Floor_1-Objects-Fixtures
 62
45
420
11711154
100
AcDbPolyline
 90
20
 70
0
 43
0.000000
 10
-1.986430
 20
-6.432622
 10
-1.985671
 20
-6.432702
 10
-1.984930
 20
-6.432937
 10
-1.984209
 20
-6.433322
 10
-1.983511
 20
-6.433849
 10
-1.982840
 20
-6.434513
 10
-1.982197
 20
-6.435305
 10
-1.981585
 20
-6.436221
 10
-1.981006
 20
-6.437253
 10
-1.980465
 20
-6.438395
 10
-1.979962
 20
-6.439640
 10
-1.979501
 20
-6.440982
 10
-1.979085
 20
-6.442414
 10
-1.978715
 20
-6.443929
 10
-1.978395
 20
-6.445522
 10
-1.978127
 20
-6.447185
 10
-1.977915
 20
-6.448912
 10
-1.977759
 20
-6.450697
 10
-1.977664
 20
-6.452533
 10
-1.977632
 20
-6.454412
  0
LWPOLYLINE
  5
792
330
1F
100
AcDbEntity
  8
Polycam-Floor_1-Objects-Fixtures
 62
45
420
11711154
100
AcDbPolyline
 90
20
 70
0
 43
0.000000
 10
-1.977632
 20
-6.454412
 10
-1.977664
 20
-6.456292
 10
-1.977760
 20
-6.458128
 10
-1.977915
 20
-6.459912
 10
-1.978128
 20
-6.461640
 10
-1.978397
 20
-6.463303
 10
-1.978717
 20
-6.464895
 10
-1.979087
 20
-6.466411
 10
-1.979504
 20
-6.467843
 10
-1.979966
 20
-6.469185
 10
-1.980469
 20
-6.470430
 10
-1.981011
 20
-6.471572
 10
-1.981589
 20
-6.472604
 10
-1.982201
 20
-6.473519
 10
-1.982844
 20
-6.474312
 10
-1.983515
 20
-6.474975
 10
-1.984212
 20
-6.475503
 10
-1.984932
 20
-6.475887
 10
-1.985672
 20
-6.476123
 10
-1.986430
 20
-6.476203
  0
LWPOLYLINE
  5
793
330
1F
100
AcDbEntity
  8
Polycam-Floor_1-Objects-Fixtures
 62
45
420
11711154
100
AcDbPolyline
 90
20
 70
0
 43
0.000000
 10
-1.994188
 20
-6.444105
 10
-1.994283
 20
-6.444594
 10
-1.994357
 20
-6.445089
 10
-1.994412
 20
-6.445592
 10
-1.994451
 20
-6.446101
 10
-1.994474
 20
-6.446617
 10
-1.994484
 20
-6.447140
 10
-1.994482
 20
-6.447668
 10
-1.994471
 20
-6.448203
 10
-1.994451
 20
-6.448743
 10
-1.994425
 20
-6.449289
 10
-1.994394
 20
-6.449840
 10
-1.994360
 20
-6.450396
 10
-1.994325
 20
-6.450957
 10
-1.994290
 20
-6.451522
 10
-1.994258
 20
-6.452092
 10
-1.994230
 20
-6.452666
 10
-1.994208
 20
-6.453245
 10
-1.994193
 20
-6.453827
 10
-1.994188
 20
-6.454412
  0
LWPOLYLINE
  5
794
330
1F
100
AcDbEntity
  8
Polycam-Floor_1-Objects-Fixtures
 62
45
420
11711154
100
AcDbPolyline
 90
20
 70
0
 43
0.000000
 10
-1.994188
 20
-6.454412
 10
-1.994194
 20
-6.454963
 10
-1.994210
 20
-6.455510
 10
-1.994234
 20
-6.456053
 10
-1.994264
 20
-6.456593
 10
-1.994300
 20
-6.457129
 10
-1.994339
 20
-6.457661
 10
-1.994378
 20
-6.458189
 10
-1.994418
 20
-6.458713
 10
-1.994455
 20
-6.459232
 10
-1.994487
 20
-6.459747
 10
-1.994514
 20
-6.460257
 10
-1.994534
 20
-6.460762
 10
-1.994544
 20
-6.461262
 10
-1.994542
 20
-6.461757
 10
-1.994528
 20
-6.462246
 10
-1.994499
 20
-6.462730
 10
-1.994454
 20
-6.463209
 10
-1.994390
 20
-6.463681
 10
-1.994306
 20
-6.464148
  0
LWPOLYLINE
  5
795
330
1F
100
AcDbEntity
  8
Polycam-Floor_1-Objects-Fixtures
 62
45
420
11711154
100
AcDbPolyline
 90
2
 70
0
 43
0.000000
 10
0.284943
 20
0.360726
 10
2.402001
 20
0.360726
  0
LWPOLYLINE
  5
796
330
1F
100
AcDbEntity
  8
Polycam-Floor_1-Objects-Fixtures
 62
45
420
11711154
100
AcDbPolyline
 90
2
 70
0
 43
0.000000
 10
2.402001
 20
0.360726
 10
2.402001
 20
1.072388
  0
LWPOLYLINE
  5
797
330
1F
100
AcDbEntity
  8
Polycam-Floor_1-Objects-Fixtures
 62
45
420
11711154
100
AcDbPolyline
 90
2
 70
0
 43
0.000000
 10
2.402001
 20
1.072388
 10
0.284943
 20
1.072388
  0
LWPOLYLINE
  5
798
330
1F
100
AcDbEntity
  8
Polycam-Floor_1-Objects-Fixtures
 62
45
420
11711154
100
AcDbPolyline
 90
2
 70
0
 43
0.000000
 10
0.284943
 20
1.072388
 10
0.284943
 20
0.360726
  0
LWPOLYLINE
  5
799
330
1F
100
AcDbEntity
  8
Polycam-Floor_1-Objects-Fixtures
 62
45
420
11711154
100
AcDbPolyline
 90
2
 70
0
 43
0.000000
 10
0.284943
 20
0.360726
 10
0.284943
 20
0.360726
  0
LWPOLYLINE
  5
79a
330
1F
100
AcDbEntity
  8
Polycam-Floor_1-Objects-Fixtures
 62
45
420
11711154
100
AcDbPolyline
 90
2
 70
0
 43
0.000000
 10
1.871433
 20
0.267429
 10
2.402001
 20
0.267429
  0
LWPOLYLINE
  5
79b
330
1F
100
AcDbEntity
  8
Polycam-Floor_1-Objects-Fixtures
 62
45
420
11711154
100
AcDbPolyline
 90
2
 70
0
 43
0.000000
 10
2.402001
 20
0.267429
 10
2.402001
 20
0.346237
  0
LWPOLYLINE
  5
79c
330
1F
100
AcDbEntity
  8
Polycam-Floor_1-Objects-Fixtures
 62
45
420
11711154
100
AcDbPolyline
 90
2
 70
0
 43
0.000000
 10
2.402001
 20
0.346237
 10
1.871433
 20
0.346237
  0
LWPOLYLINE
  5
79d
330
1F
100
AcDbEntity
  8
Polycam-Floor_1-Objects-Fixtures
 62
45
420
11711154
100
AcDbPolyline
 90
2
 70
0
 43
0.000000
 10
1.871433
 20
0.346237
 10
1.871433
 20
0.267429
  0
LWPOLYLINE
  5
79e
330
1F
100
AcDbEntity
  8
Polycam-Floor_1-Objects-Fixtures
 62
45
420
11711154
100
AcDbPolyline
 90
2
 70
0
 43
0.000000
 10
1.871433
 20
0.267429
 10
1.871433
 20
0.267429
  0
LWPOLYLINE
  5
79f
330
1F
100
AcDbEntity
  8
Polycam-Floor_1-Objects-Fixtures
 62
45
420
11711154
100
AcDbPolyline
 90
2
 70
0
 43
0.000000
 10
2.398760
 20
0.346237
 10
2.398760
 20
0.360726
  0
LWPOLYLINE
  5
7a0
330
1F
100
AcDbEntity
  8
Polycam-Floor_1-Objects-Fixtures
 62
45
420
11711154
100
AcDbPolyline
 90
2
 70
0
 43
0.000000
 10
1.875215
 20
0.346237
 10
1.875215
 20
0.360726
  0
LWPOLYLINE
  5
7a1
330
1F
100
AcDbEntity
  8
Polycam-Floor_1-Objects-Fixtures
 62
45
420
11711154
100
AcDbPolyline
 90
2
 70
0
 43
0.000000
 10
1.344385
 20
0.267429
 10
1.873325
 20
0.267429
  0
LWPOLYLINE
  5
7a2
330
1F
100
AcDbEntity
  8
Polycam-Floor_1-Objects-Fixtures
 62
45
420
11711154
100
AcDbPolyline
 90
2
 70
0
 43
0.000000
 10
1.873325
 20
0.267429
 10
1.873325
 20
0.346237
  0
LWPOLYLINE
  5
7a3
330
1F
100
AcDbEntity
  8
Polycam-Floor_1-Objects-Fixtures
 62
45
420
11711154
100
AcDbPolyline
 90
2
 70
0
 43
0.000000
 10
1.873325
 20
0.346237
 10
1.344385
 20
0.346237
  0
LWPOLYLINE
  5
7a4
330
1F
100
AcDbEntity
  8
Polycam-Floor_1-Objects-Fixtures
 62
45
420
11711154
100
AcDbPolyline
 90
2
 70
0
 43
0.000000
 10
1.344385
 20
0.346237
 10
1.344385
 20
0.267429
  0
LWPOLYLINE
  5
7a5
330
1F
100
AcDbEntity
  8
Polycam-Floor_1-Objects-Fixtures
 62
45
420
11711154
100
AcDbPolyline
 90
2
 70
0
 43
0.000000
 10
1.344385
 20
0.267429
 10
1.344385
 20
0.267429
  0
LWPOLYLINE
  5
7a6
330
1F
100
AcDbEntity
  8
Polycam-Floor_1-Objects-Fixtures
 62
45
420
11711154
100
AcDbPolyline
 90
2
 70
0
 43
0.000000
 10
1.869976
 20
0.346237
 10
1.869976
 20
0.360726
  0
LWPOLYLINE
  5
7a7
330
1F
100
AcDbEntity
  8
Polycam-Floor_1-Objects-Fixtures
 62
45
420
11711154
100
AcDbPolyline
 90
2
 70
0
 43
0.000000
 10
1.348278
 20
0.346237
 10
1.348278
 20
0.360726
  0
LWPOLYLINE
  5
7a8
330
1F
100
AcDbEntity
  8
Polycam-Floor_1-Objects-Fixtures
 62
45
420
11711154
100
AcDbPolyline
 90
2
 70
0
 43
0.000000
 10
0.816620
 20
0.267429
 10
1.344385
 20
0.267429
  0
LWPOLYLINE
  5
7a9
330
1F
100
AcDbEntity
  8
Polycam-Floor_1-Objects-Fixtures
 62
45
420
11711154
100
AcDbPolyline
 90
2
 70
0
 43
0.000000
 10
1.344385
 20
0.267429
 10
1.344385
 20
0.346237
  0
LWPOLYLINE
  5
7aa
330
1F
100
AcDbEntity
  8
Polycam-Floor_1-Objects-Fixtures
 62
45
420
11711154
100
AcDbPolyline
 90
2
 70
0
 43
0.000000
 10
1.344385
 20
0.346237
 10
0.816620
 20
0.346237
  0
LWPOLYLINE
  5
7ab
330
1F
100
AcDbEntity
  8
Polycam-Floor_1-Objects-Fixtures
 62
45
420
11711154
100
AcDbPolyline
 90
2
 70
0
 43
0.000000
 10
0.816620
 20
0.346237
 10
0.816620
 20
0.267429
  0
LWPOLYLINE
  5
7ac
330
1F
100
AcDbEntity
  8
Polycam-Floor_1-Objects-Fixtures
 62
45
420
11711154
100
AcDbPolyline
 90
2
 70
0
 43
0.000000
 10
0.816620
 20
0.267429
 10
0.816620
 20
0.267429
  0
LWPOLYLINE
  5
7ad
330
1F
100
AcDbEntity
  8
Polycam-Floor_1-Objects-Fixtures
 62
45
420
11711154
100
AcDbPolyline
 90
2
 70
0
 43
0.000000
 10
1.341036
 20
0.346237
 10
1.341036
 20
0.360726
  0
LWPOLYLINE
  5
7ae
330
1F
100
AcDbEntity
  8
Polycam-Floor_1-Objects-Fixtures
 62
45
420
11711154
100
AcDbPolyline
 90
2
 70
0
 43
0.000000
 10
0.820513
 20
0.346237
 10
0.820513
 20
0.360726
  0
LWPOLYLINE
  5
7af
330
1F
100
AcDbEntity
  8
Polycam-Floor_1-Objects-Fixtures
 62
45
420
11711154
100
AcDbPolyline
 90
2
 70
0
 43
0.000000
 10
0.284921
 20
0.267429
 10
0.816599
 20
0.267429
  0
LWPOLYLINE
  5
7b0
330
1F
100
AcDbEntity
  8
Polycam-Floor_1-Objects-Fixtures
 62
45
420
11711154
100
AcDbPolyline
 90
2
 70
0
 43
0.000000
 10
0.816599
 20
0.267429
 10
0.816599
 20
0.346237
  0
LWPOLYLINE
  5
7b1
330
1F
100
AcDbEntity
  8
Polycam-Floor_1-Objects-Fixtures
 62
45
420
11711154
100
AcDbPolyline
 90
2
 70
0
 43
0.000000
 10
0.816599
 20
0.346237
 10
0.284921
 20
0.346237
  0
LWPOLYLINE
  5
7b2
330
1F
100
AcDbEntity
  8
Polycam-Floor_1-Objects-Fixtures
 62
45
420
11711154
100
AcDbPolyline
 90
2
 70
0
 43
0.000000
 10
0.284921
 20
0.346237
 10
0.284921
 20
0.267429
  0
LWPOLYLINE
  5
7b3
330
1F
100
AcDbEntity
  8
Polycam-Floor_1-Objects-Fixtures
 62
45
420
11711154
100
AcDbPolyline
 90
2
 70
0
 43
0.000000
 10
0.284921
 20
0.267429
 10
0.284921
 20
0.267429
  0
LWPOLYLINE
  5
7b4
330
1F
100
AcDbEntity
  8
Polycam-Floor_1-Objects-Fixtures
 62
45
420
11711154
100
AcDbPolyline
 90
2
 70
0
 43
0.000000
 10
0.813252
 20
0.346237
 10
0.813252
 20
0.360726
  0
LWPOLYLINE
  5
7b5
330
1F
100
AcDbEntity
  8
Polycam-Floor_1-Objects-Fixtures
 62
45
420
11711154
100
AcDbPolyline
 90
2
 70
0
 43
0.000000
 10
0.288857
 20
0.346237
 10
0.288857
 20
0.360726
  0
LWPOLYLINE
  5
7b6
330
1F
100
AcDbEntity
  8
Polycam-Floor_1-Objects-Fixtures
 62
45
420
11711154
100
AcDbPolyline
 90
2
 70
0
 43
0.000000
 10
1.930292
 20
0.223673
 10
1.930292
 20
0.223673
  0
LWPOLYLINE
  5
7b7
330
1F
100
AcDbEntity
  8
Polycam-Floor_1-Objects-Fixtures
 62
45
420
11711154
100
AcDbPolyline
 90
2
 70
0
 43
0.000000
 10
1.944601
 20
0.243662
 10
1.944601
 20
0.267429
  0
LWPOLYLINE
  5
7b8
330
1F
100
AcDbEntity
  8
Polycam-Floor_1-Objects-Fixtures
 62
45
420
11711154
100
AcDbPolyline
 90
2
 70
0
 43
0.000000
 10
1.944601
 20
0.267429
 10
1.968387
 20
0.267429
  0
LWPOLYLINE
  5
7b9
330
1F
100
AcDbEntity
  8
Polycam-Floor_1-Objects-Fixtures
 62
45
420
11711154
100
AcDbPolyline
 90
2
 70
0
 43
0.000000
 10
1.968387
 20
0.267429
 10
1.968387
 20
0.243375
  0
LWPOLYLINE
  5
7ba
330
1F
100
AcDbEntity
  8
Polycam-Floor_1-Objects-Fixtures
 62
45
420
11711154
100
AcDbPolyline
 90
2
 70
0
 43
0.000000
 10
1.944601
 20
0.243662
 10
1.944601
 20
0.243662
  0
LWPOLYLINE
  5
7bb
330
1F
100
AcDbEntity
  8
Polycam-Floor_1-Objects-Fixtures
 62
45
420
11711154
100
AcDbPolyline
 90
2
 70
0
 43
0.000000
 10
1.589003
 20
0.223673
 10
1.588981
 20
0.223673
  0
LWPOLYLINE
  5
7bc
330
1F
100
AcDbEntity
  8
Polycam-Floor_1-Objects-Fixtures
 62
45
420
11711154
100
AcDbPolyline
 90
2
 70
0
 43
0.000000
 10
1.588981
 20
0.223673
 10
1.588981
 20
0.223673
  0
LWPOLYLINE
  5
7bd
330
1F
100
AcDbEntity
  8
Polycam-Floor_1-Objects-Fixtures
 62
45
420
11711154
100
AcDbPolyline
 90
2
 70
0
 43
0.000000
 10
1.601636
 20
0.243662
 10
1.601636
 20
0.267429
  0
LWPOLYLINE
  5
7be
330
1F
100
AcDbEntity
  8
Polycam-Floor_1-Objects-Fixtures
 62
45
420
11711154
100
AcDbPolyline
 90
2
 70
0
 43
0.000000
 10
1.601636
 20
0.267429
 10
1.622662
 20
0.267429
  0
LWPOLYLINE
  5
7bf
330
1F
100
AcDbEntity
  8
Polycam-Floor_1-Objects-Fixtures
 62
45
420
11711154
100
AcDbPolyline
 90
2
 70
0
 43
0.000000
 10
1.622662
 20
0.267429
 10
1.622662
 20
0.243375
  0
LWPOLYLINE
  5
7c0
330
1F
100
AcDbEntity
  8
Polycam-Floor_1-Objects-Fixtures
 62
45
420
11711154
100
AcDbPolyline
 90
2
 70
0
 43
0.000000
 10
1.601615
 20
0.243662
 10
1.601636
 20
0.243662
  0
LWPOLYLINE
  5
7c1
330
1F
100
AcDbEntity
  8
Polycam-Floor_1-Objects-Fixtures
 62
45
420
11711154
100
AcDbPolyline
 90
2
 70
0
 43
0.000000
 10
1.601636
 20
0.243662
 10
1.601636
 20
0.243662
  0
LWPOLYLINE
  5
7c2
330
1F
100
AcDbEntity
  8
Polycam-Floor_1-Objects-Fixtures
 62
45
420
11711154
100
AcDbPolyline
 90
2
 70
0
 43
0.000000
 10
1.380110
 20
0.223673
 10
1.380089
 20
0.223673
  0
LWPOLYLINE
  5
7c3
330
1F
100
AcDbEntity
  8
Polycam-Floor_1-Objects-Fixtures
 62
45
420
11711154
100
AcDbPolyline
 90
2
 70
0
 43
0.000000
 10
1.380089
 20
0.223673
 10
1.380089
 20
0.223673
  0
LWPOLYLINE
  5
7c4
330
1F
100
AcDbEntity
  8
Polycam-Floor_1-Objects-Fixtures
 62
45
420
11711154
100
AcDbPolyline
 90
2
 70
0
 43
0.000000
 10
1.392743
 20
0.243662
 10
1.392743
 20
0.267429
  0
LWPOLYLINE
  5
7c5
330
1F
100
AcDbEntity
  8
Polycam-Floor_1-Objects-Fixtures
 62
45
420
11711154
100
AcDbPolyline
 90
2
 70
0
 43
0.000000
 10
1.392743
 20
0.267429
 10
1.413769
 20
0.267429
  0
LWPOLYLINE
  5
7c6
330
1F
100
AcDbEntity
  8
Polycam-Floor_1-Objects-Fixtures
 62
45
420
11711154
100
AcDbPolyline
 90
2
 70
0
 43
0.000000
 10
1.413769
 20
0.267429
 10
1.413769
 20
0.243375
  0
LWPOLYLINE
  5
7c7
330
1F
100
AcDbEntity
  8
Polycam-Floor_1-Objects-Fixtures
 62
45
420
11711154
100
AcDbPolyline
 90
2
 70
0
 43
0.000000
 10
1.392722
 20
0.243662
 10
1.392743
 20
0.243662
  0
LWPOLYLINE
  5
7c8
330
1F
100
AcDbEntity
  8
Polycam-Floor_1-Objects-Fixtures
 62
45
420
11711154
100
AcDbPolyline
 90
2
 70
0
 43
0.000000
 10
1.392743
 20
0.243662
 10
1.392743
 20
0.243662
  0
LWPOLYLINE
  5
7c9
330
1F
100
AcDbEntity
  8
Polycam-Floor_1-Objects-Fixtures
 62
45
420
11711154
100
AcDbPolyline
 90
2
 70
0
 43
0.000000
 10
1.259890
 20
0.223673
 10
1.259867
 20
0.223673
  0
LWPOLYLINE
  5
7ca
330
1F
100
AcDbEntity
  8
Polycam-Floor_1-Objects-Fixtures
 62
45
420
11711154
100
AcDbPolyline
 90
2
 70
0
 43
0.000000
 10
1.259867
 20
0.223673
 10
1.259867
 20
0.223673
  0
LWPOLYLINE
  5
7cb
330
1F
100
AcDbEntity
  8
Polycam-Floor_1-Objects-Fixtures
 62
45
420
11711154
100
AcDbPolyline
 90
2
 70
0
 43
0.000000
 10
1.272523
 20
0.243662
 10
1.272523
 20
0.267429
  0
LWPOLYLINE
  5
7cc
330
1F
100
AcDbEntity
  8
Polycam-Floor_1-Objects-Fixtures
 62
45
420
11711154
100
AcDbPolyline
 90
2
 70
0
 43
0.000000
 10
1.272523
 20
0.267429
 10
1.293549
 20
0.267429
  0
LWPOLYLINE
  5
7cd
330
1F
100
AcDbEntity
  8
Polycam-Floor_1-Objects-Fixtures
 62
45
420
11711154
100
AcDbPolyline
 90
2
 70
0
 43
0.000000
 10
1.293549
 20
0.267429
 10
1.293549
 20
0.243375
  0
LWPOLYLINE
  5
7ce
330
1F
100
AcDbEntity
  8
Polycam-Floor_1-Objects-Fixtures
 62
45
420
11711154
100
AcDbPolyline
 90
2
 70
0
 43
0.000000
 10
1.272500
 20
0.243662
 10
1.272523
 20
0.243662
  0
LWPOLYLINE
  5
7cf
330
1F
100
AcDbEntity
  8
Polycam-Floor_1-Objects-Fixtures
 62
45
420
11711154
100
AcDbPolyline
 90
2
 70
0
 43
0.000000
 10
1.272523
 20
0.243662
 10
1.272523
 20
0.243662
  0
LWPOLYLINE
  5
7d0
330
1F
100
AcDbEntity
  8
Polycam-Floor_1-Objects-Fixtures
 62
45
420
11711154
100
AcDbPolyline
 90
2
 70
0
 43
0.000000
 10
1.059411
 20
0.223673
 10
1.059390
 20
0.223673
  0
LWPOLYLINE
  5
7d1
330
1F
100
AcDbEntity
  8
Polycam-Floor_1-Objects-Fixtures
 62
45
420
11711154
100
AcDbPolyline
 90
2
 70
0
 43
0.000000
 10
1.059390
 20
0.223673
 10
1.059390
 20
0.223673
  0
LWPOLYLINE
  5
7d2
330
1F
100
AcDbEntity
  8
Polycam-Floor_1-Objects-Fixtures
 62
45
420
11711154
100
AcDbPolyline
 90
2
 70
0
 43
0.000000
 10
1.072044
 20
0.243662
 10
1.072044
 20
0.267429
  0
LWPOLYLINE
  5
7d3
330
1F
100
AcDbEntity
  8
Polycam-Floor_1-Objects-Fixtures
 62
45
420
11711154
100
AcDbPolyline
 90
2
 70
0
 43
0.000000
 10
1.072044
 20
0.267429
 10
1.093072
 20
0.267429
  0
LWPOLYLINE
  5
7d4
330
1F
100
AcDbEntity
  8
Polycam-Floor_1-Objects-Fixtures
 62
45
420
11711154
100
AcDbPolyline
 90
2
 70
0
 43
0.000000
 10
1.093072
 20
0.267429
 10
1.093072
 20
0.243375
  0
LWPOLYLINE
  5
7d5
330
1F
100
AcDbEntity
  8
Polycam-Floor_1-Objects-Fixtures
 62
45
420
11711154
100
AcDbPolyline
 90
2
 70
0
 43
0.000000
 10
1.072023
 20
0.243662
 10
1.072044
 20
0.243662
  0
LWPOLYLINE
  5
7d6
330
1F
100
AcDbEntity
  8
Polycam-Floor_1-Objects-Fixtures
 62
45
420
11711154
100
AcDbPolyline
 90
2
 70
0
 43
0.000000
 10
1.072044
 20
0.243662
 10
1.072044
 20
0.243662
  0
LWPOLYLINE
  5
7d7
330
1F
100
AcDbEntity
  8
Polycam-Floor_1-Objects-Fixtures
 62
45
420
11711154
100
AcDbPolyline
 90
2
 70
0
 43
0.000000
 10
0.527930
 20
0.223673
 10
0.527909
 20
0.223673
  0
LWPOLYLINE
  5
7d8
330
1F
100
AcDbEntity
  8
Polycam-Floor_1-Objects-Fixtures
 62
45
420
11711154
100
AcDbPolyline
 90
2
 70
0
 43
0.000000
 10
0.527909
 20
0.223673
 10
0.527909
 20
0.223673
  0
LWPOLYLINE
  5
7d9
330
1F
100
AcDbEntity
  8
Polycam-Floor_1-Objects-Fixtures
 62
45
420
11711154
100
AcDbPolyline
 90
2
 70
0
 43
0.000000
 10
0.540563
 20
0.243662
 10
0.540563
 20
0.267429
  0
LWPOLYLINE
  5
7da
330
1F
100
AcDbEntity
  8
Polycam-Floor_1-Objects-Fixtures
 62
45
420
11711154
100
AcDbPolyline
 90
2
 70
0
 43
0.000000
 10
0.540563
 20
0.267429
 10
0.561589
 20
0.267429
  0
LWPOLYLINE
  5
7db
330
1F
100
AcDbEntity
  8
Polycam-Floor_1-Objects-Fixtures
 62
45
420
11711154
100
AcDbPolyline
 90
2
 70
0
 43
0.000000
 10
0.561589
 20
0.267429
 10
0.561589
 20
0.243375
  0
LWPOLYLINE
  5
7dc
330
1F
100
AcDbEntity
  8
Polycam-Floor_1-Objects-Fixtures
 62
45
420
11711154
100
AcDbPolyline
 90
2
 70
0
 43
0.000000
 10
0.540542
 20
0.243662
 10
0.540563
 20
0.243662
  0
LWPOLYLINE
  5
7dd
330
1F
100
AcDbEntity
  8
Polycam-Floor_1-Objects-Fixtures
 62
45
420
11711154
100
AcDbPolyline
 90
2
 70
0
 43
0.000000
 10
0.540563
 20
0.243662
 10
0.540563
 20
0.243662
  0
LWPOLYLINE
  5
7de
330
1F
100
AcDbEntity
  8
Polycam-Floor_1-Objects-Fixtures
 62
45
420
11711154
100
AcDbPolyline
 90
20
 70
0
 43
0.000000
 10
1.930292
 20
0.223673
 10
1.930340
 20
0.225045
 10
1.930482
 20
0.226395
 10
1.930715
 20
0.227722
 10
1.931037
 20
0.229021
 10
1.931445
 20
0.230292
 10
1.931935
 20
0.231532
 10
1.932506
 20
0.232737
 10
1.933154
 20
0.233906
 10
1.933877
 20
0.235037
 10
1.934672
 20
0.236126
 10
1.935535
 20
0.237171
 10
1.936465
 20
0.238170
 10
1.937459
 20
0.239121
 10
1.938513
 20
0.240020
 10
1.939625
 20
0.240866
 10
1.940793
 20
0.241655
 10
1.942013
 20
0.242386
 10
1.943282
 20
0.243056
 10
1.944599
 20
0.243662
  0
LWPOLYLINE
  5
7df
330
1F
100
AcDbEntity
  8
Polycam-Floor_1-Objects-Fixtures
 62
45
420
11711154
100
AcDbPolyline
 90
20
 70
0
 43
0.000000
 10
1.944599
 20
0.243662
 10
1.945152
 20
0.243877
 10
1.945712
 20
0.244040
 10
1.946279
 20
0.244157
 10
1.946853
 20
0.244232
 10
1.947433
 20
0.244269
 10
1.948019
 20
0.244273
 10
1.948612
 20
0.244249
 10
1.949211
 20
0.244200
 10
1.949816
 20
0.244132
 10
1.950426
 20
0.244050
 10
1.951041
 20
0.243956
 10
1.951663
 20
0.243857
 10
1.952289
 20
0.243756
 10
1.952920
 20
0.243659
 10
1.953556
 20
0.243569
 10
1.954197
 20
0.243491
 10
1.954842
 20
0.243430
 10
1.955491
 20
0.243390
 10
1.956144
 20
0.243375
  0
LWPOLYLINE
  5
7e0
330
1F
100
AcDbEntity
  8
Polycam-Floor_1-Objects-Fixtures
 62
45
420
11711154
100
AcDbPolyline
 90
20
 70
0
 43
0.000000
 10
1.956144
 20
0.243375
 10
1.956840
 20
0.243389
 10
1.957530
 20
0.243427
 10
1.958217
 20
0.243484
 10
1.958898
 20
0.243556
 10
1.959575
 20
0.243639
 10
1.960246
 20
0.243728
 10
1.960912
 20
0.243818
 10
1.961573
 20
0.243905
 10
1.962227
 20
0.243985
 10
1.962875
 20
0.244053
 10
1.963516
 20
0.244104
 10
1.964151
 20
0.244134
 10
1.964779
 20
0.244139
 10
1.965400
 20
0.244113
 10
1.966013
 20
0.244053
 10
1.966619
 20
0.243954
 10
1.967217
 20
0.243811
 10
1.967806
 20
0.243619
 10
1.968387
 20
0.243375
  0
LWPOLYLINE
  5
7e1
330
1F
100
AcDbEntity
  8
Polycam-Floor_1-Objects-Fixtures
 62
45
420
11711154
100
AcDbPolyline
 90
20
 70
0
 43
0.000000
 10
1.968387
 20
0.243375
 10
1.969646
 20
0.242749
 10
1.970859
 20
0.242064
 10
1.972024
 20
0.241324
 10
1.973138
 20
0.240530
 10
1.974199
 20
0.239684
 10
1.975204
 20
0.238789
 10
1.976151
 20
0.237846
 10
1.977036
 20
0.236859
 10
1.977858
 20
0.235830
 10
1.978615
 20
0.234759
 10
1.979302
 20
0.233651
 10
1.979918
 20
0.232507
 10
1.980460
 20
0.231328
 10
1.980926
 20
0.230119
 10
1.981313
 20
0.228879
 10
1.981619
 20
0.227613
 10
1.981840
 20
0.226322
 10
1.981975
 20
0.225008
 10
1.982020
 20
0.223673
  0
LWPOLYLINE
  5
7e2
330
1F
100
AcDbEntity
  8
Polycam-Floor_1-Objects-Fixtures
 62
45
420
11711154
100
AcDbPolyline
 90
20
 70
0
 43
0.000000
 10
1.982020
 20
0.223673
 10
1.981925
 20
0.221746
 10
1.981645
 20
0.219863
 10
1.981189
 20
0.218031
 10
1.980562
 20
0.216259
 10
1.979775
 20
0.214551
 10
1.978833
 20
0.212916
 10
1.977746
 20
0.211359
 10
1.976521
 20
0.209888
 10
1.975165
 20
0.208510
 10
1.973686
 20
0.207230
 10
1.972093
 20
0.206057
 10
1.970392
 20
0.204996
 10
1.968593
 20
0.204054
 10
1.966701
 20
0.203239
 10
1.964726
 20
0.202557
 10
1.962675
 20
0.202014
 10
1.960556
 20
0.201619
 10
1.958377
 20
0.201376
 10
1.956144
 20
0.201294
  0
LWPOLYLINE
  5
7e3
330
1F
100
AcDbEntity
  8
Polycam-Floor_1-Objects-Fixtures
 62
45
420
11711154
100
AcDbPolyline
 90
20
 70
0
 43
0.000000
 10
1.956144
 20
0.201294
 10
1.953913
 20
0.201376
 10
1.951734
 20
0.201619
 10
1.949616
 20
0.202014
 10
1.947566
 20
0.202557
 10
1.945593
 20
0.203239
 10
1.943703
 20
0.204054
 10
1.941905
 20
0.204996
 10
1.940206
 20
0.206057
 10
1.938614
 20
0.207230
 10
1.937138
 20
0.208510
 10
1.935784
 20
0.209888
 10
1.934560
 20
0.211359
 10
1.933474
 20
0.212916
 10
1.932534
 20
0.214551
 10
1.931747
 20
0.216259
 10
1.931122
 20
0.218031
 10
1.930666
 20
0.219863
 10
1.930387
 20
0.221746
 10
1.930292
 20
0.223673
  0
LWPOLYLINE
  5
7e4
330
1F
100
AcDbEntity
  8
Polycam-Floor_1-Objects-Fixtures
 62
45
420
11711154
100
AcDbPolyline
 90
20
 70
0
 43
0.000000
 10
1.968387
 20
0.243375
 10
1.967806
 20
0.243619
 10
1.967217
 20
0.243811
 10
1.966620
 20
0.243954
 10
1.966016
 20
0.244053
 10
1.965403
 20
0.244113
 10
1.964784
 20
0.244139
 10
1.964157
 20
0.244134
 10
1.963523
 20
0.244104
 10
1.962883
 20
0.244053
 10
1.962235
 20
0.243985
 10
1.961582
 20
0.243905
 10
1.960922
 20
0.243818
 10
1.960256
 20
0.243728
 10
1.959585
 20
0.243639
 10
1.958908
 20
0.243556
 10
1.958225
 20
0.243484
 10
1.957537
 20
0.243427
 10
1.956844
 20
0.243389
 10
1.956147
 20
0.243375
  0
LWPOLYLINE
  5
7e5
330
1F
100
AcDbEntity
  8
Polycam-Floor_1-Objects-Fixtures
 62
45
420
11711154
100
AcDbPolyline
 90
20
 70
0
 43
0.000000
 10
1.956147
 20
0.243375
 10
1.955493
 20
0.243390
 10
1.954843
 20
0.243430
 10
1.954198
 20
0.243491
 10
1.953557
 20
0.243569
 10
1.952921
 20
0.243659
 10
1.952290
 20
0.243756
 10
1.951663
 20
0.243857
 10
1.951042
 20
0.243956
 10
1.950426
 20
0.244050
 10
1.949816
 20
0.244132
 10
1.949212
 20
0.244200
 10
1.948613
 20
0.244249
 10
1.948020
 20
0.244273
 10
1.947434
 20
0.244269
 10
1.946854
 20
0.244232
 10
1.946280
 20
0.244157
 10
1.945713
 20
0.244040
 10
1.945154
 20
0.243877
 10
1.944601
 20
0.243662
  0
LWPOLYLINE
  5
7e6
330
1F
100
AcDbEntity
  8
Polycam-Floor_1-Objects-Fixtures
 62
45
420
11711154
100
AcDbPolyline
 90
20
 70
0
 43
0.000000
 10
1.588981
 20
0.223673
 10
1.589024
 20
0.225045
 10
1.589149
 20
0.226395
 10
1.589356
 20
0.227722
 10
1.589640
 20
0.229021
 10
1.590001
 20
0.230292
 10
1.590435
 20
0.231532
 10
1.590939
 20
0.232737
 10
1.591512
 20
0.233906
 10
1.592152
 20
0.235037
 10
1.592854
 20
0.236126
 10
1.593618
 20
0.237171
 10
1.594441
 20
0.238170
 10
1.595320
 20
0.239121
 10
1.596252
 20
0.240020
 10
1.597236
 20
0.240866
 10
1.598269
 20
0.241655
 10
1.599348
 20
0.242386
 10
1.600471
 20
0.243056
 10
1.601636
 20
0.243662
  0
LWPOLYLINE
  5
7e7
330
1F
100
AcDbEntity
  8
Polycam-Floor_1-Objects-Fixtures
 62
45
420
11711154
100
AcDbPolyline
 90
20
 70
0
 43
0.000000
 10
1.601636
 20
0.243662
 10
1.602124
 20
0.243877
 10
1.602618
 20
0.244040
 10
1.603118
 20
0.244157
 10
1.603625
 20
0.244232
 10
1.604138
 20
0.244269
 10
1.604657
 20
0.244273
 10
1.605182
 20
0.244249
 10
1.605712
 20
0.244200
 10
1.606248
 20
0.244132
 10
1.606789
 20
0.244050
 10
1.607334
 20
0.243956
 10
1.607885
 20
0.243857
 10
1.608439
 20
0.243756
 10
1.608999
 20
0.243659
 10
1.609562
 20
0.243569
 10
1.610130
 20
0.243491
 10
1.610701
 20
0.243430
 10
1.611276
 20
0.243390
 10
1.611855
 20
0.243375
  0
LWPOLYLINE
  5
7e8
330
1F
100
AcDbEntity
  8
Polycam-Floor_1-Objects-Fixtures
 62
45
420
11711154
100
AcDbPolyline
 90
20
 70
0
 43
0.000000
 10
1.611855
 20
0.243375
 10
1.612471
 20
0.243389
 10
1.613082
 20
0.243427
 10
1.613690
 20
0.243484
 10
1.614293
 20
0.243556
 10
1.614891
 20
0.243639
 10
1.615485
 20
0.243728
 10
1.616074
 20
0.243818
 10
1.616657
 20
0.243905
 10
1.617235
 20
0.243985
 10
1.617808
 20
0.244053
 10
1.618375
 20
0.244104
 10
1.618936
 20
0.244134
 10
1.619491
 20
0.244139
 10
1.620040
 20
0.244113
 10
1.620582
 20
0.244053
 10
1.621118
 20
0.243954
 10
1.621647
 20
0.243811
 10
1.622170
 20
0.243619
 10
1.622685
 20
0.243375
  0
LWPOLYLINE
  5
7e9
330
1F
100
AcDbEntity
  8
Polycam-Floor_1-Objects-Fixtures
 62
45
420
11711154
100
AcDbPolyline
 90
20
 70
0
 43
0.000000
 10
1.622685
 20
0.243375
 10
1.623798
 20
0.242749
 10
1.624871
 20
0.242064
 10
1.625901
 20
0.241324
 10
1.626885
 20
0.240530
 10
1.627823
 20
0.239684
 10
1.628711
 20
0.238789
 10
1.629548
 20
0.237846
 10
1.630330
 20
0.236859
 10
1.631056
 20
0.235830
 10
1.631724
 20
0.234759
 10
1.632331
 20
0.233651
 10
1.632875
 20
0.232507
 10
1.633353
 20
0.231328
 10
1.633765
 20
0.230119
 10
1.634106
 20
0.228879
 10
1.634376
 20
0.227613
 10
1.634571
 20
0.226322
 10
1.634690
 20
0.225008
 10
1.634730
 20
0.223673
  0
LWPOLYLINE
  5
7ea
330
1F
100
AcDbEntity
  8
Polycam-Floor_1-Objects-Fixtures
 62
45
420
11711154
100
AcDbPolyline
 90
20
 70
0
 43
0.000000
 10
1.634730
 20
0.223673
 10
1.634646
 20
0.221746
 10
1.634399
 20
0.219863
 10
1.633995
 20
0.218031
 10
1.633441
 20
0.216259
 10
1.632745
 20
0.214551
 10
1.631913
 20
0.212916
 10
1.630952
 20
0.211359
 10
1.629869
 20
0.209888
 10
1.628670
 20
0.208510
 10
1.627363
 20
0.207230
 10
1.625955
 20
0.206057
 10
1.624451
 20
0.204996
 10
1.622860
 20
0.204054
 10
1.621188
 20
0.203239
 10
1.619442
 20
0.202557
 10
1.617629
 20
0.202014
 10
1.615755
 20
0.201619
 10
1.613828
 20
0.201376
 10
1.611855
 20
0.201294
  0
LWPOLYLINE
  5
7eb
330
1F
100
AcDbEntity
  8
Polycam-Floor_1-Objects-Fixtures
 62
45
420
11711154
100
AcDbPolyline
 90
20
 70
0
 43
0.000000
 10
1.611855
 20
0.201294
 10
1.609881
 20
0.201376
 10
1.607955
 20
0.201619
 10
1.606082
 20
0.202014
 10
1.604270
 20
0.202557
 10
1.602525
 20
0.203239
 10
1.600854
 20
0.204054
 10
1.599265
 20
0.204996
 10
1.597764
 20
0.206057
 10
1.596357
 20
0.207230
 10
1.595052
 20
0.208510
 10
1.593855
 20
0.209888
 10
1.592774
 20
0.211359
 10
1.591814
 20
0.212916
 10
1.590984
 20
0.214551
 10
1.590289
 20
0.216259
 10
1.589736
 20
0.218031
 10
1.589333
 20
0.219863
 10
1.589087
 20
0.221746
 10
1.589003
 20
0.223673
  0
LWPOLYLINE
  5
7ec
330
1F
100
AcDbEntity
  8
Polycam-Floor_1-Objects-Fixtures
 62
45
420
11711154
100
AcDbPolyline
 90
20
 70
0
 43
0.000000
 10
1.622662
 20
0.243375
 10
1.622150
 20
0.243619
 10
1.621630
 20
0.243811
 10
1.621103
 20
0.243954
 10
1.620568
 20
0.244053
 10
1.620027
 20
0.244113
 10
1.619478
 20
0.244139
 10
1.618923
 20
0.244134
 10
1.618362
 20
0.244104
 10
1.617795
 20
0.244053
 10
1.617221
 20
0.243985
 10
1.616642
 20
0.243905
 10
1.616058
 20
0.243818
 10
1.615468
 20
0.243728
 10
1.614873
 20
0.243639
 10
1.614274
 20
0.243556
 10
1.613670
 20
0.243484
 10
1.613062
 20
0.243427
 10
1.612450
 20
0.243389
 10
1.611833
 20
0.243375
  0
LWPOLYLINE
  5
7ed
330
1F
100
AcDbEntity
  8
Polycam-Floor_1-Objects-Fixtures
 62
45
420
11711154
100
AcDbPolyline
 90
20
 70
0
 43
0.000000
 10
1.611833
 20
0.243375
 10
1.611255
 20
0.243390
 10
1.610681
 20
0.243430
 10
1.610110
 20
0.243491
 10
1.609543
 20
0.243569
 10
1.608981
 20
0.243659
 10
1.608423
 20
0.243756
 10
1.607869
 20
0.243857
 10
1.607319
 20
0.243956
 10
1.606775
 20
0.244050
 10
1.606235
 20
0.244132
 10
1.605700
 20
0.244200
 10
1.605170
 20
0.244249
 10
1.604646
 20
0.244273
 10
1.604126
 20
0.244269
 10
1.603613
 20
0.244232
 10
1.603104
 20
0.244157
 10
1.602602
 20
0.244040
 10
1.602105
 20
0.243877
 10
1.601615
 20
0.243662
  0
LWPOLYLINE
  5
7ee
330
1F
100
AcDbEntity
  8
Polycam-Floor_1-Objects-Fixtures
 62
45
420
11711154
100
AcDbPolyline
 90
20
 70
0
 43
0.000000
 10
1.380089
 20
0.223673
 10
1.380131
 20
0.225045
 10
1.380257
 20
0.226395
 10
1.380463
 20
0.227722
 10
1.380748
 20
0.229021
 10
1.381108
 20
0.230292
 10
1.381542
 20
0.231532
 10
1.382047
 20
0.232737
 10
1.382620
 20
0.233906
 10
1.383259
 20
0.235037
 10
1.383962
 20
0.236126
 10
1.384726
 20
0.237171
 10
1.385548
 20
0.238170
 10
1.386427
 20
0.239121
 10
1.387360
 20
0.240020
 10
1.388344
 20
0.240866
 10
1.389376
 20
0.241655
 10
1.390456
 20
0.242386
 10
1.391579
 20
0.243056
 10
1.392743
 20
0.243662
  0
LWPOLYLINE
  5
7ef
330
1F
100
AcDbEntity
  8
Polycam-Floor_1-Objects-Fixtures
 62
45
420
11711154
100
AcDbPolyline
 90
20
 70
0
 43
0.000000
 10
1.392743
 20
0.243662
 10
1.393231
 20
0.243877
 10
1.393725
 20
0.244040
 10
1.394226
 20
0.244157
 10
1.394733
 20
0.244232
 10
1.395246
 20
0.244269
 10
1.395765
 20
0.244273
 10
1.396290
 20
0.244249
 10
1.396820
 20
0.244200
 10
1.397355
 20
0.244132
 10
1.397896
 20
0.244050
 10
1.398442
 20
0.243956
 10
1.398992
 20
0.243857
 10
1.399547
 20
0.243756
 10
1.400106
 20
0.243659
 10
1.400670
 20
0.243569
 10
1.401237
 20
0.243491
 10
1.401809
 20
0.243430
 10
1.402384
 20
0.243390
 10
1.402962
 20
0.243375
  0
LWPOLYLINE
  5
7f0
330
1F
100
AcDbEntity
  8
Polycam-Floor_1-Objects-Fixtures
 62
45
420
11711154
100
AcDbPolyline
 90
20
 70
0
 43
0.000000
 10
1.402962
 20
0.243375
 10
1.403578
 20
0.243389
 10
1.404190
 20
0.243427
 10
1.404797
 20
0.243484
 10
1.405401
 20
0.243556
 10
1.405999
 20
0.243639
 10
1.406593
 20
0.243728
 10
1.407181
 20
0.243818
 10
1.407764
 20
0.243905
 10
1.408343
 20
0.243985
 10
1.408915
 20
0.244053
 10
1.409482
 20
0.244104
 10
1.410043
 20
0.244134
 10
1.410598
 20
0.244139
 10
1.411146
 20
0.244113
 10
1.411689
 20
0.244053
 10
1.412224
 20
0.243954
 10
1.412753
 20
0.243811
 10
1.413275
 20
0.243619
 10
1.413790
 20
0.243375
  0
LWPOLYLINE
  5
7f1
330
1F
100
AcDbEntity
  8
Polycam-Floor_1-Objects-Fixtures
 62
45
420
11711154
100
AcDbPolyline
 90
20
 70
0
 43
0.000000
 10
1.413790
 20
0.243375
 10
1.414904
 20
0.242749
 10
1.415977
 20
0.242064
 10
1.417007
 20
0.241324
 10
1.417992
 20
0.240530
 10
1.418930
 20
0.239684
 10
1.419818
 20
0.238789
 10
1.420655
 20
0.237846
 10
1.421437
 20
0.236859
 10
1.422163
 20
0.235830
 10
1.422831
 20
0.234759
 10
1.423438
 20
0.233651
 10
1.423982
 20
0.232507
 10
1.424461
 20
0.231328
 10
1.424872
 20
0.230119
 10
1.425214
 20
0.228879
 10
1.425483
 20
0.227613
 10
1.425679
 20
0.226322
 10
1.425797
 20
0.225008
 10
1.425837
 20
0.223673
  0
LWPOLYLINE
  5
7f2
330
1F
100
AcDbEntity
  8
Polycam-Floor_1-Objects-Fixtures
 62
45
420
11711154
100
AcDbPolyline
 90
20
 70
0
 43
0.000000
 10
1.425837
 20
0.223673
 10
1.425753
 20
0.221746
 10
1.425506
 20
0.219863
 10
1.425102
 20
0.218031
 10
1.424549
 20
0.216259
 10
1.423853
 20
0.214551
 10
1.423021
 20
0.212916
 10
1.422059
 20
0.211359
 10
1.420976
 20
0.209888
 10
1.419778
 20
0.208510
 10
1.418471
 20
0.207230
 10
1.417062
 20
0.206057
 10
1.415559
 20
0.204996
 10
1.413968
 20
0.204054
 10
1.412296
 20
0.203239
 10
1.410550
 20
0.202557
 10
1.408737
 20
0.202014
 10
1.406863
 20
0.201619
 10
1.404936
 20
0.201376
 10
1.402962
 20
0.201294
  0
LWPOLYLINE
  5
7f3
330
1F
100
AcDbEntity
  8
Polycam-Floor_1-Objects-Fixtures
 62
45
420
11711154
100
AcDbPolyline
 90
20
 70
0
 43
0.000000
 10
1.402962
 20
0.201294
 10
1.400989
 20
0.201376
 10
1.399062
 20
0.201619
 10
1.397189
 20
0.202014
 10
1.395377
 20
0.202557
 10
1.393632
 20
0.203239
 10
1.391962
 20
0.204054
 10
1.390373
 20
0.204996
 10
1.388871
 20
0.206057
 10
1.387465
 20
0.207230
 10
1.386159
 20
0.208510
 10
1.384963
 20
0.209888
 10
1.383881
 20
0.211359
 10
1.382922
 20
0.212916
 10
1.382091
 20
0.214551
 10
1.381396
 20
0.216259
 10
1.380844
 20
0.218031
 10
1.380441
 20
0.219863
 10
1.380194
 20
0.221746
 10
1.380110
 20
0.223673
  0
LWPOLYLINE
  5
7f4
330
1F
100
AcDbEntity
  8
Polycam-Floor_1-Objects-Fixtures
 62
45
420
11711154
100
AcDbPolyline
 90
20
 70
0
 43
0.000000
 10
1.413769
 20
0.243375
 10
1.413257
 20
0.243619
 10
1.412737
 20
0.243811
 10
1.412210
 20
0.243954
 10
1.411676
 20
0.244053
 10
1.411134
 20
0.244113
 10
1.410586
 20
0.244139
 10
1.410031
 20
0.244134
 10
1.409470
 20
0.244104
 10
1.408902
 20
0.244053
 10
1.408329
 20
0.243985
 10
1.407750
 20
0.243905
 10
1.407165
 20
0.243818
 10
1.406576
 20
0.243728
 10
1.405981
 20
0.243639
 10
1.405382
 20
0.243556
 10
1.404778
 20
0.243484
 10
1.404169
 20
0.243427
 10
1.403557
 20
0.243389
 10
1.402941
 20
0.243375
  0
LWPOLYLINE
  5
7f5
330
1F
100
AcDbEntity
  8
Polycam-Floor_1-Objects-Fixtures
 62
45
420
11711154
100
AcDbPolyline
 90
20
 70
0
 43
0.000000
 10
1.402941
 20
0.243375
 10
1.402363
 20
0.243390
 10
1.401788
 20
0.243430
 10
1.401218
 20
0.243491
 10
1.400651
 20
0.243569
 10
1.400088
 20
0.243659
 10
1.399530
 20
0.243756
 10
1.398976
 20
0.243857
 10
1.398427
 20
0.243956
 10
1.397882
 20
0.244050
 10
1.397343
 20
0.244132
 10
1.396808
 20
0.244200
 10
1.396278
 20
0.244249
 10
1.395753
 20
0.244273
 10
1.395234
 20
0.244269
 10
1.394720
 20
0.244232
 10
1.394212
 20
0.244157
 10
1.393709
 20
0.244040
 10
1.393213
 20
0.243877
 10
1.392722
 20
0.243662
  0
LWPOLYLINE
  5
7f6
330
1F
100
AcDbEntity
  8
Polycam-Floor_1-Objects-Fixtures
 62
45
420
11711154
100
AcDbPolyline
 90
20
 70
0
 43
0.000000
 10
1.259867
 20
0.223673
 10
1.259909
 20
0.225045
 10
1.260035
 20
0.226395
 10
1.260241
 20
0.227722
 10
1.260526
 20
0.229021
 10
1.260886
 20
0.230292
 10
1.261320
 20
0.231532
 10
1.261825
 20
0.232737
 10
1.262399
 20
0.233906
 10
1.263038
 20
0.235037
 10
1.263741
 20
0.236126
 10
1.264505
 20
0.237171
 10
1.265328
 20
0.238170
 10
1.266207
 20
0.239121
 10
1.267139
 20
0.240020
 10
1.268123
 20
0.240866
 10
1.269156
 20
0.241655
 10
1.270235
 20
0.242386
 10
1.271359
 20
0.243056
 10
1.272523
 20
0.243662
  0
LWPOLYLINE
  5
7f7
330
1F
100
AcDbEntity
  8
Polycam-Floor_1-Objects-Fixtures
 62
45
420
11711154
100
AcDbPolyline
 90
20
 70
0
 43
0.000000
 10
1.272523
 20
0.243662
 10
1.273011
 20
0.243877
 10
1.273505
 20
0.244040
 10
1.274005
 20
0.244157
 10
1.274512
 20
0.244232
 10
1.275025
 20
0.244269
 10
1.275544
 20
0.244273
 10
1.276069
 20
0.244249
 10
1.276599
 20
0.244200
 10
1.277134
 20
0.244132
 10
1.277675
 20
0.244050
 10
1.278221
 20
0.243956
 10
1.278771
 20
0.243857
 10
1.279326
 20
0.243756
 10
1.279886
 20
0.243659
 10
1.280449
 20
0.243569
 10
1.281017
 20
0.243491
 10
1.281589
 20
0.243430
 10
1.282164
 20
0.243390
 10
1.282742
 20
0.243375
  0
LWPOLYLINE
  5
7f8
330
1F
100
AcDbEntity
  8
Polycam-Floor_1-Objects-Fixtures
 62
45
420
11711154
100
AcDbPolyline
 90
20
 70
0
 43
0.000000
 10
1.282742
 20
0.243375
 10
1.283358
 20
0.243389
 10
1.283970
 20
0.243427
 10
1.284577
 20
0.243484
 10
1.285180
 20
0.243556
 10
1.285778
 20
0.243639
 10
1.286372
 20
0.243728
 10
1.286960
 20
0.243818
 10
1.287544
 20
0.243905
 10
1.288122
 20
0.243985
 10
1.288694
 20
0.244053
 10
1.289261
 20
0.244104
 10
1.289822
 20
0.244134
 10
1.290377
 20
0.244139
 10
1.290925
 20
0.244113
 10
1.291468
 20
0.244053
 10
1.292003
 20
0.243954
 10
1.292533
 20
0.243811
 10
1.293055
 20
0.243619
 10
1.293570
 20
0.243375
  0
LWPOLYLINE
  5
7f9
330
1F
100
AcDbEntity
  8
Polycam-Floor_1-Objects-Fixtures
 62
45
420
11711154
100
AcDbPolyline
 90
20
 70
0
 43
0.000000
 10
1.293570
 20
0.243375
 10
1.294684
 20
0.242749
 10
1.295757
 20
0.242064
 10
1.296787
 20
0.241324
 10
1.297772
 20
0.240530
 10
1.298710
 20
0.239684
 10
1.299598
 20
0.238789
 10
1.300434
 20
0.237846
 10
1.301217
 20
0.236859
 10
1.301943
 20
0.235830
 10
1.302611
 20
0.234759
 10
1.303218
 20
0.233651
 10
1.303762
 20
0.232507
 10
1.304241
 20
0.231328
 10
1.304652
 20
0.230119
 10
1.304993
 20
0.228879
 10
1.305263
 20
0.227613
 10
1.305458
 20
0.226322
 10
1.305577
 20
0.225008
 10
1.305617
 20
0.223673
  0
LWPOLYLINE
  5
7fa
330
1F
100
AcDbEntity
  8
Polycam-Floor_1-Objects-Fixtures
 62
45
420
11711154
100
AcDbPolyline
 90
20
 70
0
 43
0.000000
 10
1.305617
 20
0.223673
 10
1.305533
 20
0.221746
 10
1.305286
 20
0.219863
 10
1.304882
 20
0.218031
 10
1.304329
 20
0.216259
 10
1.303632
 20
0.214551
 10
1.302800
 20
0.212916
 10
1.301839
 20
0.211359
 10
1.300756
 20
0.209888
 10
1.299557
 20
0.208510
 10
1.298250
 20
0.207230
 10
1.296842
 20
0.206057
 10
1.295339
 20
0.204996
 10
1.293748
 20
0.204054
 10
1.292076
 20
0.203239
 10
1.290330
 20
0.202557
 10
1.288516
 20
0.202014
 10
1.286643
 20
0.201619
 10
1.284716
 20
0.201376
 10
1.282742
 20
0.201294
  0
LWPOLYLINE
  5
7fb
330
1F
100
AcDbEntity
  8
Polycam-Floor_1-Objects-Fixtures
 62
45
420
11711154
100
AcDbPolyline
 90
20
 70
0
 43
0.000000
 10
1.282742
 20
0.201294
 10
1.280768
 20
0.201376
 10
1.278842
 20
0.201619
 10
1.276969
 20
0.202014
 10
1.275157
 20
0.202557
 10
1.273412
 20
0.203239
 10
1.271742
 20
0.204054
 10
1.270152
 20
0.204996
 10
1.268651
 20
0.206057
 10
1.267244
 20
0.207230
 10
1.265939
 20
0.208510
 10
1.264742
 20
0.209888
 10
1.263661
 20
0.211359
 10
1.262701
 20
0.212916
 10
1.261871
 20
0.214551
 10
1.261176
 20
0.216259
 10
1.260624
 20
0.218031
 10
1.260221
 20
0.219863
 10
1.259974
 20
0.221746
 10
1.259890
 20
0.223673
  0
LWPOLYLINE
  5
7fc
330
1F
100
AcDbEntity
  8
Polycam-Floor_1-Objects-Fixtures
 62
45
420
11711154
100
AcDbPolyline
 90
20
 70
0
 43
0.000000
 10
1.293549
 20
0.243375
 10
1.293037
 20
0.243619
 10
1.292517
 20
0.243811
 10
1.291990
 20
0.243954
 10
1.291456
 20
0.244053
 10
1.290914
 20
0.244113
 10
1.290366
 20
0.244139
 10
1.289811
 20
0.244134
 10
1.289249
 20
0.244104
 10
1.288682
 20
0.244053
 10
1.288109
 20
0.243985
 10
1.287530
 20
0.243905
 10
1.286945
 20
0.243818
 10
1.286355
 20
0.243728
 10
1.285761
 20
0.243639
 10
1.285161
 20
0.243556
 10
1.284557
 20
0.243484
 10
1.283949
 20
0.243427
 10
1.283337
 20
0.243389
 10
1.282721
 20
0.243375
  0
LWPOLYLINE
  5
7fd
330
1F
100
AcDbEntity
  8
Polycam-Floor_1-Objects-Fixtures
 62
45
420
11711154
100
AcDbPolyline
 90
20
 70
0
 43
0.000000
 10
1.282721
 20
0.243375
 10
1.282142
 20
0.243390
 10
1.281567
 20
0.243430
 10
1.280996
 20
0.243491
 10
1.280430
 20
0.243569
 10
1.279867
 20
0.243659
 10
1.279308
 20
0.243756
 10
1.278755
 20
0.243857
 10
1.278205
 20
0.243956
 10
1.277660
 20
0.244050
 10
1.277120
 20
0.244132
 10
1.276585
 20
0.244200
 10
1.276056
 20
0.244249
 10
1.275531
 20
0.244273
 10
1.275012
 20
0.244269
 10
1.274498
 20
0.244232
 10
1.273990
 20
0.244157
 10
1.273487
 20
0.244040
 10
1.272991
 20
0.243877
 10
1.272500
 20
0.243662
  0
LWPOLYLINE
  5
7fe
330
1F
100
AcDbEntity
  8
Polycam-Floor_1-Objects-Fixtures
 62
45
420
11711154
100
AcDbPolyline
 90
20
 70
0
 43
0.000000
 10
1.059390
 20
0.223673
 10
1.059432
 20
0.225045
 10
1.059558
 20
0.226395
 10
1.059764
 20
0.227722
 10
1.060049
 20
0.229021
 10
1.060410
 20
0.230292
 10
1.060844
 20
0.231532
 10
1.061348
 20
0.232737
 10
1.061922
 20
0.233906
 10
1.062561
 20
0.235037
 10
1.063264
 20
0.236126
 10
1.064028
 20
0.237171
 10
1.064850
 20
0.238170
 10
1.065729
 20
0.239121
 10
1.066662
 20
0.240020
 10
1.067646
 20
0.240866
 10
1.068678
 20
0.241655
 10
1.069757
 20
0.242386
 10
1.070880
 20
0.243056
 10
1.072044
 20
0.243662
  0
LWPOLYLINE
  5
7ff
330
1F
100
AcDbEntity
  8
Polycam-Floor_1-Objects-Fixtures
 62
45
420
11711154
100
AcDbPolyline
 90
20
 70
0
 43
0.000000
 10
1.072044
 20
0.243662
 10
1.072532
 20
0.243877
 10
1.073026
 20
0.244040
 10
1.073527
 20
0.244157
 10
1.074034
 20
0.244232
 10
1.074547
 20
0.244269
 10
1.075066
 20
0.244273
 10
1.075591
 20
0.244249
 10
1.076121
 20
0.244200
 10
1.076657
 20
0.244132
 10
1.077197
 20
0.244050
 10
1.077743
 20
0.243956
 10
1.078294
 20
0.243857
 10
1.078849
 20
0.243756
 10
1.079408
 20
0.243659
 10
1.079972
 20
0.243569
 10
1.080540
 20
0.243491
 10
1.081111
 20
0.243430
 10
1.081687
 20
0.243390
 10
1.082265
 20
0.243375
  0
LWPOLYLINE
  5
800
330
1F
100
AcDbEntity
  8
Polycam-Floor_1-Objects-Fixtures
 62
45
420
11711154
100
AcDbPolyline
 90
20
 70
0
 43
0.000000
 10
1.082265
 20
0.243375
 10
1.082881
 20
0.243389
 10
1.083493
 20
0.243427
 10
1.084100
 20
0.243484
 10
1.084703
 20
0.243556
 10
1.085302
 20
0.243639
 10
1.085895
 20
0.243728
 10
1.086484
 20
0.243818
 10
1.087067
 20
0.243905
 10
1.087645
 20
0.243985
 10
1.088217
 20
0.244053
 10
1.088784
 20
0.244104
 10
1.089345
 20
0.244134
 10
1.089900
 20
0.244139
 10
1.090449
 20
0.244113
 10
1.090991
 20
0.244053
 10
1.091527
 20
0.243954
 10
1.092056
 20
0.243811
 10
1.092578
 20
0.243619
 10
1.093093
 20
0.243375
  0
LWPOLYLINE
  5
801
330
1F
100
AcDbEntity
  8
Polycam-Floor_1-Objects-Fixtures
 62
45
420
11711154
100
AcDbPolyline
 90
20
 70
0
 43
0.000000
 10
1.093093
 20
0.243375
 10
1.094207
 20
0.242749
 10
1.095280
 20
0.242064
 10
1.096310
 20
0.241324
 10
1.097295
 20
0.240530
 10
1.098233
 20
0.239684
 10
1.099121
 20
0.238789
 10
1.099957
 20
0.237846
 10
1.100739
 20
0.236859
 10
1.101466
 20
0.235830
 10
1.102133
 20
0.234759
 10
1.102740
 20
0.233651
 10
1.103284
 20
0.232507
 10
1.103762
 20
0.231328
 10
1.104173
 20
0.230119
 10
1.104515
 20
0.228879
 10
1.104784
 20
0.227613
 10
1.104980
 20
0.226322
 10
1.105098
 20
0.225008
 10
1.105138
 20
0.223673
  0
LWPOLYLINE
  5
802
330
1F
100
AcDbEntity
  8
Polycam-Floor_1-Objects-Fixtures
 62
45
420
11711154
100
AcDbPolyline
 90
20
 70
0
 43
0.000000
 10
1.105138
 20
0.223673
 10
1.105054
 20
0.221746
 10
1.104807
 20
0.219863
 10
1.104403
 20
0.218031
 10
1.103850
 20
0.216259
 10
1.103154
 20
0.214551
 10
1.102322
 20
0.212916
 10
1.101361
 20
0.211359
 10
1.100278
 20
0.209888
 10
1.099080
 20
0.208510
 10
1.097773
 20
0.207230
 10
1.096364
 20
0.206057
 10
1.094861
 20
0.204996
 10
1.093270
 20
0.204054
 10
1.091599
 20
0.203239
 10
1.089853
 20
0.202557
 10
1.088040
 20
0.202014
 10
1.086166
 20
0.201619
 10
1.084239
 20
0.201376
 10
1.082265
 20
0.201294
  0
LWPOLYLINE
  5
803
330
1F
100
AcDbEntity
  8
Polycam-Floor_1-Objects-Fixtures
 62
45
420
11711154
100
AcDbPolyline
 90
20
 70
0
 43
0.000000
 10
1.082265
 20
0.201294
 10
1.080292
 20
0.201376
 10
1.078365
 20
0.201619
 10
1.076492
 20
0.202014
 10
1.074680
 20
0.202557
 10
1.072935
 20
0.203239
 10
1.071265
 20
0.204054
 10
1.069675
 20
0.204996
 10
1.068174
 20
0.206057
 10
1.066767
 20
0.207230
 10
1.065461
 20
0.208510
 10
1.064264
 20
0.209888
 10
1.063183
 20
0.211359
 10
1.062223
 20
0.212916
 10
1.061392
 20
0.214551
 10
1.060697
 20
0.216259
 10
1.060145
 20
0.218031
 10
1.059742
 20
0.219863
 10
1.059495
 20
0.221746
 10
1.059411
 20
0.223673
  0
LWPOLYLINE
  5
804
330
1F
100
AcDbEntity
  8
Polycam-Floor_1-Objects-Fixtures
 62
45
420
11711154
100
AcDbPolyline
 90
20
 70
0
 43
0.000000
 10
1.093072
 20
0.243375
 10
1.092560
 20
0.243619
 10
1.092040
 20
0.243811
 10
1.091513
 20
0.243954
 10
1.090978
 20
0.244053
 10
1.090436
 20
0.244113
 10
1.089888
 20
0.244139
 10
1.089333
 20
0.244134
 10
1.088772
 20
0.244104
 10
1.088204
 20
0.244053
 10
1.087631
 20
0.243985
 10
1.087052
 20
0.243905
 10
1.086468
 20
0.243818
 10
1.085878
 20
0.243728
 10
1.085284
 20
0.243639
 10
1.084684
 20
0.243556
 10
1.084081
 20
0.243484
 10
1.083472
 20
0.243427
 10
1.082860
 20
0.243389
 10
1.082244
 20
0.243375
  0
LWPOLYLINE
  5
805
330
1F
100
AcDbEntity
  8
Polycam-Floor_1-Objects-Fixtures
 62
45
420
11711154
100
AcDbPolyline
 90
20
 70
0
 43
0.000000
 10
1.082244
 20
0.243375
 10
1.081666
 20
0.243390
 10
1.081091
 20
0.243430
 10
1.080520
 20
0.243491
 10
1.079953
 20
0.243569
 10
1.079390
 20
0.243659
 10
1.078832
 20
0.243756
 10
1.078278
 20
0.243857
 10
1.077728
 20
0.243956
 10
1.077184
 20
0.244050
 10
1.076644
 20
0.244132
 10
1.076109
 20
0.244200
 10
1.075579
 20
0.244249
 10
1.075054
 20
0.244273
 10
1.074535
 20
0.244269
 10
1.074021
 20
0.244232
 10
1.073513
 20
0.244157
 10
1.073010
 20
0.244040
 10
1.072514
 20
0.243877
 10
1.072023
 20
0.243662
  0
LWPOLYLINE
  5
806
330
1F
100
AcDbEntity
  8
Polycam-Floor_1-Objects-Fixtures
 62
45
420
11711154
100
AcDbPolyline
 90
20
 70
0
 43
0.000000
 10
0.527909
 20
0.223673
 10
0.527951
 20
0.225045
 10
0.528077
 20
0.226395
 10
0.528283
 20
0.227722
 10
0.528567
 20
0.229021
 10
0.528928
 20
0.230292
 10
0.529362
 20
0.231532
 10
0.529866
 20
0.232737
 10
0.530440
 20
0.233906
 10
0.531079
 20
0.235037
 10
0.531782
 20
0.236126
 10
0.532545
 20
0.237171
 10
0.533368
 20
0.238170
 10
0.534247
 20
0.239121
 10
0.535179
 20
0.240020
 10
0.536163
 20
0.240866
 10
0.537196
 20
0.241655
 10
0.538275
 20
0.242386
 10
0.539398
 20
0.243056
 10
0.540563
 20
0.243662
  0
LWPOLYLINE
  5
807
330
1F
100
AcDbEntity
  8
Polycam-Floor_1-Objects-Fixtures
 62
45
420
11711154
100
AcDbPolyline
 90
20
 70
0
 43
0.000000
 10
0.540563
 20
0.243662
 10
0.541051
 20
0.243877
 10
0.541545
 20
0.244040
 10
0.542046
 20
0.244157
 10
0.542553
 20
0.244232
 10
0.543066
 20
0.244269
 10
0.543585
 20
0.244273
 10
0.544109
 20
0.244249
 10
0.544639
 20
0.244200
 10
0.545175
 20
0.244132
 10
0.545716
 20
0.244050
 10
0.546261
 20
0.243956
 10
0.546812
 20
0.243857
 10
0.547367
 20
0.243756
 10
0.547926
 20
0.243659
 10
0.548489
 20
0.243569
 10
0.549057
 20
0.243491
 10
0.549628
 20
0.243430
 10
0.550203
 20
0.243390
 10
0.550782
 20
0.243375
  0
LWPOLYLINE
  5
808
330
1F
100
AcDbEntity
  8
Polycam-Floor_1-Objects-Fixtures
 62
45
420
11711154
100
AcDbPolyline
 90
20
 70
0
 43
0.000000
 10
0.550782
 20
0.243375
 10
0.551398
 20
0.243389
 10
0.552010
 20
0.243427
 10
0.552617
 20
0.243484
 10
0.553220
 20
0.243556
 10
0.553818
 20
0.243639
 10
0.554412
 20
0.243728
 10
0.555001
 20
0.243818
 10
0.555584
 20
0.243905
 10
0.556162
 20
0.243985
 10
0.556735
 20
0.244053
 10
0.557301
 20
0.244104
 10
0.557862
 20
0.244134
 10
0.558417
 20
0.244139
 10
0.558966
 20
0.244113
 10
0.559508
 20
0.244053
 10
0.560044
 20
0.243954
 10
0.560573
 20
0.243811
 10
0.561095
 20
0.243619
 10
0.561610
 20
0.243375
  0
LWPOLYLINE
  5
809
330
1F
100
AcDbEntity
  8
Polycam-Floor_1-Objects-Fixtures
 62
45
420
11711154
100
AcDbPolyline
 90
20
 70
0
 43
0.000000
 10
0.561610
 20
0.243375
 10
0.562723
 20
0.242749
 10
0.563796
 20
0.242064
 10
0.564826
 20
0.241324
 10
0.565811
 20
0.240530
 10
0.566749
 20
0.239684
 10
0.567638
 20
0.238789
 10
0.568474
 20
0.237846
 10
0.569257
 20
0.236859
 10
0.569983
 20
0.235830
 10
0.570651
 20
0.234759
 10
0.571258
 20
0.233651
 10
0.571802
 20
0.232507
 10
0.572280
 20
0.231328
 10
0.572692
 20
0.230119
 10
0.573033
 20
0.228879
 10
0.573303
 20
0.227613
 10
0.573498
 20
0.226322
 10
0.573617
 20
0.225008
 10
0.573657
 20
0.223673
  0
LWPOLYLINE
  5
80a
330
1F
100
AcDbEntity
  8
Polycam-Floor_1-Objects-Fixtures
 62
45
420
11711154
100
AcDbPolyline
 90
20
 70
0
 43
0.000000
 10
0.573657
 20
0.223673
 10
0.573573
 20
0.221746
 10
0.573326
 20
0.219863
 10
0.572922
 20
0.218031
 10
0.572368
 20
0.216259
 10
0.571672
 20
0.214551
 10
0.570840
 20
0.212916
 10
0.569879
 20
0.211359
 10
0.568796
 20
0.209888
 10
0.567597
 20
0.208510
 10
0.566290
 20
0.207230
 10
0.564882
 20
0.206057
 10
0.563378
 20
0.204996
 10
0.561787
 20
0.204054
 10
0.560115
 20
0.203239
 10
0.558369
 20
0.202557
 10
0.556556
 20
0.202014
 10
0.554683
 20
0.201619
 10
0.552755
 20
0.201376
 10
0.550782
 20
0.201294
  0
LWPOLYLINE
  5
80b
330
1F
100
AcDbEntity
  8
Polycam-Floor_1-Objects-Fixtures
 62
45
420
11711154
100
AcDbPolyline
 90
20
 70
0
 43
0.000000
 10
0.550782
 20
0.201294
 10
0.548808
 20
0.201376
 10
0.546882
 20
0.201619
 10
0.545009
 20
0.202014
 10
0.543197
 20
0.202557
 10
0.541452
 20
0.203239
 10
0.539782
 20
0.204054
 10
0.538192
 20
0.204996
 10
0.536691
 20
0.206057
 10
0.535284
 20
0.207230
 10
0.533979
 20
0.208510
 10
0.532782
 20
0.209888
 10
0.531701
 20
0.211359
 10
0.530741
 20
0.212916
 10
0.529911
 20
0.214551
 10
0.529216
 20
0.216259
 10
0.528663
 20
0.218031
 10
0.528260
 20
0.219863
 10
0.528014
 20
0.221746
 10
0.527930
 20
0.223673
  0
LWPOLYLINE
  5
80c
330
1F
100
AcDbEntity
  8
Polycam-Floor_1-Objects-Fixtures
 62
45
420
11711154
100
AcDbPolyline
 90
20
 70
0
 43
0.000000
 10
0.561589
 20
0.243375
 10
0.561077
 20
0.243619
 10
0.560557
 20
0.243811
 10
0.560030
 20
0.243954
 10
0.559495
 20
0.244053
 10
0.558954
 20
0.244113
 10
0.558405
 20
0.244139
 10
0.557850
 20
0.244134
 10
0.557289
 20
0.244104
 10
0.556722
 20
0.244053
 10
0.556148
 20
0.243985
 10
0.555569
 20
0.243905
 10
0.554985
 20
0.243818
 10
0.554395
 20
0.243728
 10
0.553800
 20
0.243639
 10
0.553201
 20
0.243556
 10
0.552597
 20
0.243484
 10
0.551989
 20
0.243427
 10
0.551377
 20
0.243389
 10
0.550760
 20
0.243375
  0
LWPOLYLINE
  5
80d
330
1F
100
AcDbEntity
  8
Polycam-Floor_1-Objects-Fixtures
 62
45
420
11711154
100
AcDbPolyline
 90
20
 70
0
 43
0.000000
 10
0.550760
 20
0.243375
 10
0.550182
 20
0.243390
 10
0.549608
 20
0.243430
 10
0.549037
 20
0.243491
 10
0.548470
 20
0.243569
 10
0.547908
 20
0.243659
 10
0.547350
 20
0.243756
 10
0.546796
 20
0.243857
 10
0.546247
 20
0.243956
 10
0.545702
 20
0.244050
 10
0.545162
 20
0.244132
 10
0.544627
 20
0.244200
 10
0.544097
 20
0.244249
 10
0.543573
 20
0.244273
 10
0.543053
 20
0.244269
 10
0.542540
 20
0.244232
 10
0.542031
 20
0.244157
 10
0.541529
 20
0.244040
 10
0.541032
 20
0.243877
 10
0.540542
 20
0.243662
  0
LWPOLYLINE
  5
80e
330
1F
100
AcDbEntity
  8
Polycam-Floor_1-Objects-Fixtures
 62
45
420
11711154
100
AcDbPolyline
 90
2
 70
0
 43
0.000000
 10
-0.619614
 20
-6.110759
 10
-0.619614
 20
-6.110759
  0
LWPOLYLINE
  5
80f
330
1F
100
AcDbEntity
  8
Polycam-Floor_1-Objects-Fixtures
 62
45
420
11711154
100
AcDbPolyline
 90
2
 70
0
 43
0.000000
 10
-0.627234
 20
-6.121345
 10
-0.627234
 20
-6.133915
  0
LWPOLYLINE
  5
810
330
1F
100
AcDbEntity
  8
Polycam-Floor_1-Objects-Fixtures
 62
45
420
11711154
100
AcDbPolyline
 90
2
 70
0
 43
0.000000
 10
-0.627234
 20
-6.133915
 10
-0.639897
 20
-6.133915
  0
LWPOLYLINE
  5
811
330
1F
100
AcDbEntity
  8
Polycam-Floor_1-Objects-Fixtures
 62
45
420
11711154
100
AcDbPolyline
 90
2
 70
0
 43
0.000000
 10
-0.639897
 20
-6.133915
 10
-0.639897
 20
-6.121184
  0
LWPOLYLINE
  5
812
330
1F
100
AcDbEntity
  8
Polycam-Floor_1-Objects-Fixtures
 62
45
420
11711154
100
AcDbPolyline
 90
2
 70
0
 43
0.000000
 10
-0.627242
 20
-6.121345
 10
-0.627234
 20
-6.121345
  0
LWPOLYLINE
  5
813
330
1F
100
AcDbEntity
  8
Polycam-Floor_1-Objects-Fixtures
 62
45
420
11711154
100
AcDbPolyline
 90
2
 70
0
 43
0.000000
 10
-0.627234
 20
-6.121345
 10
-0.627234
 20
-6.121345
  0
LWPOLYLINE
  5
814
330
1F
100
AcDbEntity
  8
Polycam-Floor_1-Objects-Fixtures
 62
45
420
11711154
100
AcDbPolyline
 90
2
 70
0
 43
0.000000
 10
-0.494035
 20
-6.110759
 10
-0.494035
 20
-6.110759
  0
LWPOLYLINE
  5
815
330
1F
100
AcDbEntity
  8
Polycam-Floor_1-Objects-Fixtures
 62
45
420
11711154
100
AcDbPolyline
 90
2
 70
0
 43
0.000000
 10
-0.501648
 20
-6.121345
 10
-0.501648
 20
-6.133915
  0
LWPOLYLINE
  5
816
330
1F
100
AcDbEntity
  8
Polycam-Floor_1-Objects-Fixtures
 62
45
420
11711154
100
AcDbPolyline
 90
2
 70
0
 43
0.000000
 10
-0.501648
 20
-6.133915
 10
-0.514310
 20
-6.133915
  0
LWPOLYLINE
  5
817
330
1F
100
AcDbEntity
  8
Polycam-Floor_1-Objects-Fixtures
 62
45
420
11711154
100
AcDbPolyline
 90
2
 70
0
 43
0.000000
 10
-0.514310
 20
-6.133915
 10
-0.514310
 20
-6.121184
  0
LWPOLYLINE
  5
818
330
1F
100
AcDbEntity
  8
Polycam-Floor_1-Objects-Fixtures
 62
45
420
11711154
100
AcDbPolyline
 90
2
 70
0
 43
0.000000
 10
-0.501655
 20
-6.121345
 10
-0.501648
 20
-6.121345
  0
LWPOLYLINE
  5
819
330
1F
100
AcDbEntity
  8
Polycam-Floor_1-Objects-Fixtures
 62
45
420
11711154
100
AcDbPolyline
 90
2
 70
0
 43
0.000000
 10
-0.501648
 20
-6.121345
 10
-0.501648
 20
-6.121345
  0
LWPOLYLINE
  5
81a
330
1F
100
AcDbEntity
  8
Polycam-Floor_1-Objects-Fixtures
 62
45
420
11711154
100
AcDbPolyline
 90
2
 70
0
 43
0.000000
 10
-0.201338
 20
-6.133927
 10
-0.936775
 20
-6.133927
  0
LWPOLYLINE
  5
81b
330
1F
100
AcDbEntity
  8
Polycam-Floor_1-Objects-Fixtures
 62
45
420
11711154
100
AcDbPolyline
 90
2
 70
0
 43
0.000000
 10
-0.940143
 20
-6.139158
 10
-0.940143
 20
-6.519836
  0
LWPOLYLINE
  5
81c
330
1F
100
AcDbEntity
  8
Polycam-Floor_1-Objects-Fixtures
 62
45
420
11711154
100
AcDbPolyline
 90
2
 70
0
 43
0.000000
 10
-0.936775
 20
-6.525067
 10
-0.201338
 20
-6.525067
  0
LWPOLYLINE
  5
81d
330
1F
100
AcDbEntity
  8
Polycam-Floor_1-Objects-Fixtures
 62
45
420
11711154
100
AcDbPolyline
 90
2
 70
0
 43
0.000000
 10
-0.197971
 20
-6.519836
 10
-0.197971
 20
-6.139158
  0
LWPOLYLINE
  5
81e
330
1F
100
AcDbEntity
  8
Polycam-Floor_1-Objects-Fixtures
 62
45
420
11711154
100
AcDbPolyline
 90
2
 70
0
 43
0.000000
 10
-0.201338
 20
-6.133927
 10
-0.201338
 20
-6.133927
  0
LWPOLYLINE
  5
81f
330
1F
100
AcDbEntity
  8
Polycam-Floor_1-Objects-Fixtures
 62
45
420
11711154
100
AcDbPolyline
 90
20
 70
0
 43
0.000000
 10
-0.619614
 20
-6.110759
 10
-0.619639
 20
-6.111483
 10
-0.619714
 20
-6.112197
 10
-0.619839
 20
-6.112898
 10
-0.620010
 20
-6.113586
 10
-0.620226
 20
-6.114258
 10
-0.620487
 20
-6.114914
 10
-0.620791
 20
-6.115552
 10
-0.621136
 20
-6.116171
 10
-0.621520
 20
-6.116769
 10
-0.621943
 20
-6.117346
 10
-0.622403
 20
-6.117900
 10
-0.622898
 20
-6.118429
 10
-0.623428
 20
-6.118933
 10
-0.623989
 20
-6.119410
 10
-0.624582
 20
-6.119859
 10
-0.625204
 20
-6.120278
 10
-0.625855
 20
-6.120666
 10
-0.626532
 20
-6.121022
 10
-0.627234
 20
-6.121345
  0
LWPOLYLINE
  5
820
330
1F
100
AcDbEntity
  8
Polycam-Floor_1-Objects-Fixtures
 62
45
420
11711154
100
AcDbPolyline
 90
20
 70
0
 43
0.000000
 10
-0.627234
 20
-6.121345
 10
-0.627530
 20
-6.121462
 10
-0.627832
 20
-6.121559
 10
-0.628140
 20
-6.121637
 10
-0.628454
 20
-6.121699
 10
-0.628773
 20
-6.121745
 10
-0.629097
 20
-6.121778
 10
-0.629426
 20
-6.121799
 10
-0.629758
 20
-6.121809
 10
-0.630094
 20
-6.121810
 10
-0.630433
 20
-6.121804
 10
-0.630775
 20
-6.121792
 10
-0.631120
 20
-6.121775
 10
-0.631466
 20
-6.121756
 10
-0.631814
 20
-6.121735
 10
-0.632163
 20
-6.121715
 10
-0.632512
 20
-6.121696
 10
-0.632862
 20
-6.121681
 10
-0.633212
 20
-6.121671
 10
-0.633561
 20
-6.121667
  0
LWPOLYLINE
  5
821
330
1F
100
AcDbEntity
  8
Polycam-Floor_1-Objects-Fixtures
 62
45
420
11711154
100
AcDbPolyline
 90
20
 70
0
 43
0.000000
 10
-0.633561
 20
-6.121667
 10
-0.633931
 20
-6.121670
 10
-0.634295
 20
-6.121679
 10
-0.634654
 20
-6.121692
 10
-0.635008
 20
-6.121707
 10
-0.635358
 20
-6.121723
 10
-0.635703
 20
-6.121738
 10
-0.636045
 20
-6.121751
 10
-0.636382
 20
-6.121761
 10
-0.636716
 20
-6.121765
 10
-0.637046
 20
-6.121762
 10
-0.637372
 20
-6.121752
 10
-0.637696
 20
-6.121731
 10
-0.638017
 20
-6.121699
 10
-0.638335
 20
-6.121654
 10
-0.638650
 20
-6.121595
 10
-0.638963
 20
-6.121520
 10
-0.639274
 20
-6.121427
 10
-0.639582
 20
-6.121316
 10
-0.639890
 20
-6.121184
  0
LWPOLYLINE
  5
822
330
1F
100
AcDbEntity
  8
Polycam-Floor_1-Objects-Fixtures
 62
45
420
11711154
100
AcDbPolyline
 90
20
 70
0
 43
0.000000
 10
-0.639890
 20
-6.121184
 10
-0.640559
 20
-6.120853
 10
-0.641205
 20
-6.120491
 10
-0.641825
 20
-6.120099
 10
-0.642418
 20
-6.119679
 10
-0.642982
 20
-6.119231
 10
-0.643517
 20
-6.118757
 10
-0.644020
 20
-6.118259
 10
-0.644492
 20
-6.117736
 10
-0.644929
 20
-6.117191
 10
-0.645331
 20
-6.116624
 10
-0.645697
 20
-6.116037
 10
-0.646024
 20
-6.115432
 10
-0.646313
 20
-6.114808
 10
-0.646561
 20
-6.114168
 10
-0.646766
 20
-6.113512
 10
-0.646929
 20
-6.112842
 10
-0.647047
 20
-6.112159
 10
-0.647118
 20
-6.111464
 10
-0.647142
 20
-6.110759
  0
LWPOLYLINE
  5
823
330
1F
100
AcDbEntity
  8
Polycam-Floor_1-Objects-Fixtures
 62
45
420
11711154
100
AcDbPolyline
 90
20
 70
0
 43
0.000000
 10
-0.647142
 20
-6.110759
 10
-0.647092
 20
-6.109738
 10
-0.646943
 20
-6.108741
 10
-0.646700
 20
-6.107772
 10
-0.646367
 20
-6.106834
 10
-0.645949
 20
-6.105930
 10
-0.645448
 20
-6.105065
 10
-0.644870
 20
-6.104242
 10
-0.644218
 20
-6.103464
 10
-0.643497
 20
-6.102734
 10
-0.642711
 20
-6.102058
 10
-0.641863
 20
-6.101437
 10
-0.640959
 20
-6.100876
 10
-0.640002
 20
-6.100379
 10
-0.638996
 20
-6.099948
 10
-0.637945
 20
-6.099587
 10
-0.636854
 20
-6.099301
 10
-0.635726
 20
-6.099092
 10
-0.634566
 20
-6.098963
 10
-0.633378
 20
-6.098920
  0
LWPOLYLINE
  5
824
330
1F
100
AcDbEntity
  8
Polycam-Floor_1-Objects-Fixtures
 62
45
420
11711154
100
AcDbPolyline
 90
20
 70
0
 43
0.000000
 10
-0.633378
 20
-6.098920
 10
-0.632190
 20
-6.098963
 10
-0.631030
 20
-6.099092
 10
-0.629903
 20
-6.099301
 10
-0.628812
 20
-6.099587
 10
-0.627761
 20
-6.099948
 10
-0.626755
 20
-6.100379
 10
-0.625797
 20
-6.100876
 10
-0.624893
 20
-6.101437
 10
-0.624045
 20
-6.102058
 10
-0.623259
 20
-6.102734
 10
-0.622538
 20
-6.103464
 10
-0.621886
 20
-6.104242
 10
-0.621308
 20
-6.105065
 10
-0.620807
 20
-6.105930
 10
-0.620389
 20
-6.106834
 10
-0.620056
 20
-6.107772
 10
-0.619813
 20
-6.108741
 10
-0.619664
 20
-6.109738
 10
-0.619614
 20
-6.110759
  0
LWPOLYLINE
  5
825
330
1F
100
AcDbEntity
  8
Polycam-Floor_1-Objects-Fixtures
 62
45
420
11711154
100
AcDbPolyline
 90
20
 70
0
 43
0.000000
 10
-0.639897
 20
-6.121184
 10
-0.639590
 20
-6.121316
 10
-0.639281
 20
-6.121427
 10
-0.638971
 20
-6.121520
 10
-0.638658
 20
-6.121595
 10
-0.638342
 20
-6.121654
 10
-0.638024
 20
-6.121699
 10
-0.637704
 20
-6.121731
 10
-0.637380
 20
-6.121752
 10
-0.637053
 20
-6.121763
 10
-0.636723
 20
-6.121765
 10
-0.636390
 20
-6.121761
 10
-0.636052
 20
-6.121752
 10
-0.635711
 20
-6.121738
 10
-0.635366
 20
-6.121723
 10
-0.635016
 20
-6.121707
 10
-0.634662
 20
-6.121692
 10
-0.634303
 20
-6.121679
 10
-0.633939
 20
-6.121671
 10
-0.633570
 20
-6.121667
  0
LWPOLYLINE
  5
826
330
1F
100
AcDbEntity
  8
Polycam-Floor_1-Objects-Fixtures
 62
45
420
11711154
100
AcDbPolyline
 90
20
 70
0
 43
0.000000
 10
-0.633570
 20
-6.121667
 10
-0.633220
 20
-6.121671
 10
-0.632870
 20
-6.121681
 10
-0.632520
 20
-6.121697
 10
-0.632170
 20
-6.121715
 10
-0.631820
 20
-6.121735
 10
-0.631472
 20
-6.121756
 10
-0.631125
 20
-6.121776
 10
-0.630781
 20
-6.121792
 10
-0.630438
 20
-6.121804
 10
-0.630099
 20
-6.121811
 10
-0.629762
 20
-6.121809
 10
-0.629430
 20
-6.121799
 10
-0.629101
 20
-6.121778
 10
-0.628777
 20
-6.121745
 10
-0.628459
 20
-6.121699
 10
-0.628145
 20
-6.121637
 10
-0.627837
 20
-6.121559
 10
-0.627536
 20
-6.121462
 10
-0.627242
 20
-6.121345
  0
LWPOLYLINE
  5
827
330
1F
100
AcDbEntity
  8
Polycam-Floor_1-Objects-Fixtures
 62
45
420
11711154
100
AcDbPolyline
 90
20
 70
0
 43
0.000000
 10
-0.494035
 20
-6.110759
 10
-0.494061
 20
-6.111483
 10
-0.494136
 20
-6.112197
 10
-0.494260
 20
-6.112898
 10
-0.494431
 20
-6.113586
 10
-0.494648
 20
-6.114258
 10
-0.494909
 20
-6.114914
 10
-0.495212
 20
-6.115552
 10
-0.495557
 20
-6.116171
 10
-0.495942
 20
-6.116769
 10
-0.496365
 20
-6.117346
 10
-0.496825
 20
-6.117900
 10
-0.497320
 20
-6.118429
 10
-0.497849
 20
-6.118933
 10
-0.498411
 20
-6.119410
 10
-0.499004
 20
-6.119859
 10
-0.499626
 20
-6.120278
 10
-0.500276
 20
-6.120666
 10
-0.500953
 20
-6.121022
 10
-0.501656
 20
-6.121345
  0
LWPOLYLINE
  5
828
330
1F
100
AcDbEntity
  8
Polycam-Floor_1-Objects-Fixtures
 62
45
420
11711154
100
AcDbPolyline
 90
20
 70
0
 43
0.000000
 10
-0.501656
 20
-6.121345
 10
-0.501951
 20
-6.121462
 10
-0.502254
 20
-6.121559
 10
-0.502562
 20
-6.121637
 10
-0.502876
 20
-6.121699
 10
-0.503195
 20
-6.121745
 10
-0.503519
 20
-6.121778
 10
-0.503847
 20
-6.121799
 10
-0.504179
 20
-6.121809
 10
-0.504515
 20
-6.121810
 10
-0.504855
 20
-6.121804
 10
-0.505196
 20
-6.121792
 10
-0.505541
 20
-6.121775
 10
-0.505887
 20
-6.121756
 10
-0.506235
 20
-6.121735
 10
-0.506584
 20
-6.121715
 10
-0.506934
 20
-6.121696
 10
-0.507284
 20
-6.121681
 10
-0.507634
 20
-6.121671
 10
-0.507983
 20
-6.121667
  0
LWPOLYLINE
  5
829
330
1F
100
AcDbEntity
  8
Polycam-Floor_1-Objects-Fixtures
 62
45
420
11711154
100
AcDbPolyline
 90
20
 70
0
 43
0.000000
 10
-0.507983
 20
-6.121667
 10
-0.508352
 20
-6.121670
 10
-0.508716
 20
-6.121679
 10
-0.509075
 20
-6.121692
 10
-0.509429
 20
-6.121707
 10
-0.509779
 20
-6.121723
 10
-0.510124
 20
-6.121738
 10
-0.510466
 20
-6.121751
 10
-0.510803
 20
-6.121761
 10
-0.511137
 20
-6.121765
 10
-0.511467
 20
-6.121762
 10
-0.511794
 20
-6.121752
 10
-0.512117
 20
-6.121731
 10
-0.512438
 20
-6.121699
 10
-0.512756
 20
-6.121654
 10
-0.513071
 20
-6.121595
 10
-0.513384
 20
-6.121520
 10
-0.513695
 20
-6.121427
 10
-0.514003
 20
-6.121316
 10
-0.514310
 20
-6.121184
  0
LWPOLYLINE
  5
82a
330
1F
100
AcDbEntity
  8
Polycam-Floor_1-Objects-Fixtures
 62
45
420
11711154
100
AcDbPolyline
 90
20
 70
0
 43
0.000000
 10
-0.514310
 20
-6.121184
 10
-0.514980
 20
-6.120853
 10
-0.515626
 20
-6.120491
 10
-0.516246
 20
-6.120099
 10
-0.516839
 20
-6.119679
 10
-0.517403
 20
-6.119231
 10
-0.517938
 20
-6.118757
 10
-0.518442
 20
-6.118259
 10
-0.518913
 20
-6.117736
 10
-0.519350
 20
-6.117191
 10
-0.519753
 20
-6.116624
 10
-0.520118
 20
-6.116037
 10
-0.520446
 20
-6.115432
 10
-0.520734
 20
-6.114808
 10
-0.520982
 20
-6.114168
 10
-0.521188
 20
-6.113512
 10
-0.521350
 20
-6.112842
 10
-0.521468
 20
-6.112159
 10
-0.521540
 20
-6.111464
 10
-0.521564
 20
-6.110759
  0
LWPOLYLINE
  5
82b
330
1F
100
AcDbEntity
  8
Polycam-Floor_1-Objects-Fixtures
 62
45
420
11711154
100
AcDbPolyline
 90
20
 70
0
 43
0.000000
 10
-0.521564
 20
-6.110759
 10
-0.521513
 20
-6.109738
 10
-0.521365
 20
-6.108741
 10
-0.521122
 20
-6.107772
 10
-0.520789
 20
-6.106834
 10
-0.520370
 20
-6.105930
 10
-0.519870
 20
-6.105065
 10
-0.519291
 20
-6.104242
 10
-0.518640
 20
-6.103464
 10
-0.517919
 20
-6.102734
 10
-0.517132
 20
-6.102058
 10
-0.516285
 20
-6.101437
 10
-0.515380
 20
-6.100876
 10
-0.514423
 20
-6.100379
 10
-0.513417
 20
-6.099948
 10
-0.512366
 20
-6.099587
 10
-0.511275
 20
-6.099301
 10
-0.510147
 20
-6.099092
 10
-0.508987
 20
-6.098963
 10
-0.507799
 20
-6.098920
  0
LWPOLYLINE
  5
82c
330
1F
100
AcDbEntity
  8
Polycam-Floor_1-Objects-Fixtures
 62
45
420
11711154
100
AcDbPolyline
 90
20
 70
0
 43
0.000000
 10
-0.507799
 20
-6.098920
 10
-0.506611
 20
-6.098963
 10
-0.505451
 20
-6.099092
 10
-0.504324
 20
-6.099301
 10
-0.503233
 20
-6.099587
 10
-0.502182
 20
-6.099948
 10
-0.501176
 20
-6.100379
 10
-0.500218
 20
-6.100876
 10
-0.499314
 20
-6.101437
 10
-0.498467
 20
-6.102058
 10
-0.497680
 20
-6.102734
 10
-0.496959
 20
-6.103464
 10
-0.496308
 20
-6.104242
 10
-0.495729
 20
-6.105065
 10
-0.495229
 20
-6.105930
 10
-0.494810
 20
-6.106834
 10
-0.494477
 20
-6.107772
 10
-0.494234
 20
-6.108741
 10
-0.494086
 20
-6.109738
 10
-0.494035
 20
-6.110759
  0
LWPOLYLINE
  5
82d
330
1F
100
AcDbEntity
  8
Polycam-Floor_1-Objects-Fixtures
 62
45
420
11711154
100
AcDbPolyline
 90
20
 70
0
 43
0.000000
 10
-0.514310
 20
-6.121184
 10
-0.514003
 20
-6.121316
 10
-0.513695
 20
-6.121427
 10
-0.513384
 20
-6.121520
 10
-0.513071
 20
-6.121595
 10
-0.512756
 20
-6.121654
 10
-0.512438
 20
-6.121699
 10
-0.512117
 20
-6.121731
 10
-0.511794
 20
-6.121752
 10
-0.511467
 20
-6.121763
 10
-0.511137
 20
-6.121765
 10
-0.510803
 20
-6.121761
 10
-0.510466
 20
-6.121752
 10
-0.510124
 20
-6.121738
 10
-0.509779
 20
-6.121723
 10
-0.509429
 20
-6.121707
 10
-0.509075
 20
-6.121692
 10
-0.508716
 20
-6.121679
 10
-0.508352
 20
-6.121671
 10
-0.507983
 20
-6.121667
  0
LWPOLYLINE
  5
82e
330
1F
100
AcDbEntity
  8
Polycam-Floor_1-Objects-Fixtures
 62
45
420
11711154
100
AcDbPolyline
 90
20
 70
0
 43
0.000000
 10
-0.507983
 20
-6.121667
 10
-0.507634
 20
-6.121671
 10
-0.507283
 20
-6.121681
 10
-0.506933
 20
-6.121697
 10
-0.506583
 20
-6.121715
 10
-0.506234
 20
-6.121735
 10
-0.505885
 20
-6.121756
 10
-0.505539
 20
-6.121776
 10
-0.505194
 20
-6.121792
 10
-0.504852
 20
-6.121804
 10
-0.504512
 20
-6.121811
 10
-0.504176
 20
-6.121809
 10
-0.503843
 20
-6.121799
 10
-0.503515
 20
-6.121778
 10
-0.503191
 20
-6.121745
 10
-0.502872
 20
-6.121699
 10
-0.502559
 20
-6.121637
 10
-0.502251
 20
-6.121559
 10
-0.501950
 20
-6.121462
 10
-0.501655
 20
-6.121345
  0
LWPOLYLINE
  5
82f
330
1F
100
AcDbEntity
  8
Polycam-Floor_1-Objects-Fixtures
 62
45
420
11711154
100
AcDbPolyline
 90
20
 70
0
 43
0.000000
 10
-0.936775
 20
-6.133927
 10
-0.937066
 20
-6.133946
 10
-0.937350
 20
-6.134003
 10
-0.937625
 20
-6.134095
 10
-0.937892
 20
-6.134221
 10
-0.938149
 20
-6.134381
 10
-0.938396
 20
-6.134571
 10
-0.938630
 20
-6.134791
 10
-0.938851
 20
-6.135039
 10
-0.939058
 20
-6.135313
 10
-0.939251
 20
-6.135612
 10
-0.939427
 20
-6.135934
 10
-0.939587
 20
-6.136277
 10
-0.939728
 20
-6.136641
 10
-0.939851
 20
-6.137024
 10
-0.939953
 20
-6.137423
 10
-0.940035
 20
-6.137838
 10
-0.940094
 20
-6.138266
 10
-0.940131
 20
-6.138707
 10
-0.940143
 20
-6.139158
  0
LWPOLYLINE
  5
830
330
1F
100
AcDbEntity
  8
Polycam-Floor_1-Objects-Fixtures
 62
45
420
11711154
100
AcDbPolyline
 90
20
 70
0
 43
0.000000
 10
-0.940143
 20
-6.519836
 10
-0.940131
 20
-6.520287
 10
-0.940094
 20
-6.520728
 10
-0.940035
 20
-6.521156
 10
-0.939953
 20
-6.521571
 10
-0.939851
 20
-6.521970
 10
-0.939728
 20
-6.522353
 10
-0.939587
 20
-6.522717
 10
-0.939427
 20
-6.523060
 10
-0.939251
 20
-6.523382
 10
-0.939058
 20
-6.523681
 10
-0.938851
 20
-6.523955
 10
-0.938630
 20
-6.524203
 10
-0.938396
 20
-6.524423
 10
-0.938149
 20
-6.524613
 10
-0.937892
 20
-6.524772
 10
-0.937625
 20
-6.524899
 10
-0.937350
 20
-6.524991
 10
-0.937066
 20
-6.525048
 10
-0.936775
 20
-6.525067
  0
LWPOLYLINE
  5
831
330
1F
100
AcDbEntity
  8
Polycam-Floor_1-Objects-Fixtures
 62
45
420
11711154
100
AcDbPolyline
 90
20
 70
0
 43
0.000000
 10
-0.201338
 20
-6.525067
 10
-0.201048
 20
-6.525048
 10
-0.200764
 20
-6.524991
 10
-0.200488
 20
-6.524899
 10
-0.200221
 20
-6.524772
 10
-0.199964
 20
-6.524613
 10
-0.199718
 20
-6.524423
 10
-0.199484
 20
-6.524203
 10
-0.199263
 20
-6.523955
 10
-0.199055
 20
-6.523681
 10
-0.198863
 20
-6.523382
 10
-0.198687
 20
-6.523060
 10
-0.198527
 20
-6.522717
 10
-0.198386
 20
-6.522353
 10
-0.198263
 20
-6.521970
 10
-0.198161
 20
-6.521571
 10
-0.198079
 20
-6.521156
 10
-0.198020
 20
-6.520728
 10
-0.197983
 20
-6.520287
 10
-0.197971
 20
-6.519836
  0
LWPOLYLINE
  5
832
330
1F
100
AcDbEntity
  8
Polycam-Floor_1-Objects-Fixtures
 62
45
420
11711154
100
AcDbPolyline
 90
20
 70
0
 43
0.000000
 10
-0.197971
 20
-6.139158
 10
-0.197983
 20
-6.138707
 10
-0.198020
 20
-6.138266
 10
-0.198079
 20
-6.137838
 10
-0.198161
 20
-6.137423
 10
-0.198263
 20
-6.137024
 10
-0.198386
 20
-6.136641
 10
-0.198527
 20
-6.136277
 10
-0.198687
 20
-6.135934
 10
-0.198863
 20
-6.135612
 10
-0.199055
 20
-6.135313
 10
-0.199263
 20
-6.135039
 10
-0.199484
 20
-6.134791
 10
-0.199718
 20
-6.134571
 10
-0.199964
 20
-6.134381
 10
-0.200221
 20
-6.134221
 10
-0.200488
 20
-6.134095
 10
-0.200764
 20
-6.134003
 10
-0.201048
 20
-6.133946
 10
-0.201338
 20
-6.133927
  0
LWPOLYLINE
  5
833
330
1F
100
AcDbEntity
  8
Polycam-Floor_1-Objects-Fixtures
 62
45
420
11711154
100
AcDbPolyline
 90
2
 70
0
 43
0.000000
 10
-2.369599
 20
5.422831
 10
-2.369599
 20
5.849379
  0
LWPOLYLINE
  5
834
330
1F
100
AcDbEntity
  8
Polycam-Floor_1-Objects-Fixtures
 62
45
420
11711154
100
AcDbPolyline
 90
2
 70
0
 43
0.000000
 10
-2.369599
 20
5.849379
 10
-1.759797
 20
5.849350
  0
LWPOLYLINE
  5
835
330
1F
100
AcDbEntity
  8
Polycam-Floor_1-Objects-Fixtures
 62
45
420
11711154
100
AcDbPolyline
 90
2
 70
0
 43
0.000000
 10
-1.759797
 20
5.849350
 10
-1.759797
 20
5.849379
  0
LWPOLYLINE
  5
836
330
1F
100
AcDbEntity
  8
Polycam-Floor_1-Objects-Fixtures
 62
45
420
11711154
100
AcDbPolyline
 90
2
 70
0
 43
0.000000
 10
-1.759797
 20
5.849379
 10
-1.143977
 20
5.849379
  0
LWPOLYLINE
  5
837
330
1F
100
AcDbEntity
  8
Polycam-Floor_1-Objects-Fixtures
 62
45
420
11711154
100
AcDbPolyline
 90
2
 70
0
 43
0.000000
 10
-1.143977
 20
5.849379
 10
-1.143977
 20
5.422831
  0
LWPOLYLINE
  5
838
330
1F
100
AcDbEntity
  8
Polycam-Floor_1-Objects-Fixtures
 62
45
420
11711154
100
AcDbPolyline
 90
2
 70
0
 43
0.000000
 10
-1.143977
 20
5.422831
 10
-1.759797
 20
5.422831
  0
LWPOLYLINE
  5
839
330
1F
100
AcDbEntity
  8
Polycam-Floor_1-Objects-Fixtures
 62
45
420
11711154
100
AcDbPolyline
 90
2
 70
0
 43
0.000000
 10
-1.759797
 20
5.422831
 10
-1.759797
 20
5.422803
  0
LWPOLYLINE
  5
83a
330
1F
100
AcDbEntity
  8
Polycam-Floor_1-Objects-Fixtures
 62
45
420
11711154
100
AcDbPolyline
 90
2
 70
0
 43
0.000000
 10
-1.759797
 20
5.422803
 10
-2.369599
 20
5.422831
  0
LWPOLYLINE
  5
83b
330
1F
100
AcDbEntity
  8
Polycam-Floor_1-Objects-Fixtures
 62
45
420
11711154
100
AcDbPolyline
 90
2
 70
0
 43
0.000000
 10
-2.369599
 20
5.422831
 10
-2.369599
 20
5.422831
  0
LWPOLYLINE
  5
83c
330
1F
100
AcDbEntity
  8
Polycam-Floor_1-Objects-Fixtures
 62
45
420
11711154
100
AcDbPolyline
 90
2
 70
0
 43
0.000000
 10
-1.755989
 20
5.366933
 10
-1.143977
 20
5.366933
  0
LWPOLYLINE
  5
83d
330
1F
100
AcDbEntity
  8
Polycam-Floor_1-Objects-Fixtures
 62
45
420
11711154
100
AcDbPolyline
 90
2
 70
0
 43
0.000000
 10
-1.143977
 20
5.366933
 10
-1.143977
 20
5.414173
  0
LWPOLYLINE
  5
83e
330
1F
100
AcDbEntity
  8
Polycam-Floor_1-Objects-Fixtures
 62
45
420
11711154
100
AcDbPolyline
 90
2
 70
0
 43
0.000000
 10
-1.143977
 20
5.414173
 10
-1.755989
 20
5.414173
  0
LWPOLYLINE
  5
83f
330
1F
100
AcDbEntity
  8
Polycam-Floor_1-Objects-Fixtures
 62
45
420
11711154
100
AcDbPolyline
 90
2
 70
0
 43
0.000000
 10
-1.755989
 20
5.414173
 10
-1.755989
 20
5.366933
  0
LWPOLYLINE
  5
840
330
1F
100
AcDbEntity
  8
Polycam-Floor_1-Objects-Fixtures
 62
45
420
11711154
100
AcDbPolyline
 90
2
 70
0
 43
0.000000
 10
-1.755989
 20
5.366933
 10
-1.755989
 20
5.366933
  0
LWPOLYLINE
  5
841
330
1F
100
AcDbEntity
  8
Polycam-Floor_1-Objects-Fixtures
 62
45
420
11711154
100
AcDbPolyline
 90
2
 70
0
 43
0.000000
 10
-1.147811
 20
5.414159
 10
-1.147811
 20
5.422832
  0
LWPOLYLINE
  5
842
330
1F
100
AcDbEntity
  8
Polycam-Floor_1-Objects-Fixtures
 62
45
420
11711154
100
AcDbPolyline
 90
2
 70
0
 43
0.000000
 10
-1.751520
 20
5.414159
 10
-1.751520
 20
5.422832
  0
LWPOLYLINE
  5
843
330
1F
100
AcDbEntity
  8
Polycam-Floor_1-Objects-Fixtures
 62
45
420
11711154
100
AcDbPolyline
 90
2
 70
0
 43
0.000000
 10
-2.369587
 20
5.366933
 10
-1.761408
 20
5.366933
  0
LWPOLYLINE
  5
844
330
1F
100
AcDbEntity
  8
Polycam-Floor_1-Objects-Fixtures
 62
45
420
11711154
100
AcDbPolyline
 90
2
 70
0
 43
0.000000
 10
-1.761408
 20
5.366933
 10
-1.761408
 20
5.414173
  0
LWPOLYLINE
  5
845
330
1F
100
AcDbEntity
  8
Polycam-Floor_1-Objects-Fixtures
 62
45
420
11711154
100
AcDbPolyline
 90
2
 70
0
 43
0.000000
 10
-1.761408
 20
5.414173
 10
-2.369587
 20
5.414173
  0
LWPOLYLINE
  5
846
330
1F
100
AcDbEntity
  8
Polycam-Floor_1-Objects-Fixtures
 62
45
420
11711154
100
AcDbPolyline
 90
2
 70
0
 43
0.000000
 10
-2.369587
 20
5.414173
 10
-2.369587
 20
5.366933
  0
LWPOLYLINE
  5
847
330
1F
100
AcDbEntity
  8
Polycam-Floor_1-Objects-Fixtures
 62
45
420
11711154
100
AcDbPolyline
 90
2
 70
0
 43
0.000000
 10
-2.369587
 20
5.366933
 10
-2.369587
 20
5.366933
  0
LWPOLYLINE
  5
848
330
1F
100
AcDbEntity
  8
Polycam-Floor_1-Objects-Fixtures
 62
45
420
11711154
100
AcDbPolyline
 90
2
 70
0
 43
0.000000
 10
-1.765217
 20
5.414159
 10
-1.765217
 20
5.422832
  0
LWPOLYLINE
  5
849
330
1F
100
AcDbEntity
  8
Polycam-Floor_1-Objects-Fixtures
 62
45
420
11711154
100
AcDbPolyline
 90
2
 70
0
 43
0.000000
 10
-2.365156
 20
5.414159
 10
-2.365156
 20
5.422832
  0
LWPOLYLINE
  5
84a
330
1F
100
AcDbEntity
  8
Polycam-Floor_1-Objects-Fixtures
 62
45
420
11711154
100
AcDbPolyline
 90
2
 70
0
 43
0.000000
 10
-1.472508
 20
5.341579
 10
-1.472508
 20
5.341579
  0
LWPOLYLINE
  5
84b
330
1F
100
AcDbEntity
  8
Polycam-Floor_1-Objects-Fixtures
 62
45
420
11711154
100
AcDbPolyline
 90
2
 70
0
 43
0.000000
 10
-1.459752
 20
5.353172
 10
-1.459752
 20
5.366933
  0
LWPOLYLINE
  5
84c
330
1F
100
AcDbEntity
  8
Polycam-Floor_1-Objects-Fixtures
 62
45
420
11711154
100
AcDbPolyline
 90
2
 70
0
 43
0.000000
 10
-1.459752
 20
5.366933
 10
-1.438540
 20
5.366933
  0
LWPOLYLINE
  5
84d
330
1F
100
AcDbEntity
  8
Polycam-Floor_1-Objects-Fixtures
 62
45
420
11711154
100
AcDbPolyline
 90
2
 70
0
 43
0.000000
 10
-1.438540
 20
5.366933
 10
-1.438540
 20
5.352998
  0
LWPOLYLINE
  5
84e
330
1F
100
AcDbEntity
  8
Polycam-Floor_1-Objects-Fixtures
 62
45
420
11711154
100
AcDbPolyline
 90
2
 70
0
 43
0.000000
 10
-1.459764
 20
5.353172
 10
-1.459752
 20
5.353172
  0
LWPOLYLINE
  5
84f
330
1F
100
AcDbEntity
  8
Polycam-Floor_1-Objects-Fixtures
 62
45
420
11711154
100
AcDbPolyline
 90
2
 70
0
 43
0.000000
 10
-1.459752
 20
5.353172
 10
-1.459752
 20
5.353172
  0
LWPOLYLINE
  5
850
330
1F
100
AcDbEntity
  8
Polycam-Floor_1-Objects-Fixtures
 62
45
420
11711154
100
AcDbPolyline
 90
2
 70
0
 43
0.000000
 10
-1.700275
 20
5.341579
 10
-1.700275
 20
5.341579
  0
LWPOLYLINE
  5
851
330
1F
100
AcDbEntity
  8
Polycam-Floor_1-Objects-Fixtures
 62
45
420
11711154
100
AcDbPolyline
 90
2
 70
0
 43
0.000000
 10
-1.686616
 20
5.353172
 10
-1.686616
 20
5.366933
  0
LWPOLYLINE
  5
852
330
1F
100
AcDbEntity
  8
Polycam-Floor_1-Objects-Fixtures
 62
45
420
11711154
100
AcDbPolyline
 90
2
 70
0
 43
0.000000
 10
-1.686616
 20
5.366933
 10
-1.663907
 20
5.366933
  0
LWPOLYLINE
  5
853
330
1F
100
AcDbEntity
  8
Polycam-Floor_1-Objects-Fixtures
 62
45
420
11711154
100
AcDbPolyline
 90
2
 70
0
 43
0.000000
 10
-1.663907
 20
5.366933
 10
-1.663907
 20
5.352998
  0
LWPOLYLINE
  5
854
330
1F
100
AcDbEntity
  8
Polycam-Floor_1-Objects-Fixtures
 62
45
420
11711154
100
AcDbPolyline
 90
2
 70
0
 43
0.000000
 10
-1.686616
 20
5.353172
 10
-1.686616
 20
5.353172
  0
LWPOLYLINE
  5
855
330
1F
100
AcDbEntity
  8
Polycam-Floor_1-Objects-Fixtures
 62
45
420
11711154
100
AcDbPolyline
 90
2
 70
0
 43
0.000000
 10
-1.860079
 20
5.341579
 10
-1.860079
 20
5.341579
  0
LWPOLYLINE
  5
856
330
1F
100
AcDbEntity
  8
Polycam-Floor_1-Objects-Fixtures
 62
45
420
11711154
100
AcDbPolyline
 90
2
 70
0
 43
0.000000
 10
-1.846420
 20
5.353172
 10
-1.846420
 20
5.366933
  0
LWPOLYLINE
  5
857
330
1F
100
AcDbEntity
  8
Polycam-Floor_1-Objects-Fixtures
 62
45
420
11711154
100
AcDbPolyline
 90
2
 70
0
 43
0.000000
 10
-1.846420
 20
5.366933
 10
-1.823711
 20
5.366933
  0
LWPOLYLINE
  5
858
330
1F
100
AcDbEntity
  8
Polycam-Floor_1-Objects-Fixtures
 62
45
420
11711154
100
AcDbPolyline
 90
2
 70
0
 43
0.000000
 10
-1.823711
 20
5.366933
 10
-1.823711
 20
5.352998
  0
LWPOLYLINE
  5
859
330
1F
100
AcDbEntity
  8
Polycam-Floor_1-Objects-Fixtures
 62
45
420
11711154
100
AcDbPolyline
 90
2
 70
0
 43
0.000000
 10
-1.846420
 20
5.353172
 10
-1.846420
 20
5.353172
  0
LWPOLYLINE
  5
85a
330
1F
100
AcDbEntity
  8
Polycam-Floor_1-Objects-Fixtures
 62
45
420
11711154
100
AcDbPolyline
 90
20
 70
0
 43
0.000000
 10
-1.472508
 20
5.341579
 10
-1.472465
 20
5.342372
 10
-1.472339
 20
5.343153
 10
-1.472131
 20
5.343920
 10
-1.471844
 20
5.344672
 10
-1.471481
 20
5.345408
 10
-1.471044
 20
5.346125
 10
-1.470535
 20
5.346823
 10
-1.469957
 20
5.347501
 10
-1.469313
 20
5.348155
 10
-1.468605
 20
5.348786
 10
-1.467835
 20
5.349392
 10
-1.467005
 20
5.349971
 10
-1.466119
 20
5.350522
 10
-1.465179
 20
5.351044
 10
-1.464187
 20
5.351534
 10
-1.463146
 20
5.351992
 10
-1.462058
 20
5.352417
 10
-1.460926
 20
5.352805
 10
-1.459752
 20
5.353157
  0
LWPOLYLINE
  5
85b
330
1F
100
AcDbEntity
  8
Polycam-Floor_1-Objects-Fixtures
 62
45
420
11711154
100
AcDbPolyline
 90
20
 70
0
 43
0.000000
 10
-1.459752
 20
5.353157
 10
-1.459259
 20
5.353281
 10
-1.458760
 20
5.353375
 10
-1.458254
 20
5.353442
 10
-1.457743
 20
5.353485
 10
-1.457225
 20
5.353506
 10
-1.456702
 20
5.353508
 10
-1.456172
 20
5.353493
 10
-1.455638
 20
5.353464
 10
-1.455097
 20
5.353425
 10
-1.454552
 20
5.353376
 10
-1.454002
 20
5.353322
 10
-1.453447
 20
5.353264
 10
-1.452888
 20
5.353206
 10
-1.452324
 20
5.353149
 10
-1.451756
 20
5.353097
 10
-1.451183
 20
5.353051
 10
-1.450607
 20
5.353016
 10
-1.450027
 20
5.352993
 10
-1.449444
 20
5.352984
  0
LWPOLYLINE
  5
85c
330
1F
100
AcDbEntity
  8
Polycam-Floor_1-Objects-Fixtures
 62
45
420
11711154
100
AcDbPolyline
 90
20
 70
0
 43
0.000000
 10
-1.449444
 20
5.352984
 10
-1.448822
 20
5.352992
 10
-1.448205
 20
5.353013
 10
-1.447592
 20
5.353046
 10
-1.446983
 20
5.353087
 10
-1.446379
 20
5.353135
 10
-1.445779
 20
5.353185
 10
-1.445185
 20
5.353237
 10
-1.444596
 20
5.353287
 10
-1.444013
 20
5.353332
 10
-1.443435
 20
5.353371
 10
-1.442863
 20
5.353400
 10
-1.442297
 20
5.353418
 10
-1.441738
 20
5.353420
 10
-1.441185
 20
5.353406
 10
-1.440639
 20
5.353371
 10
-1.440100
 20
5.353314
 10
-1.439568
 20
5.353233
 10
-1.439044
 20
5.353123
 10
-1.438527
 20
5.352984
  0
LWPOLYLINE
  5
85d
330
1F
100
AcDbEntity
  8
Polycam-Floor_1-Objects-Fixtures
 62
45
420
11711154
100
AcDbPolyline
 90
20
 70
0
 43
0.000000
 10
-1.438527
 20
5.352984
 10
-1.437404
 20
5.352622
 10
-1.436322
 20
5.352226
 10
-1.435283
 20
5.351798
 10
-1.434290
 20
5.351339
 10
-1.433344
 20
5.350849
 10
-1.432449
 20
5.350331
 10
-1.431605
 20
5.349786
 10
-1.430816
 20
5.349215
 10
-1.430084
 20
5.348618
 10
-1.429410
 20
5.347999
 10
-1.428798
 20
5.347357
 10
-1.428250
 20
5.346694
 10
-1.427767
 20
5.346012
 10
-1.427352
 20
5.345311
 10
-1.427008
 20
5.344594
 10
-1.426736
 20
5.343860
 10
-1.426539
 20
5.343113
 10
-1.426419
 20
5.342352
 10
-1.426379
 20
5.341579
  0
LWPOLYLINE
  5
85e
330
1F
100
AcDbEntity
  8
Polycam-Floor_1-Objects-Fixtures
 62
45
420
11711154
100
AcDbPolyline
 90
20
 70
0
 43
0.000000
 10
-1.426379
 20
5.341579
 10
-1.426463
 20
5.340461
 10
-1.426713
 20
5.339369
 10
-1.427120
 20
5.338308
 10
-1.427679
 20
5.337282
 10
-1.428381
 20
5.336293
 10
-1.429220
 20
5.335346
 10
-1.430190
 20
5.334445
 10
-1.431282
 20
5.333594
 10
-1.432491
 20
5.332797
 10
-1.433809
 20
5.332057
 10
-1.435230
 20
5.331379
 10
-1.436745
 20
5.330765
 10
-1.438350
 20
5.330221
 10
-1.440035
 20
5.329750
 10
-1.441796
 20
5.329356
 10
-1.443624
 20
5.329043
 10
-1.445512
 20
5.328814
 10
-1.447455
 20
5.328674
 10
-1.449444
 20
5.328627
  0
LWPOLYLINE
  5
85f
330
1F
100
AcDbEntity
  8
Polycam-Floor_1-Objects-Fixtures
 62
45
420
11711154
100
AcDbPolyline
 90
20
 70
0
 43
0.000000
 10
-1.449444
 20
5.328627
 10
-1.451433
 20
5.328675
 10
-1.453376
 20
5.328815
 10
-1.455264
 20
5.329044
 10
-1.457092
 20
5.329358
 10
-1.458852
 20
5.329753
 10
-1.460538
 20
5.330224
 10
-1.462142
 20
5.330769
 10
-1.463658
 20
5.331383
 10
-1.465078
 20
5.332062
 10
-1.466396
 20
5.332803
 10
-1.467605
 20
5.333601
 10
-1.468698
 20
5.334452
 10
-1.469667
 20
5.335353
 10
-1.470506
 20
5.336299
 10
-1.471208
 20
5.337287
 10
-1.471767
 20
5.338313
 10
-1.472174
 20
5.339373
 10
-1.472423
 20
5.340463
 10
-1.472508
 20
5.341579
  0
LWPOLYLINE
  5
860
330
1F
100
AcDbEntity
  8
Polycam-Floor_1-Objects-Fixtures
 62
45
420
11711154
100
AcDbPolyline
 90
20
 70
0
 43
0.000000
 10
-1.438540
 20
5.352998
 10
-1.439057
 20
5.353138
 10
-1.439582
 20
5.353247
 10
-1.440114
 20
5.353329
 10
-1.440653
 20
5.353385
 10
-1.441199
 20
5.353420
 10
-1.441751
 20
5.353434
 10
-1.442311
 20
5.353432
 10
-1.442876
 20
5.353415
 10
-1.443448
 20
5.353385
 10
-1.444026
 20
5.353347
 10
-1.444609
 20
5.353301
 10
-1.445198
 20
5.353251
 10
-1.445792
 20
5.353200
 10
-1.446392
 20
5.353149
 10
-1.446996
 20
5.353102
 10
-1.447604
 20
5.353060
 10
-1.448218
 20
5.353028
 10
-1.448835
 20
5.353006
 10
-1.449456
 20
5.352998
  0
LWPOLYLINE
  5
861
330
1F
100
AcDbEntity
  8
Polycam-Floor_1-Objects-Fixtures
 62
45
420
11711154
100
AcDbPolyline
 90
20
 70
0
 43
0.000000
 10
-1.449456
 20
5.352998
 10
-1.450040
 20
5.353007
 10
-1.450619
 20
5.353030
 10
-1.451195
 20
5.353066
 10
-1.451767
 20
5.353111
 10
-1.452335
 20
5.353163
 10
-1.452898
 20
5.353220
 10
-1.453457
 20
5.353278
 10
-1.454011
 20
5.353336
 10
-1.454561
 20
5.353391
 10
-1.455105
 20
5.353439
 10
-1.455645
 20
5.353479
 10
-1.456179
 20
5.353507
 10
-1.456709
 20
5.353522
 10
-1.457232
 20
5.353520
 10
-1.457750
 20
5.353499
 10
-1.458263
 20
5.353456
 10
-1.458769
 20
5.353389
 10
-1.459270
 20
5.353295
 10
-1.459764
 20
5.353172
  0
LWPOLYLINE
  5
862
330
1F
100
AcDbEntity
  8
Polycam-Floor_1-Objects-Fixtures
 62
45
420
11711154
100
AcDbPolyline
 90
20
 70
0
 43
0.000000
 10
-1.700275
 20
5.341579
 10
-1.700229
 20
5.342372
 10
-1.700094
 20
5.343153
 10
-1.699871
 20
5.343920
 10
-1.699564
 20
5.344672
 10
-1.699175
 20
5.345408
 10
-1.698707
 20
5.346125
 10
-1.698162
 20
5.346823
 10
-1.697543
 20
5.347501
 10
-1.696854
 20
5.348155
 10
-1.696095
 20
5.348786
 10
-1.695271
 20
5.349392
 10
-1.694383
 20
5.349971
 10
-1.693434
 20
5.350522
 10
-1.692428
 20
5.351044
 10
-1.691365
 20
5.351534
 10
-1.690251
 20
5.351992
 10
-1.689086
 20
5.352417
 10
-1.687873
 20
5.352805
 10
-1.686616
 20
5.353157
  0
LWPOLYLINE
  5
863
330
1F
100
AcDbEntity
  8
Polycam-Floor_1-Objects-Fixtures
 62
45
420
11711154
100
AcDbPolyline
 90
20
 70
0
 43
0.000000
 10
-1.686616
 20
5.353157
 10
-1.686089
 20
5.353281
 10
-1.685556
 20
5.353375
 10
-1.685015
 20
5.353442
 10
-1.684468
 20
5.353485
 10
-1.683914
 20
5.353506
 10
-1.683355
 20
5.353508
 10
-1.682789
 20
5.353493
 10
-1.682217
 20
5.353464
 10
-1.681639
 20
5.353425
 10
-1.681056
 20
5.353376
 10
-1.680467
 20
5.353322
 10
-1.679874
 20
5.353264
 10
-1.679275
 20
5.353206
 10
-1.678671
 20
5.353149
 10
-1.678063
 20
5.353097
 10
-1.677450
 20
5.353051
 10
-1.676832
 20
5.353016
 10
-1.676211
 20
5.352993
 10
-1.675585
 20
5.352984
  0
LWPOLYLINE
  5
864
330
1F
100
AcDbEntity
  8
Polycam-Floor_1-Objects-Fixtures
 62
45
420
11711154
100
AcDbPolyline
 90
20
 70
0
 43
0.000000
 10
-1.675585
 20
5.352984
 10
-1.674920
 20
5.352992
 10
-1.674259
 20
5.353013
 10
-1.673603
 20
5.353046
 10
-1.672952
 20
5.353087
 10
-1.672306
 20
5.353135
 10
-1.671665
 20
5.353185
 10
-1.671029
 20
5.353237
 10
-1.670399
 20
5.353287
 10
-1.669775
 20
5.353332
 10
-1.669157
 20
5.353371
 10
-1.668546
 20
5.353400
 10
-1.667941
 20
5.353418
 10
-1.667343
 20
5.353420
 10
-1.666752
 20
5.353406
 10
-1.666167
 20
5.353371
 10
-1.665591
 20
5.353314
 10
-1.665022
 20
5.353233
 10
-1.664460
 20
5.353123
 10
-1.663907
 20
5.352984
  0
LWPOLYLINE
  5
865
330
1F
100
AcDbEntity
  8
Polycam-Floor_1-Objects-Fixtures
 62
45
420
11711154
100
AcDbPolyline
 90
20
 70
0
 43
0.000000
 10
-1.663907
 20
5.352984
 10
-1.662706
 20
5.352622
 10
-1.661548
 20
5.352226
 10
-1.660436
 20
5.351798
 10
-1.659372
 20
5.351339
 10
-1.658359
 20
5.350849
 10
-1.657400
 20
5.350331
 10
-1.656497
 20
5.349786
 10
-1.655651
 20
5.349215
 10
-1.654867
 20
5.348618
 10
-1.654145
 20
5.347999
 10
-1.653489
 20
5.347357
 10
-1.652902
 20
5.346694
 10
-1.652384
 20
5.346012
 10
-1.651940
 20
5.345311
 10
-1.651570
 20
5.344594
 10
-1.651279
 20
5.343860
 10
-1.651068
 20
5.343113
 10
-1.650939
 20
5.342352
 10
-1.650896
 20
5.341579
  0
LWPOLYLINE
  5
866
330
1F
100
AcDbEntity
  8
Polycam-Floor_1-Objects-Fixtures
 62
45
420
11711154
100
AcDbPolyline
 90
20
 70
0
 43
0.000000
 10
-1.650896
 20
5.341579
 10
-1.650987
 20
5.340461
 10
-1.651254
 20
5.339369
 10
-1.651690
 20
5.338308
 10
-1.652287
 20
5.337282
 10
-1.653039
 20
5.336293
 10
-1.653937
 20
5.335346
 10
-1.654974
 20
5.334445
 10
-1.656143
 20
5.333594
 10
-1.657437
 20
5.332797
 10
-1.658848
 20
5.332057
 10
-1.660368
 20
5.331379
 10
-1.661991
 20
5.330765
 10
-1.663708
 20
5.330221
 10
-1.665512
 20
5.329750
 10
-1.667397
 20
5.329356
 10
-1.669354
 20
5.329043
 10
-1.671376
 20
5.328814
 10
-1.673456
 20
5.328674
 10
-1.675585
 20
5.328627
  0
LWPOLYLINE
  5
867
330
1F
100
AcDbEntity
  8
Polycam-Floor_1-Objects-Fixtures
 62
45
420
11711154
100
AcDbPolyline
 90
20
 70
0
 43
0.000000
 10
-1.675585
 20
5.328627
 10
-1.677715
 20
5.328675
 10
-1.679795
 20
5.328815
 10
-1.681817
 20
5.329044
 10
-1.683774
 20
5.329358
 10
-1.685659
 20
5.329753
 10
-1.687463
 20
5.330224
 10
-1.689180
 20
5.330769
 10
-1.690803
 20
5.331383
 10
-1.692323
 20
5.332062
 10
-1.693734
 20
5.332803
 10
-1.695028
 20
5.333601
 10
-1.696197
 20
5.334452
 10
-1.697234
 20
5.335353
 10
-1.698132
 20
5.336299
 10
-1.698884
 20
5.337287
 10
-1.699481
 20
5.338313
 10
-1.699917
 20
5.339373
 10
-1.700184
 20
5.340463
 10
-1.700275
 20
5.341579
  0
LWPOLYLINE
  5
868
330
1F
100
AcDbEntity
  8
Polycam-Floor_1-Objects-Fixtures
 62
45
420
11711154
100
AcDbPolyline
 90
20
 70
0
 43
0.000000
 10
-1.663907
 20
5.352998
 10
-1.664461
 20
5.353138
 10
-1.665022
 20
5.353247
 10
-1.665592
 20
5.353329
 10
-1.666169
 20
5.353385
 10
-1.666753
 20
5.353420
 10
-1.667345
 20
5.353434
 10
-1.667944
 20
5.353432
 10
-1.668550
 20
5.353415
 10
-1.669162
 20
5.353385
 10
-1.669780
 20
5.353347
 10
-1.670404
 20
5.353301
 10
-1.671034
 20
5.353251
 10
-1.671670
 20
5.353200
 10
-1.672311
 20
5.353149
 10
-1.672957
 20
5.353102
 10
-1.673607
 20
5.353060
 10
-1.674263
 20
5.353028
 10
-1.674922
 20
5.353006
 10
-1.675585
 20
5.352998
  0
LWPOLYLINE
  5
869
330
1F
100
AcDbEntity
  8
Polycam-Floor_1-Objects-Fixtures
 62
45
420
11711154
100
AcDbPolyline
 90
20
 70
0
 43
0.000000
 10
-1.675585
 20
5.352998
 10
-1.676209
 20
5.353007
 10
-1.676829
 20
5.353030
 10
-1.677444
 20
5.353066
 10
-1.678056
 20
5.353111
 10
-1.678663
 20
5.353163
 10
-1.679266
 20
5.353220
 10
-1.679865
 20
5.353278
 10
-1.680458
 20
5.353336
 10
-1.681046
 20
5.353391
 10
-1.681630
 20
5.353439
 10
-1.682207
 20
5.353479
 10
-1.682780
 20
5.353507
 10
-1.683346
 20
5.353522
 10
-1.683907
 20
5.353520
 10
-1.684462
 20
5.353499
 10
-1.685010
 20
5.353456
 10
-1.685552
 20
5.353389
 10
-1.686087
 20
5.353295
 10
-1.686616
 20
5.353172
  0
LWPOLYLINE
  5
86a
330
1F
100
AcDbEntity
  8
Polycam-Floor_1-Objects-Fixtures
 62
45
420
11711154
100
AcDbPolyline
 90
20
 70
0
 43
0.000000
 10
-1.860079
 20
5.341579
 10
-1.860033
 20
5.342372
 10
-1.859898
 20
5.343153
 10
-1.859675
 20
5.343920
 10
-1.859368
 20
5.344672
 10
-1.858979
 20
5.345408
 10
-1.858511
 20
5.346125
 10
-1.857966
 20
5.346823
 10
-1.857347
 20
5.347501
 10
-1.856657
 20
5.348155
 10
-1.855899
 20
5.348786
 10
-1.855074
 20
5.349392
 10
-1.854187
 20
5.349971
 10
-1.853238
 20
5.350522
 10
-1.852231
 20
5.351044
 10
-1.851169
 20
5.351534
 10
-1.850055
 20
5.351992
 10
-1.848890
 20
5.352417
 10
-1.847677
 20
5.352805
 10
-1.846420
 20
5.353157
  0
LWPOLYLINE
  5
86b
330
1F
100
AcDbEntity
  8
Polycam-Floor_1-Objects-Fixtures
 62
45
420
11711154
100
AcDbPolyline
 90
20
 70
0
 43
0.000000
 10
-1.846420
 20
5.353157
 10
-1.845893
 20
5.353281
 10
-1.845359
 20
5.353375
 10
-1.844819
 20
5.353442
 10
-1.844272
 20
5.353485
 10
-1.843718
 20
5.353506
 10
-1.843158
 20
5.353508
 10
-1.842593
 20
5.353493
 10
-1.842021
 20
5.353464
 10
-1.841443
 20
5.353425
 10
-1.840860
 20
5.353376
 10
-1.840271
 20
5.353322
 10
-1.839678
 20
5.353264
 10
-1.839079
 20
5.353206
 10
-1.838475
 20
5.353149
 10
-1.837867
 20
5.353097
 10
-1.837254
 20
5.353051
 10
-1.836636
 20
5.353016
 10
-1.836015
 20
5.352993
 10
-1.835389
 20
5.352984
  0
LWPOLYLINE
  5
86c
330
1F
100
AcDbEntity
  8
Polycam-Floor_1-Objects-Fixtures
 62
45
420
11711154
100
AcDbPolyline
 90
20
 70
0
 43
0.000000
 10
-1.835389
 20
5.352984
 10
-1.834724
 20
5.352992
 10
-1.834063
 20
5.353013
 10
-1.833407
 20
5.353046
 10
-1.832756
 20
5.353087
 10
-1.832109
 20
5.353135
 10
-1.831468
 20
5.353185
 10
-1.830833
 20
5.353237
 10
-1.830203
 20
5.353287
 10
-1.829579
 20
5.353332
 10
-1.828961
 20
5.353371
 10
-1.828350
 20
5.353400
 10
-1.827745
 20
5.353418
 10
-1.827147
 20
5.353420
 10
-1.826555
 20
5.353406
 10
-1.825971
 20
5.353371
 10
-1.825395
 20
5.353314
 10
-1.824826
 20
5.353233
 10
-1.824264
 20
5.353123
 10
-1.823711
 20
5.352984
  0
LWPOLYLINE
  5
86d
330
1F
100
AcDbEntity
  8
Polycam-Floor_1-Objects-Fixtures
 62
45
420
11711154
100
AcDbPolyline
 90
20
 70
0
 43
0.000000
 10
-1.823711
 20
5.352984
 10
-1.822509
 20
5.352622
 10
-1.821351
 20
5.352226
 10
-1.820239
 20
5.351798
 10
-1.819175
 20
5.351339
 10
-1.818163
 20
5.350849
 10
-1.817203
 20
5.350331
 10
-1.816300
 20
5.349786
 10
-1.815455
 20
5.349215
 10
-1.814670
 20
5.348618
 10
-1.813949
 20
5.347999
 10
-1.813293
 20
5.347357
 10
-1.812705
 20
5.346694
 10
-1.812188
 20
5.346012
 10
-1.811743
 20
5.345311
 10
-1.811374
 20
5.344594
 10
-1.811083
 20
5.343860
 10
-1.810872
 20
5.343113
 10
-1.810743
 20
5.342352
 10
-1.810700
 20
5.341579
  0
LWPOLYLINE
  5
86e
330
1F
100
AcDbEntity
  8
Polycam-Floor_1-Objects-Fixtures
 62
45
420
11711154
100
AcDbPolyline
 90
20
 70
0
 43
0.000000
 10
-1.810700
 20
5.341579
 10
-1.810791
 20
5.340461
 10
-1.811058
 20
5.339369
 10
-1.811493
 20
5.338308
 10
-1.812091
 20
5.337282
 10
-1.812842
 20
5.336293
 10
-1.813741
 20
5.335346
 10
-1.814778
 20
5.334445
 10
-1.815947
 20
5.333594
 10
-1.817241
 20
5.332797
 10
-1.818652
 20
5.332057
 10
-1.820172
 20
5.331379
 10
-1.821794
 20
5.330765
 10
-1.823512
 20
5.330221
 10
-1.825316
 20
5.329750
 10
-1.827201
 20
5.329356
 10
-1.829158
 20
5.329043
 10
-1.831180
 20
5.328814
 10
-1.833259
 20
5.328674
 10
-1.835389
 20
5.328627
  0
LWPOLYLINE
  5
86f
330
1F
100
AcDbEntity
  8
Polycam-Floor_1-Objects-Fixtures
 62
45
420
11711154
100
AcDbPolyline
 90
20
 70
0
 43
0.000000
 10
-1.835389
 20
5.328627
 10
-1.837519
 20
5.328675
 10
-1.839599
 20
5.328815
 10
-1.841621
 20
5.329044
 10
-1.843578
 20
5.329358
 10
-1.845462
 20
5.329753
 10
-1.847267
 20
5.330224
 10
-1.848984
 20
5.330769
 10
-1.850607
 20
5.331383
 10
-1.852127
 20
5.332062
 10
-1.853538
 20
5.332803
 10
-1.854831
 20
5.333601
 10
-1.856001
 20
5.334452
 10
-1.857038
 20
5.335353
 10
-1.857936
 20
5.336299
 10
-1.858688
 20
5.337287
 10
-1.859285
 20
5.338313
 10
-1.859721
 20
5.339373
 10
-1.859988
 20
5.340463
 10
-1.860079
 20
5.341579
  0
LWPOLYLINE
  5
870
330
1F
100
AcDbEntity
  8
Polycam-Floor_1-Objects-Fixtures
 62
45
420
11711154
100
AcDbPolyline
 90
20
 70
0
 43
0.000000
 10
-1.823711
 20
5.352998
 10
-1.824264
 20
5.353138
 10
-1.824826
 20
5.353247
 10
-1.825395
 20
5.353329
 10
-1.825973
 20
5.353385
 10
-1.826557
 20
5.353420
 10
-1.827149
 20
5.353434
 10
-1.827748
 20
5.353432
 10
-1.828354
 20
5.353415
 10
-1.828966
 20
5.353385
 10
-1.829584
 20
5.353347
 10
-1.830208
 20
5.353301
 10
-1.830838
 20
5.353251
 10
-1.831474
 20
5.353200
 10
-1.832115
 20
5.353149
 10
-1.832761
 20
5.353102
 10
-1.833411
 20
5.353060
 10
-1.834066
 20
5.353028
 10
-1.834726
 20
5.353006
 10
-1.835389
 20
5.352998
  0
LWPOLYLINE
  5
871
330
1F
100
AcDbEntity
  8
Polycam-Floor_1-Objects-Fixtures
 62
45
420
11711154
100
AcDbPolyline
 90
20
 70
0
 43
0.000000
 10
-1.835389
 20
5.352998
 10
-1.836013
 20
5.353007
 10
-1.836633
 20
5.353030
 10
-1.837248
 20
5.353066
 10
-1.837860
 20
5.353111
 10
-1.838467
 20
5.353163
 10
-1.839070
 20
5.353220
 10
-1.839668
 20
5.353278
 10
-1.840262
 20
5.353336
 10
-1.840850
 20
5.353391
 10
-1.841433
 20
5.353439
 10
-1.842011
 20
5.353479
 10
-1.842584
 20
5.353507
 10
-1.843150
 20
5.353522
 10
-1.843711
 20
5.353520
 10
-1.844266
 20
5.353499
 10
-1.844814
 20
5.353456
 10
-1.845356
 20
5.353389
 10
-1.845891
 20
5.353295
 10
-1.846420
 20
5.353172
  0
LWPOLYLINE
  5
872
330
1F
100
AcDbEntity
  8
Polycam-Floor_1-Objects-Furniture
 62
45
420
11711154
100
AcDbPolyline
 90
2
 70
0
 43
0.000000
 10
-0.947715
 20
-6.497055
 10
-0.947715
 20
-8.060660
  0
LWPOLYLINE
  5
873
330
1F
100
AcDbEntity
  8
Polycam-Floor_1-Objects-Furniture
 62
45
420
11711154
100
AcDbPolyline
 90
2
 70
0
 43
0.000000
 10
-0.931620
 20
-8.080444
 10
-0.050375
 20
-8.080444
  0
LWPOLYLINE
  5
874
330
1F
100
AcDbEntity
  8
Polycam-Floor_1-Objects-Furniture
 62
45
420
11711154
100
AcDbPolyline
 90
2
 70
0
 43
0.000000
 10
-0.034280
 20
-8.060660
 10
-0.034280
 20
-6.497055
  0
LWPOLYLINE
  5
875
330
1F
100
AcDbEntity
  8
Polycam-Floor_1-Objects-Furniture
 62
45
420
11711154
100
AcDbPolyline
 90
2
 70
0
 43
0.000000
 10
-0.050375
 20
-6.477271
 10
-0.931620
 20
-6.477271
  0
LWPOLYLINE
  5
876
330
1F
100
AcDbEntity
  8
Polycam-Floor_1-Objects-Furniture
 62
45
420
11711154
100
AcDbPolyline
 90
2
 70
0
 43
0.000000
 10
-0.947715
 20
-6.497055
 10
-0.947715
 20
-6.497055
  0
LWPOLYLINE
  5
877
330
1F
100
AcDbEntity
  8
Polycam-Floor_1-Objects-Furniture
 62
45
420
11711154
100
AcDbPolyline
 90
20
 70
0
 43
0.000000
 10
-0.947715
 20
-8.060660
 10
-0.947656
 20
-8.062367
 10
-0.947482
 20
-8.064034
 10
-0.947198
 20
-8.065654
 10
-0.946809
 20
-8.067222
 10
-0.946319
 20
-8.068732
 10
-0.945733
 20
-8.070178
 10
-0.945057
 20
-8.071554
 10
-0.944295
 20
-8.072854
 10
-0.943452
 20
-8.074073
 10
-0.942532
 20
-8.075203
 10
-0.941541
 20
-8.076239
 10
-0.940483
 20
-8.077176
 10
-0.939364
 20
-8.078008
 10
-0.938187
 20
-8.078727
 10
-0.936959
 20
-8.079329
 10
-0.935683
 20
-8.079808
 10
-0.934365
 20
-8.080157
 10
-0.933009
 20
-8.080371
 10
-0.931620
 20
-8.080444
  0
LWPOLYLINE
  5
878
330
1F
100
AcDbEntity
  8
Polycam-Floor_1-Objects-Furniture
 62
45
420
11711154
100
AcDbPolyline
 90
20
 70
0
 43
0.000000
 10
-0.050375
 20
-8.080444
 10
-0.048986
 20
-8.080371
 10
-0.047630
 20
-8.080157
 10
-0.046312
 20
-8.079808
 10
-0.045036
 20
-8.079329
 10
-0.043808
 20
-8.078727
 10
-0.042632
 20
-8.078008
 10
-0.041512
 20
-8.077176
 10
-0.040454
 20
-8.076239
 10
-0.039463
 20
-8.075203
 10
-0.038544
 20
-8.074073
 10
-0.037700
 20
-8.072854
 10
-0.036938
 20
-8.071554
 10
-0.036262
 20
-8.070178
 10
-0.035676
 20
-8.068732
 10
-0.035187
 20
-8.067222
 10
-0.034797
 20
-8.065654
 10
-0.034513
 20
-8.064034
 10
-0.034339
 20
-8.062367
 10
-0.034280
 20
-8.060660
  0
LWPOLYLINE
  5
879
330
1F
100
AcDbEntity
  8
Polycam-Floor_1-Objects-Furniture
 62
45
420
11711154
100
AcDbPolyline
 90
20
 70
0
 43
0.000000
 10
-0.034280
 20
-6.497055
 10
-0.034339
 20
-6.495348
 10
-0.034513
 20
-6.493681
 10
-0.034797
 20
-6.492061
 10
-0.035187
 20
-6.490493
 10
-0.035676
 20
-6.488983
 10
-0.036262
 20
-6.487537
 10
-0.036938
 20
-6.486161
 10
-0.037700
 20
-6.484861
 10
-0.038544
 20
-6.483642
 10
-0.039463
 20
-6.482512
 10
-0.040454
 20
-6.481475
 10
-0.041512
 20
-6.480539
 10
-0.042632
 20
-6.479707
 10
-0.043808
 20
-6.478988
 10
-0.045036
 20
-6.478386
 10
-0.046312
 20
-6.477907
 10
-0.047630
 20
-6.477558
 10
-0.048986
 20
-6.477344
 10
-0.050375
 20
-6.477271
  0
LWPOLYLINE
  5
87a
330
1F
100
AcDbEntity
  8
Polycam-Floor_1-Objects-Furniture
 62
45
420
11711154
100
AcDbPolyline
 90
20
 70
0
 43
0.000000
 10
-0.931620
 20
-6.477271
 10
-0.933009
 20
-6.477344
 10
-0.934365
 20
-6.477558
 10
-0.935683
 20
-6.477907
 10
-0.936959
 20
-6.478386
 10
-0.938187
 20
-6.478988
 10
-0.939364
 20
-6.479707
 10
-0.940483
 20
-6.480539
 10
-0.941541
 20
-6.481475
 10
-0.942532
 20
-6.482512
 10
-0.943452
 20
-6.483642
 10
-0.944295
 20
-6.484861
 10
-0.945057
 20
-6.486161
 10
-0.945733
 20
-6.487537
 10
-0.946319
 20
-6.488983
 10
-0.946809
 20
-6.490493
 10
-0.947198
 20
-6.492061
 10
-0.947482
 20
-6.493681
 10
-0.947656
 20
-6.495348
 10
-0.947715
 20
-6.497055
  0
LWPOLYLINE
  5
87b
330
1F
100
AcDbEntity
  8
Polycam-Floor_1-Objects-Furniture
 62
45
420
11711154
100
AcDbPolyline
 90
2
 70
0
 43
0.000000
 10
2.117753
 20
-2.418955
 10
1.277605
 20
-2.418955
  0
LWPOLYLINE
  5
87c
330
1F
100
AcDbEntity
  8
Polycam-Floor_1-Objects-Furniture
 62
45
420
11711154
100
AcDbPolyline
 90
2
 70
0
 43
0.000000
 10
1.266975
 20
-2.433747
 10
1.266975
 20
-3.243676
  0
LWPOLYLINE
  5
87d
330
1F
100
AcDbEntity
  8
Polycam-Floor_1-Objects-Furniture
 62
45
420
11711154
100
AcDbPolyline
 90
2
 70
0
 43
0.000000
 10
1.277605
 20
-3.258468
 10
2.117753
 20
-3.258468
  0
LWPOLYLINE
  5
87e
330
1F
100
AcDbEntity
  8
Polycam-Floor_1-Objects-Furniture
 62
45
420
11711154
100
AcDbPolyline
 90
2
 70
0
 43
0.000000
 10
2.128383
 20
-3.243676
 10
2.128383
 20
-2.433747
  0
LWPOLYLINE
  5
87f
330
1F
100
AcDbEntity
  8
Polycam-Floor_1-Objects-Furniture
 62
45
420
11711154
100
AcDbPolyline
 90
2
 70
0
 43
0.000000
 10
2.117753
 20
-2.418955
 10
2.117753
 20
-2.418955
  0
LWPOLYLINE
  5
880
330
1F
100
AcDbEntity
  8
Polycam-Floor_1-Objects-Furniture
 62
45
420
11711154
100
AcDbPolyline
 90
20
 70
0
 43
0.000000
 10
1.277605
 20
-2.418955
 10
1.276688
 20
-2.419009
 10
1.275793
 20
-2.419169
 10
1.274922
 20
-2.419430
 10
1.274079
 20
-2.419788
 10
1.273268
 20
-2.420238
 10
1.272491
 20
-2.420776
 10
1.271752
 20
-2.421398
 10
1.271053
 20
-2.422098
 10
1.270399
 20
-2.422873
 10
1.269791
 20
-2.423718
 10
1.269234
 20
-2.424629
 10
1.268731
 20
-2.425601
 10
1.268284
 20
-2.426630
 10
1.267898
 20
-2.427711
 10
1.267574
 20
-2.428840
 10
1.267317
 20
-2.430013
 10
1.267129
 20
-2.431225
 10
1.267014
 20
-2.432471
 10
1.266975
 20
-2.433747
  0
LWPOLYLINE
  5
881
330
1F
100
AcDbEntity
  8
Polycam-Floor_1-Objects-Furniture
 62
45
420
11711154
100
AcDbPolyline
 90
20
 70
0
 43
0.000000
 10
1.266975
 20
-3.243676
 10
1.267014
 20
-3.244952
 10
1.267129
 20
-3.246198
 10
1.267317
 20
-3.247410
 10
1.267574
 20
-3.248582
 10
1.267898
 20
-3.249711
 10
1.268284
 20
-3.250792
 10
1.268731
 20
-3.251821
 10
1.269234
 20
-3.252793
 10
1.269791
 20
-3.253704
 10
1.270399
 20
-3.254549
 10
1.271053
 20
-3.255324
 10
1.271752
 20
-3.256025
 10
1.272491
 20
-3.256646
 10
1.273268
 20
-3.257185
 10
1.274079
 20
-3.257635
 10
1.274922
 20
-3.257993
 10
1.275793
 20
-3.258254
 10
1.276688
 20
-3.258414
 10
1.277605
 20
-3.258468
  0
LWPOLYLINE
  5
882
330
1F
100
AcDbEntity
  8
Polycam-Floor_1-Objects-Furniture
 62
45
420
11711154
100
AcDbPolyline
 90
20
 70
0
 43
0.000000
 10
2.117753
 20
-3.258468
 10
2.118670
 20
-3.258414
 10
2.119565
 20
-3.258254
 10
2.120436
 20
-3.257993
 10
2.121279
 20
-3.257635
 10
2.122090
 20
-3.257185
 10
2.122867
 20
-3.256646
 10
2.123606
 20
-3.256025
 10
2.124305
 20
-3.255324
 10
2.124959
 20
-3.254549
 10
2.125567
 20
-3.253704
 10
2.126124
 20
-3.252793
 10
2.126627
 20
-3.251821
 10
2.127074
 20
-3.250792
 10
2.127460
 20
-3.249711
 10
2.127784
 20
-3.248582
 10
2.128041
 20
-3.247410
 10
2.128229
 20
-3.246198
 10
2.128344
 20
-3.244952
 10
2.128383
 20
-3.243676
  0
LWPOLYLINE
  5
883
330
1F
100
AcDbEntity
  8
Polycam-Floor_1-Objects-Furniture
 62
45
420
11711154
100
AcDbPolyline
 90
20
 70
0
 43
0.000000
 10
2.128383
 20
-2.433747
 10
2.128344
 20
-2.432471
 10
2.128229
 20
-2.431225
 10
2.128041
 20
-2.430013
 10
2.127784
 20
-2.428840
 10
2.127460
 20
-2.427711
 10
2.127074
 20
-2.426630
 10
2.126627
 20
-2.425601
 10
2.126124
 20
-2.424629
 10
2.125567
 20
-2.423718
 10
2.124959
 20
-2.422873
 10
2.124305
 20
-2.422098
 10
2.123606
 20
-2.421398
 10
2.122867
 20
-2.420776
 10
2.122090
 20
-2.420238
 10
2.121279
 20
-2.419788
 10
2.120436
 20
-2.419430
 10
2.119565
 20
-2.419169
 10
2.118670
 20
-2.419009
 10
2.117753
 20
-2.418955
  0
LWPOLYLINE
  5
884
330
1F
100
AcDbEntity
  8
Polycam-Floor_1-Objects-Appliances
 62
45
420
11711154
100
AcDbPolyline
 90
2
 70
0
 43
0.000000
 10
1.207427
 20
-6.305871
 10
2.083268
 20
-6.305871
  0
LWPOLYLINE
  5
885
330
1F
100
AcDbEntity
  8
Polycam-Floor_1-Objects-Appliances
 62
45
420
11711154
100
AcDbPolyline
 90
2
 70
0
 43
0.000000
 10
2.108232
 20
-6.325019
 10
2.108232
 20
-7.157224
  0
LWPOLYLINE
  5
886
330
1F
100
AcDbEntity
  8
Polycam-Floor_1-Objects-Appliances
 62
45
420
11711154
100
AcDbPolyline
 90
2
 70
0
 43
0.000000
 10
2.108232
 20
-7.157224
 10
1.182451
 20
-7.157224
  0
LWPOLYLINE
  5
887
330
1F
100
AcDbEntity
  8
Polycam-Floor_1-Objects-Appliances
 62
45
420
11711154
100
AcDbPolyline
 90
2
 70
0
 43
0.000000
 10
1.182451
 20
-7.157224
 10
1.182451
 20
-6.325019
  0
LWPOLYLINE
  5
888
330
1F
100
AcDbEntity
  8
Polycam-Floor_1-Objects-Appliances
 62
45
420
11711154
100
AcDbPolyline
 90
2
 70
0
 43
0.000000
 10
1.207427
 20
-6.305871
 10
1.207427
 20
-6.305871
  0
LWPOLYLINE
  5
889
330
1F
100
AcDbEntity
  8
Polycam-Floor_1-Objects-Appliances
 62
45
420
11711154
100
AcDbPolyline
 90
2
 70
0
 43
0.000000
 10
2.044087
 20
-6.992804
 10
2.108232
 20
-6.992804
  0
LWPOLYLINE
  5
88a
330
1F
100
AcDbEntity
  8
Polycam-Floor_1-Objects-Appliances
 62
45
420
11711154
100
AcDbPolyline
 90
2
 70
0
 43
0.000000
 10
2.108232
 20
-6.992804
 10
2.108232
 20
-7.023040
  0
LWPOLYLINE
  5
88b
330
1F
100
AcDbEntity
  8
Polycam-Floor_1-Objects-Appliances
 62
45
420
11711154
100
AcDbPolyline
 90
2
 70
0
 43
0.000000
 10
2.108232
 20
-7.023040
 10
1.182460
 20
-7.023040
  0
LWPOLYLINE
  5
88c
330
1F
100
AcDbEntity
  8
Polycam-Floor_1-Objects-Appliances
 62
45
420
11711154
100
AcDbPolyline
 90
2
 70
0
 43
0.000000
 10
1.182460
 20
-7.023040
 10
1.182460
 20
-6.992804
  0
LWPOLYLINE
  5
88d
330
1F
100
AcDbEntity
  8
Polycam-Floor_1-Objects-Appliances
 62
45
420
11711154
100
AcDbPolyline
 90
2
 70
0
 43
0.000000
 10
1.182460
 20
-6.992804
 10
1.966835
 20
-6.992804
  0
LWPOLYLINE
  5
88e
330
1F
100
AcDbEntity
  8
Polycam-Floor_1-Objects-Appliances
 62
45
420
11711154
100
AcDbPolyline
 90
2
 70
0
 43
0.000000
 10
1.286988
 20
-6.305872
 10
2.003669
 20
-6.305872
  0
LWPOLYLINE
  5
88f
330
1F
100
AcDbEntity
  8
Polycam-Floor_1-Objects-Appliances
 62
45
420
11711154
100
AcDbPolyline
 90
2
 70
0
 43
0.000000
 10
2.003669
 20
-6.305872
 10
2.003669
 20
-6.283933
  0
LWPOLYLINE
  5
890
330
1F
100
AcDbEntity
  8
Polycam-Floor_1-Objects-Appliances
 62
45
420
11711154
100
AcDbPolyline
 90
2
 70
0
 43
0.000000
 10
2.003669
 20
-6.283933
 10
1.286988
 20
-6.283933
  0
LWPOLYLINE
  5
891
330
1F
100
AcDbEntity
  8
Polycam-Floor_1-Objects-Appliances
 62
45
420
11711154
100
AcDbPolyline
 90
2
 70
0
 43
0.000000
 10
1.286988
 20
-6.283933
 10
1.286988
 20
-6.305872
  0
LWPOLYLINE
  5
892
330
1F
100
AcDbEntity
  8
Polycam-Floor_1-Objects-Appliances
 62
45
420
11711154
100
AcDbPolyline
 90
2
 70
0
 43
0.000000
 10
1.286988
 20
-6.305872
 10
1.286988
 20
-6.305872
  0
LWPOLYLINE
  5
893
330
1F
100
AcDbEntity
  8
Polycam-Floor_1-Objects-Appliances
 62
45
420
11711154
100
AcDbPolyline
 90
2
 70
0
 43
0.000000
 10
2.005468
 20
-6.976479
 10
2.005468
 20
-6.976479
  0
LWPOLYLINE
  5
894
330
1F
100
AcDbEntity
  8
Polycam-Floor_1-Objects-Appliances
 62
45
420
11711154
100
AcDbPolyline
 90
2
 70
0
 43
0.000000
 10
2.044087
 20
-7.001881
 10
2.044087
 20
-6.982531
  0
LWPOLYLINE
  5
895
330
1F
100
AcDbEntity
  8
Polycam-Floor_1-Objects-Appliances
 62
45
420
11711154
100
AcDbPolyline
 90
2
 70
0
 43
0.000000
 10
1.966835
 20
-7.001881
 10
1.966835
 20
-6.982531
  0
LWPOLYLINE
  5
896
330
1F
100
AcDbEntity
  8
Polycam-Floor_1-Objects-Appliances
 62
45
420
11711154
100
AcDbPolyline
 90
20
 70
0
 43
0.000000
 10
2.083268
 20
-6.305871
 10
2.085423
 20
-6.305941
 10
2.087526
 20
-6.306148
 10
2.089572
 20
-6.306486
 10
2.091551
 20
-6.306949
 10
2.093456
 20
-6.307531
 10
2.095281
 20
-6.308228
 10
2.097017
 20
-6.309032
 10
2.098658
 20
-6.309939
 10
2.100195
 20
-6.310942
 10
2.101621
 20
-6.312036
 10
2.102929
 20
-6.313215
 10
2.104111
 20
-6.314473
 10
2.105159
 20
-6.315805
 10
2.106067
 20
-6.317204
 10
2.106826
 20
-6.318666
 10
2.107430
 20
-6.320184
 10
2.107871
 20
-6.321753
 10
2.108140
 20
-6.323367
 10
2.108232
 20
-6.325019
  0
LWPOLYLINE
  5
897
330
1F
100
AcDbEntity
  8
Polycam-Floor_1-Objects-Appliances
 62
45
420
11711154
100
AcDbPolyline
 90
20
 70
0
 43
0.000000
 10
1.182451
 20
-6.325019
 10
1.182544
 20
-6.323367
 10
1.182815
 20
-6.321753
 10
1.183257
 20
-6.320184
 10
1.183861
 20
-6.318666
 10
1.184622
 20
-6.317204
 10
1.185531
 20
-6.315805
 10
1.186580
 20
-6.314473
 10
1.187763
 20
-6.313215
 10
1.189071
 20
-6.312036
 10
1.190498
 20
-6.310942
 10
1.192035
 20
-6.309939
 10
1.193676
 20
-6.309032
 10
1.195413
 20
-6.308228
 10
1.197238
 20
-6.307531
 10
1.199144
 20
-6.306949
 10
1.201123
 20
-6.306486
 10
1.203169
 20
-6.306148
 10
1.205272
 20
-6.305941
 10
1.207427
 20
-6.305871
  0
LWPOLYLINE
  5
898
330
1F
100
AcDbEntity
  8
Polycam-Floor_1-Objects-Appliances
 62
45
420
11711154
100
AcDbPolyline
 90
20
 70
0
 43
0.000000
 10
2.005468
 20
-6.976479
 10
2.002134
 20
-6.976501
 10
1.998880
 20
-6.976567
 10
1.995715
 20
-6.976674
 10
1.992653
 20
-6.976820
 10
1.989704
 20
-6.977004
 10
1.986881
 20
-6.977224
 10
1.984194
 20
-6.977478
 10
1.981655
 20
-6.977765
 10
1.979276
 20
-6.978082
 10
1.977069
 20
-6.978428
 10
1.975045
 20
-6.978800
 10
1.973215
 20
-6.979198
 10
1.971592
 20
-6.979619
 10
1.970187
 20
-6.980061
 10
1.969011
 20
-6.980523
 10
1.968077
 20
-6.981002
 10
1.967395
 20
-6.981498
 10
1.966977
 20
-6.982007
 10
1.966835
 20
-6.982529
  0
LWPOLYLINE
  5
899
330
1F
100
AcDbEntity
  8
Polycam-Floor_1-Objects-Appliances
 62
45
420
11711154
100
AcDbPolyline
 90
20
 70
0
 43
0.000000
 10
1.966835
 20
-6.982529
 10
1.966977
 20
-6.983052
 10
1.967395
 20
-6.983561
 10
1.968077
 20
-6.984057
 10
1.969011
 20
-6.984537
 10
1.970187
 20
-6.984999
 10
1.971592
 20
-6.985441
 10
1.973215
 20
-6.985862
 10
1.975045
 20
-6.986259
 10
1.977069
 20
-6.986632
 10
1.979276
 20
-6.986978
 10
1.981655
 20
-6.987295
 10
1.984194
 20
-6.987581
 10
1.986881
 20
-6.987835
 10
1.989704
 20
-6.988056
 10
1.992653
 20
-6.988240
 10
1.995715
 20
-6.988386
 10
1.998880
 20
-6.988493
 10
2.002134
 20
-6.988558
 10
2.005468
 20
-6.988581
  0
LWPOLYLINE
  5
89a
330
1F
100
AcDbEntity
  8
Polycam-Floor_1-Objects-Appliances
 62
45
420
11711154
100
AcDbPolyline
 90
20
 70
0
 43
0.000000
 10
2.005468
 20
-6.988581
 10
2.008801
 20
-6.988558
 10
2.012056
 20
-6.988493
 10
2.015220
 20
-6.988386
 10
2.018282
 20
-6.988240
 10
2.021231
 20
-6.988056
 10
2.024054
 20
-6.987835
 10
2.026741
 20
-6.987581
 10
2.029280
 20
-6.987295
 10
2.031658
 20
-6.986978
 10
2.033866
 20
-6.986632
 10
2.035890
 20
-6.986259
 10
2.037719
 20
-6.985862
 10
2.039342
 20
-6.985441
 10
2.040747
 20
-6.984999
 10
2.041923
 20
-6.984537
 10
2.042858
 20
-6.984057
 10
2.043540
 20
-6.983561
 10
2.043957
 20
-6.983052
 10
2.044099
 20
-6.982529
  0
LWPOLYLINE
  5
89b
330
1F
100
AcDbEntity
  8
Polycam-Floor_1-Objects-Appliances
 62
45
420
11711154
100
AcDbPolyline
 90
20
 70
0
 43
0.000000
 10
2.044099
 20
-6.982529
 10
2.043957
 20
-6.982007
 10
2.043540
 20
-6.981498
 10
2.042858
 20
-6.981002
 10
2.041923
 20
-6.980523
 10
2.040747
 20
-6.980061
 10
2.039342
 20
-6.979619
 10
2.037719
 20
-6.979198
 10
2.035890
 20
-6.978800
 10
2.033866
 20
-6.978428
 10
2.031658
 20
-6.978082
 10
2.029280
 20
-6.977765
 10
2.026741
 20
-6.977478
 10
2.024054
 20
-6.977224
 10
2.021231
 20
-6.977004
 10
2.018282
 20
-6.976820
 10
2.015220
 20
-6.976674
 10
2.012056
 20
-6.976567
 10
2.008801
 20
-6.976501
 10
2.005468
 20
-6.976479
  0
LWPOLYLINE
  5
89c
330
1F
100
AcDbEntity
  8
Polycam-Floor_1-Objects-Appliances
 62
45
420
11711154
100
AcDbPolyline
 90
20
 70
0
 43
0.000000
 10
2.044087
 20
-7.001881
 10
2.043945
 20
-7.002404
 10
2.043527
 20
-7.002913
 10
2.042845
 20
-7.003409
 10
2.041910
 20
-7.003889
 10
2.040734
 20
-7.004351
 10
2.039329
 20
-7.004793
 10
2.037706
 20
-7.005214
 10
2.035876
 20
-7.005611
 10
2.033852
 20
-7.005984
 10
2.031644
 20
-7.006330
 10
2.029265
 20
-7.006647
 10
2.026727
 20
-7.006933
 10
2.024040
 20
-7.007187
 10
2.021216
 20
-7.007408
 10
2.018268
 20
-7.007592
 10
2.015206
 20
-7.007738
 10
2.012042
 20
-7.007845
 10
2.008788
 20
-7.007910
 10
2.005455
 20
-7.007933
  0
LWPOLYLINE
  5
89d
330
1F
100
AcDbEntity
  8
Polycam-Floor_1-Objects-Appliances
 62
45
420
11711154
100
AcDbPolyline
 90
20
 70
0
 43
0.000000
 10
2.005455
 20
-7.007933
 10
2.002122
 20
-7.007910
 10
1.998868
 20
-7.007845
 10
1.995704
 20
-7.007738
 10
1.992642
 20
-7.007592
 10
1.989693
 20
-7.007408
 10
1.986870
 20
-7.007187
 10
1.984183
 20
-7.006933
 10
1.981644
 20
-7.006647
 10
1.979265
 20
-7.006330
 10
1.977058
 20
-7.005984
 10
1.975034
 20
-7.005611
 10
1.973204
 20
-7.005214
 10
1.971581
 20
-7.004793
 10
1.970176
 20
-7.004351
 10
1.969000
 20
-7.003889
 10
1.968065
 20
-7.003409
 10
1.967383
 20
-7.002913
 10
1.966965
 20
-7.002404
 10
1.966823
 20
-7.001881
  0
LWPOLYLINE
  5
89e
330
1F
100
AcDbEntity
  8
Polycam-Floor_1-Walls
 62
8
420
6053749
100
AcDbPolyline
 90
7
 70
0
 43
0.000000
 10
-2.452001
 20
6.026857
 10
-2.402001
 20
6.006855
 10
-2.126131
 20
6.296477
 10
-2.162335
 20
6.330962
 10
-2.198540
 20
6.365448
 10
-2.402001
 20
6.151844
 10
-2.452001
 20
6.026857
  0
LWPOLYLINE
  5
89f
330
1F
100
AcDbEntity
  8
Polycam-Floor_1-Walls
 62
8
420
6053749
100
AcDbPolyline
 90
7
 70
0
 43
0.000000
 10
2.452001
 20
6.000381
 10
2.402001
 20
5.950381
 10
2.402001
 20
-8.080441
 10
2.452001
 20
-8.130441
 10
2.502001
 20
-8.180441
 10
2.502001
 20
6.050381
 10
2.452001
 20
6.000381
  0
LWPOLYLINE
  5
8a0
330
1F
100
AcDbEntity
  8
Polycam-Floor_1-Walls
 62
8
420
6053749
100
AcDbPolyline
 90
7
 70
0
 43
0.000000
 10
2.452001
 20
-8.130441
 10
2.402001
 20
-8.080441
 10
-2.402001
 20
-8.080441
 10
-2.452001
 20
-8.130441
 10
-2.502001
 20
-8.180441
 10
2.502001
 20
-8.180441
 10
2.452001
 20
-8.130441
  0
LWPOLYLINE
  5
8a1
330
1F
100
AcDbEntity
  8
Polycam-Floor_1-Walls
 62
8
420
6053749
100
AcDbPolyline
 90
7
 70
0
 43
0.000000
 10
0.715652
 20
6.000381
 10
0.665652
 20
5.950381
 10
2.402001
 20
5.950381
 10
2.452001
 20
6.000381
 10
2.502001
 20
6.050381
 10
0.765652
 20
6.050381
 10
0.715652
 20
6.000381
  0
LWPOLYLINE
  5
8a2
330
1F
100
AcDbEntity
  8
Polycam-Floor_1-Walls
 62
8
420
6053749
100
AcDbPolyline
 90
7
 70
0
 43
0.000000
 10
0.715652
 20
6.648516
 10
0.665652
 20
6.648516
 10
0.665652
 20
5.950381
 10
0.715652
 20
6.000381
 10
0.765652
 20
6.050381
 10
0.765652
 20
6.648516
 10
0.715652
 20
6.648516
  0
LWPOLYLINE
  5
8a3
330
1F
100
AcDbEntity
  8
Polycam-Floor_1-Walls
 62
8
420
6053749
100
AcDbPolyline
 90
7
 70
0
 43
0.000000
 10
-2.452001
 20
-8.130441
 10
-2.402001
 20
-8.080441
 10
-2.402001
 20
6.006855
 10
-2.452001
 20
6.026857
 10
-2.502001
 20
6.026857
 10
-2.502001
 20
-8.180441
 10
-2.452001
 20
-8.130441
  0
LWPOLYLINE
  5
8a4
330
1F
100
AcDbEntity
  8
Polycam-Floor_1-Walls
 62
8
420
6053749
100
AcDbPolyline
 90
7
 70
0
 43
0.000000
 10
-2.452001
 20
6.026857
 10
-2.402001
 20
6.151844
 10
-2.402001
 20
8.080442
 10
-2.452001
 20
8.080442
 10
-2.502001
 20
8.080442
 10
-2.502001
 20
6.026857
 10
-2.452001
 20
6.026857
  0
LWPOLYLINE
  5
8a5
330
1F
100
AcDbEntity
  8
Polycam-Floor_1-Openings-Doors
 62
8
420
6053749
100
AcDbPolyline
 90
2
 70
0
 43
0.000000
 10
-1.380071
 20
-8.280441
 10
-1.380071
 20
-7.980441
  0
LWPOLYLINE
  5
8a6
330
1F
100
AcDbEntity
  8
Polycam-Floor_1-Openings-Doors
 62
8
420
6053749
100
AcDbPolyline
 90
2
 70
0
 43
0.000000
 10
-2.233651
 20
-7.980441
 10
-2.233651
 20
-8.280441
  0
LWPOLYLINE
  5
8a7
330
1F
100
AcDbEntity
  8
Polycam-Floor_1-Dimensions-Interior
 62
250
420
12038396
100
AcDbPolyline
 90
3
 70
0
 43
0.000000
 10
-2.252001
 20
-0.770186
 10
-2.252001
 20
6.006855
 10
-2.352001
 20
6.006855
  0
LWPOLYLINE
  5
8a8
330
1F
100
AcDbEntity
  8
Polycam-Floor_1-Dimensions-Interior
 62
250
420
12038396
100
AcDbPolyline
 90
3
 70
0
 43
0.000000
 10
-2.252001
 20
-1.303401
 10
-2.252001
 20
-8.080441
 10
-2.352001
 20
-8.080441
  0
LWPOLYLINE
  5
8a9
330
1F
100
AcDbEntity
  8
Polycam-Floor_1-Dimensions-Interior
 62
250
420
12038396
100
AcDbPolyline
 90
3
 70
0
 43
0.000000
 10
-2.252001
 20
6.882869
 10
-2.252001
 20
6.151844
 10
-2.352001
 20
6.151844
  0
LWPOLYLINE
  5
8aa
330
1F
100
AcDbEntity
  8
Polycam-Floor_1-Dimensions-Interior
 62
250
420
12038396
100
AcDbPolyline
 90
3
 70
0
 43
0.000000
 10
-2.252001
 20
7.349417
 10
-2.252001
 20
8.080442
 10
-2.352001
 20
8.080442
  0
LWPOLYLINE
  5
8ab
330
1F
100
AcDbEntity
  8
Polycam-Floor_1-Dimensions-Interior
 62
250
420
12038396
100
AcDbPolyline
 90
3
 70
0
 43
0.000000
 10
2.252001
 20
-1.331637
 10
2.252001
 20
-8.080441
 10
2.352001
 20
-8.080441
  0
LWPOLYLINE
  5
8ac
330
1F
100
AcDbEntity
  8
Polycam-Floor_1-Dimensions-Interior
 62
250
420
12038396
100
AcDbPolyline
 90
3
 70
0
 43
0.000000
 10
2.252001
 20
-0.798423
 10
2.252001
 20
5.950381
 10
2.352001
 20
5.950381
  0
LWPOLYLINE
  5
8ad
330
1F
100
AcDbEntity
  8
Polycam-Floor_1-Dimensions-Exterior
 62
255
420
0
100
AcDbPolyline
 90
3
 70
0
 43
0.000000
 10
2.652001
 20
-1.331637
 10
2.652001
 20
-8.180442
 10
2.552001
 20
-8.180442
  0
LWPOLYLINE
  5
8ae
330
1F
100
AcDbEntity
  8
Polycam-Floor_1-Dimensions-Exterior
 62
255
420
0
100
AcDbPolyline
 90
3
 70
0
 43
0.000000
 10
2.652001
 20
-0.798423
 10
2.652001
 20
6.050382
 10
2.552001
 20
6.050382
  0
LWPOLYLINE
  5
8af
330
1F
100
AcDbEntity
  8
Polycam-Floor_1-Dimensions-Exterior
 62
255
420
0
100
AcDbPolyline
 90
3
 70
0
 43
0.000000
 10
0.233274
 20
-8.330441
 10
2.502001
 20
-8.330441
 10
2.502001
 20
-8.230441
  0
LWPOLYLINE
  5
8b0
330
1F
100
AcDbEntity
  8
Polycam-Floor_1-Dimensions-Exterior
 62
255
420
0
100
AcDbPolyline
 90
3
 70
0
 43
0.000000
 10
-0.233274
 20
-8.330441
 10
-2.502001
 20
-8.330441
 10
-2.502001
 20
-8.230441
  0
LWPOLYLINE
  5
8b1
330
1F
100
AcDbEntity
  8
Polycam-Floor_1-Dimensions-Interior
 62
250
420
12038396
100
AcDbPolyline
 90
3
 70
0
 43
0.000000
 10
0.233274
 20
-7.930441
 10
2.402001
 20
-7.930441
 10
2.402001
 20
-8.030441
  0
LWPOLYLINE
  5
8b2
330
1F
100
AcDbEntity
  8
Polycam-Floor_1-Dimensions-Interior
 62
250
420
12038396
100
AcDbPolyline
 90
3
 70
0
 43
0.000000
 10
-0.233274
 20
-7.930441
 10
-2.402001
 20
-7.930441
 10
-2.402001
 20
-8.030441
  0
LWPOLYLINE
  5
8b3
330
1F
100
AcDbEntity
  8
Polycam-Floor_1-Dimensions-Interior
 62
250
420
12038396
100
AcDbPolyline
 90
3
 70
0
 43
0.000000
 10
1.767100
 20
5.800381
 10
2.402001
 20
5.800381
 10
2.402001
 20
5.900381
  0
LWPOLYLINE
  5
8b4
330
1F
100
AcDbEntity
  8
Polycam-Floor_1-Dimensions-Interior
 62
250
420
12038396
100
AcDbPolyline
 90
3
 70
0
 43
0.000000
 10
1.300553
 20
5.800381
 10
0.665652
 20
5.800381
 10
0.665652
 20
5.900381
  0
LWPOLYLINE
  5
8b5
330
1F
100
AcDbEntity
  8
Polycam-Floor_1-Dimensions-Exterior
 62
255
420
0
100
AcDbPolyline
 90
3
 70
0
 43
0.000000
 10
1.867100
 20
6.200382
 10
2.502001
 20
6.200382
 10
2.502001
 20
6.100382
  0
LWPOLYLINE
  5
8b6
330
1F
100
AcDbEntity
  8
Polycam-Floor_1-Dimensions-Exterior
 62
255
420
0
100
AcDbPolyline
 90
3
 70
0
 43
0.000000
 10
1.400553
 20
6.200382
 10
0.765652
 20
6.200382
 10
0.765652
 20
6.100382
  0
LWPOLYLINE
  5
8b7
330
1F
100
AcDbEntity
  8
Polycam-Floor_1-Dimensions-Exterior
 62
255
420
0
100
AcDbPolyline
 90
3
 70
0
 43
0.000000
 10
-2.652001
 20
-0.316607
 10
-2.652001
 20
-8.180442
 10
-2.552001
 20
-8.180442
  0
LWPOLYLINE
  5
8b8
330
1F
100
AcDbEntity
  8
Polycam-Floor_1-Dimensions-Exterior
 62
255
420
0
100
AcDbPolyline
 90
3
 70
0
 43
0.000000
 10
-2.652001
 20
0.216607
 10
-2.652001
 20
8.080442
 10
-2.552001
 20
8.080442
  0
LWPOLYLINE
  5
8b9
330
1F
100
AcDbEntity
  8
Polycam-Floor_1-Dimensions-Interior
 62
250
420
12038396
100
AcDbPolyline
 90
4
 70
0
 43
0.000000
 10
0.615652
 20
5.950381
 10
0.515652
 20
5.950381
 10
0.515652
 20
6.648516
 10
0.615652
 20
6.648516
  0
LWPOLYLINE
  5
8ba
330
1F
100
AcDbEntity
  8
Polycam-Floor_1-Dimensions-Exterior
 62
255
420
0
100
AcDbPolyline
 90
4
 70
0
 43
0.000000
 10
0.815652
 20
6.050382
 10
0.915652
 20
6.050382
 10
0.915652
 20
6.648516
 10
0.815652
 20
6.648516
  0
LWPOLYLINE
  5
8bb
330
1F
100
AcDbEntity
  8
Polycam-Compass
 62
255
420
0
100
AcDbPolyline
 90
13
 70
0
 43
0.000000
 10
2.183454
 20
9.122362
 10
2.187784
 20
9.123128
 10
2.192066
 20
9.124131
 10
2.196286
 20
9.125368
 10
2.200432
 20
9.126835
 10
2.204491
 20
9.128527
 10
2.208451
 20
9.130440
 10
2.212300
 20
9.132568
 10
2.216026
 20
9.134903
 10
2.219618
 20
9.137440
 10
2.223065
 20
9.140171
 10
2.286501
 20
8.946115
 10
2.183454
 20
9.122362
  0
LWPOLYLINE
  5
8bc
330
1F
100
AcDbEntity
  8
Polycam-Compass
 62
255
420
0
100
AcDbPolyline
 90
13
 70
0
 43
0.000000
 10
2.250817
 20
9.213259
 10
2.250051
 20
9.217589
 10
2.249048
 20
9.221871
 10
2.247811
 20
9.226091
 10
2.246344
 20
9.230237
 10
2.244652
 20
9.234296
 10
2.242739
 20
9.238256
 10
2.240611
 20
9.242105
 10
2.238276
 20
9.245831
 10
2.235739
 20
9.249423
 10
2.233008
 20
9.252870
 10
2.427064
 20
9.316307
 10
2.250817
 20
9.213259
  0
LWPOLYLINE
  5
8bd
330
1F
100
AcDbEntity
  8
Polycam-Compass
 62
255
420
0
100
AcDbPolyline
 90
13
 70
0
 43
0.000000
 10
2.159920
 20
9.280622
 10
2.155589
 20
9.279856
 10
2.151308
 20
9.278853
 10
2.147088
 20
9.277616
 10
2.142942
 20
9.276150
 10
2.138883
 20
9.274457
 10
2.134923
 20
9.272544
 10
2.131074
 20
9.270417
 10
2.127348
 20
9.268081
 10
2.123756
 20
9.265544
 10
2.120309
 20
9.262813
 10
2.056872
 20
9.456870
 10
2.159920
 20
9.280622
  0
LWPOLYLINE
  5
8be
330
1F
100
AcDbEntity
  8
Polycam-Compass
 62
255
420
0
100
AcDbPolyline
 90
13
 70
0
 43
0.000000
 10
2.092557
 20
9.189725
 10
2.093323
 20
9.185395
 10
2.094326
 20
9.181113
 10
2.095563
 20
9.176893
 10
2.097029
 20
9.172747
 10
2.098722
 20
9.168688
 10
2.100635
 20
9.164728
 10
2.102762
 20
9.160879
 10
2.105098
 20
9.157153
 10
2.107635
 20
9.153561
 10
2.110366
 20
9.150114
 10
1.916309
 20
9.086678
 10
2.092557
 20
9.189725
  0
LWPOLYLINE
  5
8bf
330
1F
100
AcDbEntity
  8
Polycam-Compass
 62
255
420
0
100
AcDbPolyline
 90
125
 70
0
 43
0.000000
 10
2.110366
 20
9.150114
 10
2.113214
 20
9.146895
 10
2.116231
 20
9.143833
 10
2.119408
 20
9.140937
 10
2.122736
 20
9.138217
 10
2.126205
 20
9.135679
 10
2.129806
 20
9.133331
 10
2.133527
 20
9.131180
 10
2.137359
 20
9.129232
 10
2.141290
 20
9.127492
 10
2.145308
 20
9.125966
 10
2.149403
 20
9.124658
 10
2.153562
 20
9.123572
 10
2.157773
 20
9.122711
 10
2.162025
 20
9.122078
 10
2.166304
 20
9.121673
 10
2.170599
 20
9.121500
 10
2.174898
 20
9.121557
 10
2.179186
 20
9.121844
 10
2.183454
 20
9.122362
 10
2.183454
 20
9.122362
 10
2.187784
 20
9.123128
 10
2.192066
 20
9.124131
 10
2.196286
 20
9.125368
 10
2.200432
 20
9.126835
 10
2.204491
 20
9.128527
 10
2.208451
 20
9.130440
 10
2.212300
 20
9.132568
 10
2.216026
 20
9.134903
 10
2.219618
 20
9.137440
 10
2.223065
 20
9.140171
 10
2.223065
 20
9.140171
 10
2.226284
 20
9.143019
 10
2.229346
 20
9.146036
 10
2.232242
 20
9.149213
 10
2.234962
 20
9.152541
 10
2.237500
 20
9.156010
 10
2.239848
 20
9.159611
 10
2.241999
 20
9.163333
 10
2.243947
 20
9.167164
 10
2.245687
 20
9.171095
 10
2.247213
 20
9.175114
 10
2.248521
 20
9.179208
 10
2.249607
 20
9.183367
 10
2.250468
 20
9.187579
 10
2.251101
 20
9.191830
 10
2.251506
 20
9.196110
 10
2.251679
 20
9.200405
 10
2.251622
 20
9.204703
 10
2.251334
 20
9.208992
 10
2.250817
 20
9.213259
 10
2.250817
 20
9.213259
 10
2.250051
 20
9.217589
 10
2.249048
 20
9.221871
 10
2.247811
 20
9.226091
 10
2.246344
 20
9.230237
 10
2.244652
 20
9.234296
 10
2.242739
 20
9.238256
 10
2.240611
 20
9.242105
 10
2.238276
 20
9.245831
 10
2.235739
 20
9.249423
 10
2.233008
 20
9.252870
 10
2.233008
 20
9.252870
 10
2.230160
 20
9.256090
 10
2.227143
 20
9.259152
 10
2.223966
 20
9.262047
 10
2.220638
 20
9.264768
 10
2.217168
 20
9.267306
 10
2.213568
 20
9.269654
 10
2.209846
 20
9.271805
 10
2.206015
 20
9.273753
 10
2.202084
 20
9.275492
 10
2.198065
 20
9.277018
 10
2.193971
 20
9.278326
 10
2.189811
 20
9.279412
 10
2.185600
 20
9.280273
 10
2.181349
 20
9.280907
 10
2.177069
 20
9.281311
 10
2.172774
 20
9.281485
 10
2.168476
 20
9.281428
 10
2.164187
 20
9.281140
 10
2.159920
 20
9.280622
 10
2.159920
 20
9.280622
 10
2.155589
 20
9.279856
 10
2.151308
 20
9.278853
 10
2.147088
 20
9.277616
 10
2.142942
 20
9.276150
 10
2.138883
 20
9.274457
 10
2.134923
 20
9.272544
 10
2.131074
 20
9.270417
 10
2.127348
 20
9.268081
 10
2.123756
 20
9.265544
 10
2.120309
 20
9.262813
 10
2.120309
 20
9.262813
 10
2.117089
 20
9.259965
 10
2.114027
 20
9.256948
 10
2.111132
 20
9.253771
 10
2.108411
 20
9.250443
 10
2.105873
 20
9.246974
 10
2.103525
 20
9.243373
 10
2.101374
 20
9.239652
 10
2.099426
 20
9.235820
 10
2.097687
 20
9.231889
 10
2.096161
 20
9.227871
 10
2.094853
 20
9.223776
 10
2.093767
 20
9.219617
 10
2.092906
 20
9.215405
 10
2.092272
 20
9.211154
 10
2.091868
 20
9.206874
 10
2.091694
 20
9.202580
 10
2.091751
 20
9.198281
 10
2.092039
 20
9.193993
 10
2.092557
 20
9.189725
 10
2.092557
 20
9.189725
 10
2.093323
 20
9.185395
 10
2.094326
 20
9.181113
 10
2.095563
 20
9.176893
 10
2.097029
 20
9.172747
 10
2.098722
 20
9.168688
 10
2.100635
 20
9.164728
 10
2.102762
 20
9.160879
 10
2.105098
 20
9.157153
 10
2.107635
 20
9.153561
 10
2.110366
 20
9.150114
 10
2.110366
 20
9.150114
  0
LWPOLYLINE
  5
8c0
330
1F
100
AcDbEntity
  8
Polycam-Scalebar
 62
255
420
0
100
AcDbPolyline
 90
2
 70
0
 43
0.000000
 10
-2.697001
 20
-9.595441
 10
-1.697001
 20
-9.595441
  0
MTEXT
  5
8c1
330
1F
100
AcDbEntity
  8
Polycam-Floor_1-Labels-Rooms
100
AcDbMText
 10
0.000000
 20
-0.954292
 30
0.000000
 40
0.098000
 41
0.321440
 71
5
 72
1
  1
\A1;Room
  7
Standard
 62
250
420
0
 50
0.000000
 73
1
 44
1.000000
1001
ACAD
  0
MTEXT
  5
8c2
330
1F
100
AcDbEntity
  8
Polycam-Floor_1-Labels-Areas
100
AcDbMText
 10
0.000000
 20
-1.149292
 30
0.000000
 40
0.084000
 41
1.308720
 71
5
 72
1
  1
\A1;70 m{\H0.7x;\S2^ ;}
  7
Standard
 62
250
420
0
 50
0.000000
 73
1
 44
1.000000
1001
ACAD
  0
MTEXT
  5
8c3
330
1F
100
AcDbEntity
  8
Polycam-Floor_1-Dimensions-Interior
100
AcDbMText
 10
-2.252001
 20
-1.036793
 30
0.000000
 40
0.084000
 41
0.482160
 71
5
 72
1
  1
\A1;14.09 m
  7
Standard
 62
250
420
12038396
 50
90.000000
 73
1
 44
1.000000
1001
ACAD
  0
MTEXT
  5
8c4
330
1F
100
AcDbEntity
  8
Polycam-Floor_1-Dimensions-Interior
100
AcDbMText
 10
-2.252001
 20
7.116143
 30
0.000000
 40
0.084000
 41
0.413280
 71
5
 72
1
  1
\A1;1.93 m
  7
Standard
 62
250
420
12038396
 50
90.000000
 73
1
 44
1.000000
1001
ACAD
  0
MTEXT
  5
8c5
330
1F
100
AcDbEntity
  8
Polycam-Floor_1-Dimensions-Interior
100
AcDbMText
 10
2.252001
 20
-1.065030
 30
0.000000
 40
0.084000
 41
0.482160
 71
5
 72
1
  1
\A1;14.03 m
  7
Standard
 62
250
420
12038396
 50
90.000000
 73
1
 44
1.000000
1001
ACAD
  0
MTEXT
  5
8c6
330
1F
100
AcDbEntity
  8
Polycam-Floor_1-Dimensions-Exterior
100
AcDbMText
 10
2.652001
 20
-1.065030
 30
0.000000
 40
0.084000
 41
0.482160
 71
5
 72
1
  1
\A1;14.23 m
  7
Standard
 62
255
420
0
 50
90.000000
 73
1
 44
1.000000
1001
ACAD
  0
MTEXT
  5
8c7
330
1F
100
AcDbEntity
  8
Polycam-Floor_1-Dimensions-Exterior
100
AcDbMText
 10
0.000000
 20
-8.330441
 30
0.000000
 40
0.084000
 41
0.413280
 71
5
 72
1
  1
\A1;5.00 m
  7
Standard
 62
255
420
0
 50
-0.000000
 73
1
 44
1.000000
1001
ACAD
  0
MTEXT
  5
8c8
330
1F
100
AcDbEntity
  8
Polycam-Floor_1-Dimensions-Interior
100
AcDbMText
 10
0.000000
 20
-7.930441
 30
0.000000
 40
0.084000
 41
0.413280
 71
5
 72
1
  1
\A1;4.80 m
  7
Standard
 62
250
420
12038396
 50
-0.000000
 73
1
 44
1.000000
1001
ACAD
  0
MTEXT
  5
8c9
330
1F
100
AcDbEntity
  8
Polycam-Floor_1-Dimensions-Interior
100
AcDbMText
 10
1.533827
 20
5.800381
 30
0.000000
 40
0.084000
 41
0.413280
 71
5
 72
1
  1
\A1;1.74 m
  7
Standard
 62
250
420
12038396
 50
-0.000000
 73
1
 44
1.000000
1001
ACAD
  0
MTEXT
  5
8ca
330
1F
100
AcDbEntity
  8
Polycam-Floor_1-Dimensions-Exterior
100
AcDbMText
 10
1.633827
 20
6.200382
 30
0.000000
 40
0.084000
 41
0.413280
 71
5
 72
1
  1
\A1;1.74 m
  7
Standard
 62
255
420
0
 50
-0.000000
 73
1
 44
1.000000
1001
ACAD
  0
MTEXT
  5
8cb
330
1F
100
AcDbEntity
  8
Polycam-Floor_1-Dimensions-Exterior
100
AcDbMText
 10
-2.652001
 20
-0.050000
 30
0.000000
 40
0.084000
 41
0.482160
 71
5
 72
1
  1
\A1;16.26 m
  7
Standard
 62
255
420
0
 50
90.000000
 73
1
 44
1.000000
1001
ACAD
  0
MTEXT
  5
8cc
330
1F
100
AcDbEntity
  8
Polycam-Floor_1-Dimensions-Interior
100
AcDbMText
 10
0.415652
 20
6.299448
 30
0.000000
 40
0.084000
 41
0.413280
 71
5
 72
1
  1
\A1;0.70 m
  7
Standard
 62
250
420
12038396
 50
90.000000
 73
1
 44
1.000000
1001
ACAD
  0
MTEXT
  5
8cd
330
1F
100
AcDbEntity
  8
Polycam-Floor_1-Dimensions-Exterior
100
AcDbMText
 10
1.015652
 20
6.349449
 30
0.000000
 40
0.084000
 41
0.413280
 71
5
 72
1
  1
\A1;0.60 m
  7
Standard
 62
255
420
0
 50
90.000000
 73
1
 44
1.000000
1001
ACAD
  0
MTEXT
  5
8ce
330
1F
100
AcDbEntity
  8
Polycam-Header
100
AcDbMText
 10
0.000000
 20
8.740442
 30
0.000000
 40
0.112000
 41
3.581760
 71
5
 72
1
  1
\A1;Approximately 73 m{\H0.7x;\S2^ ;} total
  7
Standard
 62
255
420
0
 50
0.000000
 73
1
 44
1.000000
1001
ACAD
  0
MTEXT
  5
8cf
330
1F
100
AcDbEntity
  8
Polycam-Header
100
AcDbMText
 10
0.000000
 20
9.075442
 30
0.000000
 40
0.140000
 41
3.099600
 71
5
 72
1
  1
\A1;95 Vassar St, Cambridge, MA
  7
Standard
 62
255
420
0
 50
0.000000
 73
1
 44
1.000000
1001
ACAD
  0
MTEXT
  5
8d0
330
1F
100
AcDbEntity
  8
Polycam-Header
100
AcDbMText
 10
0.000000
 20
9.462943
 30
0.000000
 40
0.210000
 41
1.549800
 71
5
 72
1
  1
\A1;Floorplan
  7
Standard
 62
255
420
0
 50
0.000000
 73
1
 44
1.000000
1001
ACAD
  0
MTEXT
  5
8d1
330
1F
100
AcDbEntity
  8
Polycam-Compass
100
AcDbMText
 10
2.620427
 20
9.031104
 30
0.000000
 40
0.112000
 41
0.091840
 71
5
 72
1
  1
\A1;N
  7
Standard
 62
255
420
0
 50
-110.791932
 73
1
 44
1.000000
1001
ACAD
  0
MTEXT
  5
8d2
330
1F
100
AcDbEntity
  8
Polycam-Logo
100
AcDbMText
 10
0.229087
 20
-9.171441
 30
0.000000
 40
0.112000
 41
0.826560
 71
5
 72
1
  1
\A1;made with
  7
Standard
 62
255
420
0
 50
0.000000
 73
1
 44
1.000000
1001
ACAD
  0
MTEXT
  5
8d3
330
1F
100
AcDbEntity
  8
Polycam-Logo
100
AcDbMText
 10
0.385714
 20
-9.430441
 30
0.000000
 40
0.196000
 41
1.125040
 71
5
 72
1
  1
\A1;polycam
  7
Standard
 62
255
420
0
 50
0.000000
 73
1
 44
1.000000
1001
ACAD
  0
MTEXT
  5
8d4
330
1F
100
AcDbEntity
  8
Polycam-Scalebar
100
AcDbMText
 10
-2.421481
 20
-9.767442
 30
0.000000
 40
0.112000
 41
0.275520
 71
5
 72
1
  1
\A1;1 m
  7
Standard
 62
255
420
0
 50
0.000000
 73
1
 44
1.000000
1001
ACAD
  0
ENDSEC
  0
SECTION
  2
OBJECTS
  0
DICTIONARY
  5
C
330
0
100
AcDbDictionary
281
     1
  3
ACAD_GROUP
350
D
  3
ACAD_LAYOUT
350
1A
  3
ACAD_PLOTSTYLENAME
350
E
  0
DICTIONARY
  5
D
102
{ACAD_REACTORS
330
C
102
}
330
C
100
AcDbDictionary
281
     1
  0
ACDBDICTIONARYWDFLT
  5
E
102
{ACAD_REACTORS
330
C
102
}
330
C
100
AcDbDictionary
281
     1
  3
Normal
350
F
100
AcDbDictionaryWithDefault
340
F
  0
ACDBPLACEHOLDER
  5
F
102
{ACAD_REACTORS
330
E
102
}
330
E
  0
DICTIONARY
  5
1A
102
{ACAD_REACTORS
330
C
102
}
330
C
100
AcDbDictionary
281
     1
  3
Layout1
350
59
  3
Layout2
350
5E
  3
Model
350
22
  0
DICTIONARY
  5
15D
330
1F
100
AcDbDictionary
280
     1
281
     1
  3
ACAD_SORTENTS
360
245
  0
DICTIONARY
  5
18E
330
2
100
AcDbDictionary
280
     1
281
     1
  0
LAYOUT
  5
22
102
{ACAD_REACTORS
330
1A
102
}
330
1A
100
AcDbPlotSettings
  1

  2
none_device
  4
ANSI_A_(8.50_x_11.00_Inches)
  6

 40
6.349999904632568
 41
19.04999923706055
 42
6.350006103515625
 43
19.04998779296875
 44
215.8999938964844
 45
279.3999938964844
 46
0.0
 47
0.0
 48
0.0
 49
0.0
140
0.0
141
0.0
142
1.0
143
2.584895464708373
 70
 11952
 72
     0
 73
     1
 74
     0
  7

 75
     0
147
0.3868628397755418
148
0.0
149
0.0
100
AcDbLayout
  1
Model
 70
     1
 71
     0
 10
0.0
 20
0.0
 11
12.0
 21
9.0
 12
0.0
 22
0.0
 32
0.0
 14
0.0
 24
0.0
 34
0.0
 15
0.0
 25
0.0
 35
0.0
146
0.0
 13
0.0
 23
0.0
 33
0.0
 16
1.0
 26
0.0
 36
0.0
 17
0.0
 27
1.0
 37
0.0
 76
     0
330
1F
  0
LAYOUT
  5
59
102
{ACAD_REACTORS
330
1A
102
}
330
1A
100
AcDbPlotSettings
  1

  2
None
  4

  6

 40
0.0
 41
0.0
 42
0.0
 43
0.0
 44
0.0
 45
0.0
 46
0.0
 47
0.0
 48
0.0
 49
0.0
140
0.0
141
0.0
142
1.0
143
1.0
 70
   688
 72
     0
 73
     0
 74
     5
  7

 75
    16
147
1.0
148
0.0
149
0.0
100
AcDbLayout
  1
Layout1
 70
     1
 71
     1
 10
0.0
 20
0.0
 11
12.0
 21
9.0
 12
0.0
 22
0.0
 32
0.0
 14
0.0
 24
0.0
 34
0.0
 15
0.0
 25
0.0
 35
0.0
146
0.0
 13
0.0
 23
0.0
 33
0.0
 16
1.0
 26
0.0
 36
0.0
 17
0.0
 27
1.0
 37
0.0
 76
     0
330
58
  0
LAYOUT
  5
5E
102
{ACAD_REACTORS
330
1A
102
}
330
1A
100
AcDbPlotSettings
  1

  2
None
  4

  6

 40
0.0
 41
0.0
 42
0.0
 43
0.0
 44
0.0
 45
0.0
 46
0.0
 47
0.0
 48
0.0
 49
0.0
140
0.0
141
0.0
142
1.0
143
1.0
 70
   688
 72
     0
 73
     0
 74
     5
  7

 75
    16
147
1.0
148
0.0
149
0.0
100
AcDbLayout
  1
Layout2
 70
     1
 71
     2
 10
0.0
 20
0.0
 11
12.0
 21
9.0
 12
0.0
 22
0.0
 32
0.0
 14
0.0
 24
0.0
 34
0.0
 15
0.0
 25
0.0
 35
0.0
146
0.0
 13
0.0
 23
0.0
 33
0.0
 16
1.0
 26
0.0
 36
0.0
 17
0.0
 27
1.0
 37
0.0
 76
     0
330
5D
  0
SORTENTSTABLE
  5
245
102
{ACAD_REACTORS
330
15D
102
}
330
15D
100
AcDbSortentsTable
330
1F
331
311
  5
31a
331
31b
  5
324
331
325
  5
32e
331
32f
  5
338
331
339
  5
342
331
343
  5
34c
331
34d
  5
356
331
357
  5
360
331
361
  5
36a
331
36b
  5
374
331
375
  5
37e
331
37f
  5
388
331
389
  5
392
331
393
  5
39c
331
39d
  5
3a6
331
3a7
  5
3b0
331
3b1
  5
3ba
  0
ENDSEC
  0
EOF
